ISO-10303-21;
HEADER;

/* File generated by Shapr3D Version 26.170.0.11783 */

FILE_DESCRIPTION(('HOOPS Exchange Step'),'2;1');

FILE_NAME('/Users/egekaygisizer/Library/Containers/com.shapr3d.shapr/Data/tmp/export/temp_export',
'2026-10-09T12:08:40+03:00',
('egekaygisizer'),
('Shapr3D Limited'),
'HOOPS Exchange 2026.3',
'Shapr3D',
'Authorized');

FILE_SCHEMA( ('AP242_MANAGED_MODEL_BASED_3D_ENGINEERING_MIM_LF {1 0 10303 442 1 1 4}') );

ENDSEC;

DATA;
#3=(NAMED_UNIT(*)PLANE_ANGLE_UNIT()SI_UNIT($,.RADIAN.));
#4=PLANE_ANGLE_MEASURE_WITH_UNIT(PLANE_ANGLE_MEASURE(0.0174532925),#3);
#5=(CONVERSION_BASED_UNIT('DEGREE',#4)NAMED_UNIT(#6)PLANE_ANGLE_UNIT());
#6=DIMENSIONAL_EXPONENTS(0.,0.,0.,0.,0.,0.,0.);
#7=(NAMED_UNIT(*)SI_UNIT($,.STERADIAN.)SOLID_ANGLE_UNIT());
#8=(LENGTH_UNIT()NAMED_UNIT(*)SI_UNIT(.MILLI.,.METRE.));
#9=UNCERTAINTY_MEASURE_WITH_UNIT(LENGTH_MEASURE(1.000000E-05),#8,'DISTANCE_ACCURACY_VALUE','Maximum Tolerance applied to model');
#10=(GEOMETRIC_REPRESENTATION_CONTEXT(3)GLOBAL_UNCERTAINTY_ASSIGNED_CONTEXT((#9))GLOBAL_UNIT_ASSIGNED_CONTEXT((#8,#5,#7))REPRESENTATION_CONTEXT('','root'));
#12=CARTESIAN_POINT('',(0.,0.,0.));
#13=DIRECTION('',(0.,0.,1.));
#14=DIRECTION('',(1.,0.,0.));
#15=AXIS2_PLACEMENT_3D('',#12,#13,#14);
#27=CARTESIAN_POINT('',(273.,-219.,6.));
#28=DIRECTION('',(0.,0.,-1.));
#29=DIRECTION('',(1.,0.,0.));
#30=AXIS2_PLACEMENT_3D('',#27,#28,#29);
#31=CYLINDRICAL_SURFACE('',#30,4.);
#32=CARTESIAN_POINT('',(273.,-223.,4.));
#33=VERTEX_POINT('',#32);
#34=CARTESIAN_POINT('',(269.,-219.,4.));
#35=VERTEX_POINT('',#34);
#36=CARTESIAN_POINT('',(273.,-219.,4.));
#37=DIRECTION('',(-0.,-0.,-1.));
#38=DIRECTION('',(1.,0.,-0.));
#39=AXIS2_PLACEMENT_3D('',#36,#37,#38);
#40=CIRCLE('',#39,4.);
#41=EDGE_CURVE('',#33,#35,#40,.T.);
#42=ORIENTED_EDGE('',*,*,#41,.T.);
#43=CARTESIAN_POINT('',(269.,-219.,0.));
#44=VERTEX_POINT('',#43);
#45=CARTESIAN_POINT('',(269.,-219.,4.));
#46=DIRECTION('',(0.,0.,-1.));
#47=VECTOR('',#46,4.);
#48=LINE('',#45,#47);
#49=EDGE_CURVE('',#35,#44,#48,.T.);
#50=ORIENTED_EDGE('',*,*,#49,.T.);
#51=CARTESIAN_POINT('',(273.,-223.,0.));
#52=VERTEX_POINT('',#51);
#53=CARTESIAN_POINT('',(273.,-219.,0.));
#54=DIRECTION('',(-0.,-0.,1.));
#55=DIRECTION('',(-1.,0.,0.));
#56=AXIS2_PLACEMENT_3D('',#53,#54,#55);
#57=CIRCLE('',#56,4.);
#58=EDGE_CURVE('',#44,#52,#57,.T.);
#59=ORIENTED_EDGE('',*,*,#58,.T.);
#60=CARTESIAN_POINT('',(273.,-223.,0.));
#61=DIRECTION('',(-0.,-0.,1.));
#62=VECTOR('',#61,4.);
#63=LINE('',#60,#62);
#64=EDGE_CURVE('',#52,#33,#63,.T.);
#65=ORIENTED_EDGE('',*,*,#64,.T.);
#66=EDGE_LOOP('',(#42,#50,#59,#65));
#67=FACE_BOUND('',#66,.T.);
#68=ADVANCED_FACE('',(#67),#31,.T.);
#69=CARTESIAN_POINT('',(269.,-213.,6.));
#70=DIRECTION('',(-1.,0.,0.));
#71=DIRECTION('',(0.,0.,-1.));
#72=AXIS2_PLACEMENT_3D('',#69,#70,#71);
#73=PLANE('',#72);
#74=CARTESIAN_POINT('',(269.,-207.,4.));
#75=VERTEX_POINT('',#74);
#76=CARTESIAN_POINT('',(269.,-207.,4.));
#77=DIRECTION('',(0.,-1.,0.));
#78=VECTOR('',#77,12.);
#79=LINE('',#76,#78);
#80=EDGE_CURVE('',#75,#35,#79,.T.);
#81=ORIENTED_EDGE('',*,*,#80,.F.);
#82=CARTESIAN_POINT('',(269.,-207.,0.));
#83=VERTEX_POINT('',#82);
#84=CARTESIAN_POINT('',(269.,-207.,0.));
#85=DIRECTION('',(-0.,-0.,1.));
#86=VECTOR('',#85,4.);
#87=LINE('',#84,#86);
#88=EDGE_CURVE('',#83,#75,#87,.T.);
#89=ORIENTED_EDGE('',*,*,#88,.F.);
#90=CARTESIAN_POINT('',(269.,-207.,0.));
#91=DIRECTION('',(0.,-1.,0.));
#92=VECTOR('',#91,12.);
#93=LINE('',#90,#92);
#94=EDGE_CURVE('',#83,#44,#93,.T.);
#95=ORIENTED_EDGE('',*,*,#94,.T.);
#96=ORIENTED_EDGE('',*,*,#49,.F.);
#97=EDGE_LOOP('',(#81,#89,#95,#96));
#98=FACE_BOUND('',#97,.T.);
#99=ADVANCED_FACE('',(#98),#73,.T.);
#100=CARTESIAN_POINT('',(265.,-207.,6.));
#101=DIRECTION('',(0.,0.,1.));
#102=DIRECTION('',(-1.,0.,0.));
#103=AXIS2_PLACEMENT_3D('',#100,#101,#102);
#104=CYLINDRICAL_SURFACE('',#103,4.);
#105=CARTESIAN_POINT('',(265.,-203.,4.));
#106=VERTEX_POINT('',#105);
#107=CARTESIAN_POINT('',(265.,-207.,4.));
#108=DIRECTION('',(0.,0.,1.));
#109=DIRECTION('',(1.,0.,-0.));
#110=AXIS2_PLACEMENT_3D('',#107,#108,#109);
#111=CIRCLE('',#110,4.);
#112=EDGE_CURVE('',#75,#106,#111,.T.);
#113=ORIENTED_EDGE('',*,*,#112,.T.);
#114=CARTESIAN_POINT('',(265.,-203.,0.));
#115=VERTEX_POINT('',#114);
#116=CARTESIAN_POINT('',(265.,-203.,4.));
#117=DIRECTION('',(0.,0.,-1.));
#118=VECTOR('',#117,4.);
#119=LINE('',#116,#118);
#120=EDGE_CURVE('',#106,#115,#119,.T.);
#121=ORIENTED_EDGE('',*,*,#120,.T.);
#122=CARTESIAN_POINT('',(265.,-207.,0.));
#123=DIRECTION('',(0.,0.,-1.));
#124=DIRECTION('',(-1.,0.,0.));
#125=AXIS2_PLACEMENT_3D('',#122,#123,#124);
#126=CIRCLE('',#125,4.);
#127=EDGE_CURVE('',#115,#83,#126,.T.);
#128=ORIENTED_EDGE('',*,*,#127,.T.);
#129=ORIENTED_EDGE('',*,*,#88,.T.);
#130=EDGE_LOOP('',(#113,#121,#128,#129));
#131=FACE_BOUND('',#130,.T.);
#132=ADVANCED_FACE('',(#131),#104,.F.);
#133=CARTESIAN_POINT('',(250.5,-203.,6.));
#134=DIRECTION('',(0.,-1.,0.));
#135=DIRECTION('',(0.,0.,-1.));
#136=AXIS2_PLACEMENT_3D('',#133,#134,#135);
#137=PLANE('',#136);
#138=CARTESIAN_POINT('',(237.,-203.,0.));
#139=VERTEX_POINT('',#138);
#140=CARTESIAN_POINT('',(237.,-203.,0.));
#141=DIRECTION('',(1.,0.,-0.));
#142=VECTOR('',#141,28.);
#143=LINE('',#140,#142);
#144=EDGE_CURVE('',#139,#115,#143,.T.);
#145=ORIENTED_EDGE('',*,*,#144,.T.);
#146=ORIENTED_EDGE('',*,*,#120,.F.);
#147=CARTESIAN_POINT('',(237.,-203.,4.));
#148=VERTEX_POINT('',#147);
#149=CARTESIAN_POINT('',(237.,-203.,4.));
#150=DIRECTION('',(1.,0.,-0.));
#151=VECTOR('',#150,28.);
#152=LINE('',#149,#151);
#153=EDGE_CURVE('',#148,#106,#152,.T.);
#154=ORIENTED_EDGE('',*,*,#153,.F.);
#155=CARTESIAN_POINT('',(237.,-203.,0.));
#156=DIRECTION('',(-0.,-0.,1.));
#157=VECTOR('',#156,4.);
#158=LINE('',#155,#157);
#159=EDGE_CURVE('',#139,#148,#158,.T.);
#160=ORIENTED_EDGE('',*,*,#159,.F.);
#161=EDGE_LOOP('',(#145,#146,#154,#160));
#162=FACE_BOUND('',#161,.T.);
#163=ADVANCED_FACE('',(#162),#137,.T.);
#164=CARTESIAN_POINT('',(237.,-199.,6.));
#165=DIRECTION('',(0.,0.,-1.));
#166=DIRECTION('',(1.,0.,0.));
#167=AXIS2_PLACEMENT_3D('',#164,#165,#166);
#168=CYLINDRICAL_SURFACE('',#167,4.);
#169=CARTESIAN_POINT('',(233.,-199.,4.));
#170=VERTEX_POINT('',#169);
#171=CARTESIAN_POINT('',(237.,-199.,4.));
#172=DIRECTION('',(-0.,-0.,-1.));
#173=DIRECTION('',(1.,0.,-0.));
#174=AXIS2_PLACEMENT_3D('',#171,#172,#173);
#175=CIRCLE('',#174,4.);
#176=EDGE_CURVE('',#148,#170,#175,.T.);
#177=ORIENTED_EDGE('',*,*,#176,.T.);
#178=CARTESIAN_POINT('',(233.,-199.,0.));
#179=VERTEX_POINT('',#178);
#180=CARTESIAN_POINT('',(233.,-199.,4.));
#181=DIRECTION('',(0.,0.,-1.));
#182=VECTOR('',#181,4.);
#183=LINE('',#180,#182);
#184=EDGE_CURVE('',#170,#179,#183,.T.);
#185=ORIENTED_EDGE('',*,*,#184,.T.);
#186=CARTESIAN_POINT('',(237.,-199.,0.));
#187=DIRECTION('',(-0.,-0.,1.));
#188=DIRECTION('',(-1.,0.,0.));
#189=AXIS2_PLACEMENT_3D('',#186,#187,#188);
#190=CIRCLE('',#189,4.);
#191=EDGE_CURVE('',#179,#139,#190,.T.);
#192=ORIENTED_EDGE('',*,*,#191,.T.);
#193=ORIENTED_EDGE('',*,*,#159,.T.);
#194=EDGE_LOOP('',(#177,#185,#192,#193));
#195=FACE_BOUND('',#194,.T.);
#196=ADVANCED_FACE('',(#195),#168,.T.);
#197=CARTESIAN_POINT('',(233.,-172.,6.));
#198=DIRECTION('',(-1.,-0.,0.));
#199=DIRECTION('',(-0.,1.,0.));
#200=AXIS2_PLACEMENT_3D('',#197,#198,#199);
#201=PLANE('',#200);
#202=CARTESIAN_POINT('',(233.,-137.8,0.));
#203=VERTEX_POINT('',#202);
#204=CARTESIAN_POINT('',(233.,-137.8,0.));
#205=DIRECTION('',(0.,-1.,0.));
#206=VECTOR('',#205,61.2);
#207=LINE('',#204,#206);
#208=EDGE_CURVE('',#203,#179,#207,.T.);
#209=ORIENTED_EDGE('',*,*,#208,.T.);
#210=ORIENTED_EDGE('',*,*,#184,.F.);
#211=CARTESIAN_POINT('',(233.,-137.8,4.));
#212=VERTEX_POINT('',#211);
#213=CARTESIAN_POINT('',(233.,-137.8,4.));
#214=DIRECTION('',(0.,-1.,0.));
#215=VECTOR('',#214,61.2);
#216=LINE('',#213,#215);
#217=EDGE_CURVE('',#212,#170,#216,.T.);
#218=ORIENTED_EDGE('',*,*,#217,.F.);
#219=CARTESIAN_POINT('',(233.,-137.8,0.));
#220=DIRECTION('',(-0.,-0.,1.));
#221=VECTOR('',#220,4.);
#222=LINE('',#219,#221);
#223=EDGE_CURVE('',#203,#212,#222,.T.);
#224=ORIENTED_EDGE('',*,*,#223,.F.);
#225=EDGE_LOOP('',(#209,#210,#218,#224));
#226=FACE_BOUND('',#225,.T.);
#227=ADVANCED_FACE('',(#226),#201,.T.);
#228=CARTESIAN_POINT('',(237.,-137.8,6.));
#229=DIRECTION('',(0.,0.,-1.));
#230=DIRECTION('',(1.,0.,0.));
#231=AXIS2_PLACEMENT_3D('',#228,#229,#230);
#232=CYLINDRICAL_SURFACE('',#231,4.);
#233=CARTESIAN_POINT('',(234.50121981,-134.676524762,4.));
#234=VERTEX_POINT('',#233);
#235=CARTESIAN_POINT('',(237.,-137.8,4.));
#236=DIRECTION('',(-0.,-0.,-1.));
#237=DIRECTION('',(1.,0.,-0.));
#238=AXIS2_PLACEMENT_3D('',#235,#236,#237);
#239=CIRCLE('',#238,4.);
#240=EDGE_CURVE('',#212,#234,#239,.T.);
#241=ORIENTED_EDGE('',*,*,#240,.T.);
#242=CARTESIAN_POINT('',(234.50121981,-134.676524762,0.));
#243=VERTEX_POINT('',#242);
#244=CARTESIAN_POINT('',(234.50121981,-134.676524762,4.));
#245=DIRECTION('',(0.,0.,-1.));
#246=VECTOR('',#245,4.);
#247=LINE('',#244,#246);
#248=EDGE_CURVE('',#234,#243,#247,.T.);
#249=ORIENTED_EDGE('',*,*,#248,.T.);
#250=CARTESIAN_POINT('',(237.,-137.8,0.));
#251=DIRECTION('',(-0.,-0.,1.));
#252=DIRECTION('',(-1.,0.,0.));
#253=AXIS2_PLACEMENT_3D('',#250,#251,#252);
#254=CIRCLE('',#253,4.);
#255=EDGE_CURVE('',#243,#203,#254,.T.);
#256=ORIENTED_EDGE('',*,*,#255,.T.);
#257=ORIENTED_EDGE('',*,*,#223,.T.);
#258=EDGE_LOOP('',(#241,#249,#256,#257));
#259=FACE_BOUND('',#258,.T.);
#260=ADVANCED_FACE('',(#259),#232,.T.);
#261=CARTESIAN_POINT('',(243.00121981,-127.876524762,6.));
#262=DIRECTION('',(-0.624695048,0.780868809,0.));
#263=DIRECTION('',(0.780868809,0.624695048,0.));
#264=AXIS2_PLACEMENT_3D('',#261,#262,#263);
#265=PLANE('',#264);
#266=CARTESIAN_POINT('',(241.49878019,-129.078476458,4.));
#267=VERTEX_POINT('',#266);
#268=CARTESIAN_POINT('',(241.49878019,-129.078476458,4.));
#269=DIRECTION('',(-0.780868809,-0.624695048,0.));
#270=VECTOR('',#269,8.961249695);
#271=LINE('',#268,#270);
#272=EDGE_CURVE('',#267,#234,#271,.T.);
#273=ORIENTED_EDGE('',*,*,#272,.F.);
#274=CARTESIAN_POINT('',(241.49878019,-129.078476458,0.));
#275=VERTEX_POINT('',#274);
#276=CARTESIAN_POINT('',(241.49878019,-129.078476458,0.));
#277=DIRECTION('',(-0.,-0.,1.));
#278=VECTOR('',#277,4.);
#279=LINE('',#276,#278);
#280=EDGE_CURVE('',#275,#267,#279,.T.);
#281=ORIENTED_EDGE('',*,*,#280,.F.);
#282=CARTESIAN_POINT('',(241.49878019,-129.078476458,0.));
#283=DIRECTION('',(-0.780868809,-0.624695048,0.));
#284=VECTOR('',#283,8.961249695);
#285=LINE('',#282,#284);
#286=EDGE_CURVE('',#275,#243,#285,.T.);
#287=ORIENTED_EDGE('',*,*,#286,.T.);
#288=ORIENTED_EDGE('',*,*,#248,.F.);
#289=EDGE_LOOP('',(#273,#281,#287,#288));
#290=FACE_BOUND('',#289,.T.);
#291=ADVANCED_FACE('',(#290),#265,.T.);
#292=CARTESIAN_POINT('',(239.,-125.95500122,6.));
#293=DIRECTION('',(0.,0.,1.));
#294=DIRECTION('',(-1.,0.,0.));
#295=AXIS2_PLACEMENT_3D('',#292,#293,#294);
#296=CYLINDRICAL_SURFACE('',#295,4.);
#297=CARTESIAN_POINT('',(243.,-125.95500122,4.));
#298=VERTEX_POINT('',#297);
#299=CARTESIAN_POINT('',(239.,-125.95500122,4.));
#300=DIRECTION('',(0.,0.,1.));
#301=DIRECTION('',(1.,0.,-0.));
#302=AXIS2_PLACEMENT_3D('',#299,#300,#301);
#303=CIRCLE('',#302,4.);
#304=EDGE_CURVE('',#267,#298,#303,.T.);
#305=ORIENTED_EDGE('',*,*,#304,.T.);
#306=CARTESIAN_POINT('',(243.,-125.95500122,0.));
#307=VERTEX_POINT('',#306);
#308=CARTESIAN_POINT('',(243.,-125.95500122,4.));
#309=DIRECTION('',(0.,0.,-1.));
#310=VECTOR('',#309,4.);
#311=LINE('',#308,#310);
#312=EDGE_CURVE('',#298,#307,#311,.T.);
#313=ORIENTED_EDGE('',*,*,#312,.T.);
#314=CARTESIAN_POINT('',(239.,-125.95500122,0.));
#315=DIRECTION('',(0.,0.,-1.));
#316=DIRECTION('',(-1.,0.,0.));
#317=AXIS2_PLACEMENT_3D('',#314,#315,#316);
#318=CIRCLE('',#317,4.);
#319=EDGE_CURVE('',#307,#275,#318,.T.);
#320=ORIENTED_EDGE('',*,*,#319,.T.);
#321=ORIENTED_EDGE('',*,*,#280,.T.);
#322=EDGE_LOOP('',(#305,#313,#320,#321));
#323=FACE_BOUND('',#322,.T.);
#324=ADVANCED_FACE('',(#323),#296,.F.);
#325=CARTESIAN_POINT('',(243.,-89.5,6.));
#326=DIRECTION('',(-1.,0.,0.));
#327=DIRECTION('',(0.,0.,-1.));
#328=AXIS2_PLACEMENT_3D('',#325,#326,#327);
#329=PLANE('',#328);
#330=CARTESIAN_POINT('',(243.,-66.,4.));
#331=VERTEX_POINT('',#330);
#332=CARTESIAN_POINT('',(243.,-66.,4.));
#333=DIRECTION('',(0.,-1.,0.));
#334=VECTOR('',#333,59.95500122);
#335=LINE('',#332,#334);
#336=EDGE_CURVE('',#331,#298,#335,.T.);
#337=ORIENTED_EDGE('',*,*,#336,.F.);
#338=CARTESIAN_POINT('',(243.,-66.,0.));
#339=VERTEX_POINT('',#338);
#340=CARTESIAN_POINT('',(243.,-66.,4.));
#341=DIRECTION('',(-0.,-0.,-1.));
#342=VECTOR('',#341,4.);
#343=LINE('',#340,#342);
#344=EDGE_CURVE('',#331,#339,#343,.T.);
#345=ORIENTED_EDGE('',*,*,#344,.T.);
#346=CARTESIAN_POINT('',(243.,-66.,0.));
#347=DIRECTION('',(0.,-1.,0.));
#348=VECTOR('',#347,59.95500122);
#349=LINE('',#346,#348);
#350=EDGE_CURVE('',#339,#307,#349,.T.);
#351=ORIENTED_EDGE('',*,*,#350,.T.);
#352=ORIENTED_EDGE('',*,*,#312,.F.);
#353=EDGE_LOOP('',(#337,#345,#351,#352));
#354=FACE_BOUND('',#353,.T.);
#355=ADVANCED_FACE('',(#354),#329,.T.);
#356=CARTESIAN_POINT('',(266.7,-72.5,3.));
#357=DIRECTION('',(0.,0.,1.));
#358=DIRECTION('',(-1.,0.,0.));
#359=AXIS2_PLACEMENT_3D('',#356,#357,#358);
#360=CYLINDRICAL_SURFACE('',#359,1.5);
#361=CARTESIAN_POINT('',(265.2,-72.5,4.));
#362=VERTEX_POINT('',#361);
#363=CARTESIAN_POINT('',(265.2,-72.5,0.));
#364=VERTEX_POINT('',#363);
#365=CARTESIAN_POINT('',(265.2,-72.5,4.));
#366=DIRECTION('',(-0.,-0.,-1.));
#367=VECTOR('',#366,4.);
#368=LINE('',#365,#367);
#369=EDGE_CURVE('',#362,#364,#368,.T.);
#370=ORIENTED_EDGE('',*,*,#369,.F.);
#371=CARTESIAN_POINT('',(268.2,-72.5,4.));
#372=VERTEX_POINT('',#371);
#373=CARTESIAN_POINT('',(266.7,-72.5,4.));
#374=DIRECTION('',(-0.,-0.,-1.));
#375=DIRECTION('',(1.,0.,-0.));
#376=AXIS2_PLACEMENT_3D('',#373,#374,#375);
#377=CIRCLE('',#376,1.5);
#378=EDGE_CURVE('',#372,#362,#377,.T.);
#379=ORIENTED_EDGE('',*,*,#378,.F.);
#380=CARTESIAN_POINT('',(266.7,-72.5,4.));
#381=DIRECTION('',(-0.,-0.,-1.));
#382=DIRECTION('',(1.,0.,-0.));
#383=AXIS2_PLACEMENT_3D('',#380,#381,#382);
#384=CIRCLE('',#383,1.5);
#385=EDGE_CURVE('',#362,#372,#384,.T.);
#386=ORIENTED_EDGE('',*,*,#385,.F.);
#387=ORIENTED_EDGE('',*,*,#369,.T.);
#388=CARTESIAN_POINT('',(266.7,-72.5,0.));
#389=DIRECTION('',(0.,0.,-1.));
#390=DIRECTION('',(-1.,0.,0.));
#391=AXIS2_PLACEMENT_3D('',#388,#389,#390);
#392=CIRCLE('',#391,1.5);
#393=EDGE_CURVE('',#364,#364,#392,.T.);
#394=ORIENTED_EDGE('',*,*,#393,.T.);
#395=EDGE_LOOP('',(#370,#379,#386,#387,#394));
#396=FACE_BOUND('',#395,.T.);
#397=ADVANCED_FACE('',(#396),#360,.F.);
#398=CARTESIAN_POINT('',(252.7,-72.5,3.));
#399=DIRECTION('',(0.,0.,1.));
#400=DIRECTION('',(-1.,0.,0.));
#401=AXIS2_PLACEMENT_3D('',#398,#399,#400);
#402=CYLINDRICAL_SURFACE('',#401,1.5);
#403=CARTESIAN_POINT('',(251.2,-72.5,4.));
#404=VERTEX_POINT('',#403);
#405=CARTESIAN_POINT('',(251.2,-72.5,0.));
#406=VERTEX_POINT('',#405);
#407=CARTESIAN_POINT('',(251.2,-72.5,4.));
#408=DIRECTION('',(-0.,-0.,-1.));
#409=VECTOR('',#408,4.);
#410=LINE('',#407,#409);
#411=EDGE_CURVE('',#404,#406,#410,.T.);
#412=ORIENTED_EDGE('',*,*,#411,.F.);
#413=CARTESIAN_POINT('',(254.2,-72.5,4.));
#414=VERTEX_POINT('',#413);
#415=CARTESIAN_POINT('',(252.7,-72.5,4.));
#416=DIRECTION('',(-0.,-0.,-1.));
#417=DIRECTION('',(1.,0.,-0.));
#418=AXIS2_PLACEMENT_3D('',#415,#416,#417);
#419=CIRCLE('',#418,1.5);
#420=EDGE_CURVE('',#414,#404,#419,.T.);
#421=ORIENTED_EDGE('',*,*,#420,.F.);
#422=CARTESIAN_POINT('',(252.7,-72.5,4.));
#423=DIRECTION('',(-0.,-0.,-1.));
#424=DIRECTION('',(1.,0.,-0.));
#425=AXIS2_PLACEMENT_3D('',#422,#423,#424);
#426=CIRCLE('',#425,1.5);
#427=EDGE_CURVE('',#404,#414,#426,.T.);
#428=ORIENTED_EDGE('',*,*,#427,.F.);
#429=ORIENTED_EDGE('',*,*,#411,.T.);
#430=CARTESIAN_POINT('',(252.7,-72.5,0.));
#431=DIRECTION('',(0.,0.,-1.));
#432=DIRECTION('',(-1.,0.,0.));
#433=AXIS2_PLACEMENT_3D('',#430,#431,#432);
#434=CIRCLE('',#433,1.5);
#435=EDGE_CURVE('',#406,#406,#434,.T.);
#436=ORIENTED_EDGE('',*,*,#435,.T.);
#437=EDGE_LOOP('',(#412,#421,#428,#429,#436));
#438=FACE_BOUND('',#437,.T.);
#439=ADVANCED_FACE('',(#438),#402,.F.);
#440=CARTESIAN_POINT('',(252.7,-88.5,3.));
#441=DIRECTION('',(0.,0.,1.));
#442=DIRECTION('',(-1.,0.,0.));
#443=AXIS2_PLACEMENT_3D('',#440,#441,#442);
#444=CYLINDRICAL_SURFACE('',#443,1.5);
#445=CARTESIAN_POINT('',(251.2,-88.5,4.));
#446=VERTEX_POINT('',#445);
#447=CARTESIAN_POINT('',(251.2,-88.5,0.));
#448=VERTEX_POINT('',#447);
#449=CARTESIAN_POINT('',(251.2,-88.5,4.));
#450=DIRECTION('',(-0.,-0.,-1.));
#451=VECTOR('',#450,4.);
#452=LINE('',#449,#451);
#453=EDGE_CURVE('',#446,#448,#452,.T.);
#454=ORIENTED_EDGE('',*,*,#453,.F.);
#455=CARTESIAN_POINT('',(254.2,-88.5,4.));
#456=VERTEX_POINT('',#455);
#457=CARTESIAN_POINT('',(252.7,-88.5,4.));
#458=DIRECTION('',(-0.,-0.,-1.));
#459=DIRECTION('',(1.,0.,-0.));
#460=AXIS2_PLACEMENT_3D('',#457,#458,#459);
#461=CIRCLE('',#460,1.5);
#462=EDGE_CURVE('',#456,#446,#461,.T.);
#463=ORIENTED_EDGE('',*,*,#462,.F.);
#464=CARTESIAN_POINT('',(252.7,-88.5,4.));
#465=DIRECTION('',(-0.,-0.,-1.));
#466=DIRECTION('',(1.,0.,-0.));
#467=AXIS2_PLACEMENT_3D('',#464,#465,#466);
#468=CIRCLE('',#467,1.5);
#469=EDGE_CURVE('',#446,#456,#468,.T.);
#470=ORIENTED_EDGE('',*,*,#469,.F.);
#471=ORIENTED_EDGE('',*,*,#453,.T.);
#472=CARTESIAN_POINT('',(252.7,-88.5,0.));
#473=DIRECTION('',(0.,0.,-1.));
#474=DIRECTION('',(-1.,0.,0.));
#475=AXIS2_PLACEMENT_3D('',#472,#473,#474);
#476=CIRCLE('',#475,1.5);
#477=EDGE_CURVE('',#448,#448,#476,.T.);
#478=ORIENTED_EDGE('',*,*,#477,.T.);
#479=EDGE_LOOP('',(#454,#463,#470,#471,#478));
#480=FACE_BOUND('',#479,.T.);
#481=ADVANCED_FACE('',(#480),#444,.F.);
#482=CARTESIAN_POINT('',(266.7,-88.5,3.));
#483=DIRECTION('',(0.,0.,1.));
#484=DIRECTION('',(-1.,0.,0.));
#485=AXIS2_PLACEMENT_3D('',#482,#483,#484);
#486=CYLINDRICAL_SURFACE('',#485,1.5);
#487=CARTESIAN_POINT('',(265.2,-88.5,4.));
#488=VERTEX_POINT('',#487);
#489=CARTESIAN_POINT('',(265.2,-88.5,0.));
#490=VERTEX_POINT('',#489);
#491=CARTESIAN_POINT('',(265.2,-88.5,4.));
#492=DIRECTION('',(-0.,-0.,-1.));
#493=VECTOR('',#492,4.);
#494=LINE('',#491,#493);
#495=EDGE_CURVE('',#488,#490,#494,.T.);
#496=ORIENTED_EDGE('',*,*,#495,.F.);
#497=CARTESIAN_POINT('',(268.2,-88.5,4.));
#498=VERTEX_POINT('',#497);
#499=CARTESIAN_POINT('',(266.7,-88.5,4.));
#500=DIRECTION('',(-0.,-0.,-1.));
#501=DIRECTION('',(1.,0.,-0.));
#502=AXIS2_PLACEMENT_3D('',#499,#500,#501);
#503=CIRCLE('',#502,1.5);
#504=EDGE_CURVE('',#498,#488,#503,.T.);
#505=ORIENTED_EDGE('',*,*,#504,.F.);
#506=CARTESIAN_POINT('',(266.7,-88.5,4.));
#507=DIRECTION('',(-0.,-0.,-1.));
#508=DIRECTION('',(1.,0.,-0.));
#509=AXIS2_PLACEMENT_3D('',#506,#507,#508);
#510=CIRCLE('',#509,1.5);
#511=EDGE_CURVE('',#488,#498,#510,.T.);
#512=ORIENTED_EDGE('',*,*,#511,.F.);
#513=ORIENTED_EDGE('',*,*,#495,.T.);
#514=CARTESIAN_POINT('',(266.7,-88.5,0.));
#515=DIRECTION('',(0.,0.,-1.));
#516=DIRECTION('',(-1.,0.,0.));
#517=AXIS2_PLACEMENT_3D('',#514,#515,#516);
#518=CIRCLE('',#517,1.5);
#519=EDGE_CURVE('',#490,#490,#518,.T.);
#520=ORIENTED_EDGE('',*,*,#519,.T.);
#521=EDGE_LOOP('',(#496,#505,#512,#513,#520));
#522=FACE_BOUND('',#521,.T.);
#523=ADVANCED_FACE('',(#522),#486,.F.);
#524=CARTESIAN_POINT('',(237.017940813,-150.178238566,-6.1));
#525=DIRECTION('',(0.,0.,1.));
#526=DIRECTION('',(-1.,0.,0.));
#527=AXIS2_PLACEMENT_3D('',#524,#525,#526);
#528=CYLINDRICAL_SURFACE('',#527,1.75);
#529=CARTESIAN_POINT('',(235.267940813,-150.178238566,4.));
#530=VERTEX_POINT('',#529);
#531=CARTESIAN_POINT('',(235.267940813,-150.178238566,0.));
#532=VERTEX_POINT('',#531);
#533=CARTESIAN_POINT('',(235.267940813,-150.178238566,4.));
#534=DIRECTION('',(-0.,-0.,-1.));
#535=VECTOR('',#534,4.);
#536=LINE('',#533,#535);
#537=EDGE_CURVE('',#530,#532,#536,.T.);
#538=ORIENTED_EDGE('',*,*,#537,.F.);
#539=CARTESIAN_POINT('',(238.767940813,-150.178238566,4.));
#540=VERTEX_POINT('',#539);
#541=CARTESIAN_POINT('',(237.017940813,-150.178238566,4.));
#542=DIRECTION('',(-0.,-0.,-1.));
#543=DIRECTION('',(1.,0.,-0.));
#544=AXIS2_PLACEMENT_3D('',#541,#542,#543);
#545=CIRCLE('',#544,1.75);
#546=EDGE_CURVE('',#540,#530,#545,.T.);
#547=ORIENTED_EDGE('',*,*,#546,.F.);
#548=CARTESIAN_POINT('',(237.017940813,-150.178238566,4.));
#549=DIRECTION('',(-0.,-0.,-1.));
#550=DIRECTION('',(1.,0.,-0.));
#551=AXIS2_PLACEMENT_3D('',#548,#549,#550);
#552=CIRCLE('',#551,1.75);
#553=EDGE_CURVE('',#530,#540,#552,.T.);
#554=ORIENTED_EDGE('',*,*,#553,.F.);
#555=ORIENTED_EDGE('',*,*,#537,.T.);
#556=CARTESIAN_POINT('',(237.017940813,-150.178238566,0.));
#557=DIRECTION('',(0.,0.,-1.));
#558=DIRECTION('',(-1.,0.,0.));
#559=AXIS2_PLACEMENT_3D('',#556,#557,#558);
#560=CIRCLE('',#559,1.75);
#561=EDGE_CURVE('',#532,#532,#560,.T.);
#562=ORIENTED_EDGE('',*,*,#561,.T.);
#563=EDGE_LOOP('',(#538,#547,#554,#555,#562));
#564=FACE_BOUND('',#563,.T.);
#565=ADVANCED_FACE('',(#564),#528,.F.);
#566=CARTESIAN_POINT('',(248.384481918,-132.360036138,-12.3));
#567=DIRECTION('',(0.,0.,1.));
#568=DIRECTION('',(-1.,0.,0.));
#569=AXIS2_PLACEMENT_3D('',#566,#567,#568);
#570=CYLINDRICAL_SURFACE('',#569,1.75);
#571=CARTESIAN_POINT('',(246.634481918,-132.360036138,4.));
#572=VERTEX_POINT('',#571);
#573=CARTESIAN_POINT('',(246.634481918,-132.360036138,0.));
#574=VERTEX_POINT('',#573);
#575=CARTESIAN_POINT('',(246.634481918,-132.360036138,4.));
#576=DIRECTION('',(-0.,-0.,-1.));
#577=VECTOR('',#576,4.);
#578=LINE('',#575,#577);
#579=EDGE_CURVE('',#572,#574,#578,.T.);
#580=ORIENTED_EDGE('',*,*,#579,.F.);
#581=CARTESIAN_POINT('',(250.134481918,-132.360036138,4.));
#582=VERTEX_POINT('',#581);
#583=CARTESIAN_POINT('',(248.384481918,-132.360036138,4.));
#584=DIRECTION('',(-0.,-0.,-1.));
#585=DIRECTION('',(1.,0.,-0.));
#586=AXIS2_PLACEMENT_3D('',#583,#584,#585);
#587=CIRCLE('',#586,1.75);
#588=EDGE_CURVE('',#582,#572,#587,.T.);
#589=ORIENTED_EDGE('',*,*,#588,.F.);
#590=CARTESIAN_POINT('',(248.384481918,-132.360036138,4.));
#591=DIRECTION('',(-0.,-0.,-1.));
#592=DIRECTION('',(1.,0.,-0.));
#593=AXIS2_PLACEMENT_3D('',#590,#591,#592);
#594=CIRCLE('',#593,1.75);
#595=EDGE_CURVE('',#572,#582,#594,.T.);
#596=ORIENTED_EDGE('',*,*,#595,.F.);
#597=ORIENTED_EDGE('',*,*,#579,.T.);
#598=CARTESIAN_POINT('',(248.384481918,-132.360036138,0.));
#599=DIRECTION('',(0.,0.,-1.));
#600=DIRECTION('',(-1.,0.,0.));
#601=AXIS2_PLACEMENT_3D('',#598,#599,#600);
#602=CIRCLE('',#601,1.75);
#603=EDGE_CURVE('',#574,#574,#602,.T.);
#604=ORIENTED_EDGE('',*,*,#603,.T.);
#605=EDGE_LOOP('',(#580,#589,#596,#597,#604));
#606=FACE_BOUND('',#605,.T.);
#607=ADVANCED_FACE('',(#606),#570,.F.);
#608=CARTESIAN_POINT('',(693.,-216.,0.));
#609=DIRECTION('',(0.,0.,1.));
#610=DIRECTION('',(1.,0.,0.));
#611=AXIS2_PLACEMENT_3D('',#608,#609,#610);
#612=PLANE('',#611);
#613=CARTESIAN_POINT('',(330.,-41.,0.));
#614=VERTEX_POINT('',#613);
#615=CARTESIAN_POINT('',(268.,-41.,0.));
#616=VERTEX_POINT('',#615);
#617=CARTESIAN_POINT('',(330.,-41.,0.));
#618=DIRECTION('',(-1.,0.,0.));
#619=VECTOR('',#618,62.);
#620=LINE('',#617,#619);
#621=EDGE_CURVE('',#614,#616,#620,.T.);
#622=ORIENTED_EDGE('',*,*,#621,.F.);
#623=CARTESIAN_POINT('',(355.,-66.,0.));
#624=VERTEX_POINT('',#623);
#625=CARTESIAN_POINT('',(330.,-66.,0.));
#626=DIRECTION('',(-0.,-0.,-1.));
#627=DIRECTION('',(1.,0.,-0.));
#628=AXIS2_PLACEMENT_3D('',#625,#626,#627);
#629=CIRCLE('',#628,25.);
#630=EDGE_CURVE('',#614,#624,#629,.T.);
#631=ORIENTED_EDGE('',*,*,#630,.T.);
#632=CARTESIAN_POINT('',(355.,-125.95500122,0.));
#633=VERTEX_POINT('',#632);
#634=CARTESIAN_POINT('',(355.,-66.,0.));
#635=DIRECTION('',(0.,-1.,0.));
#636=VECTOR('',#635,59.95500122);
#637=LINE('',#634,#636);
#638=EDGE_CURVE('',#624,#633,#637,.T.);
#639=ORIENTED_EDGE('',*,*,#638,.T.);
#640=CARTESIAN_POINT('',(356.50121981,-129.078476458,0.));
#641=VERTEX_POINT('',#640);
#642=CARTESIAN_POINT('',(359.,-125.95500122,0.));
#643=DIRECTION('',(0.,0.,1.));
#644=DIRECTION('',(1.,0.,-0.));
#645=AXIS2_PLACEMENT_3D('',#642,#643,#644);
#646=CIRCLE('',#645,4.);
#647=EDGE_CURVE('',#633,#641,#646,.T.);
#648=ORIENTED_EDGE('',*,*,#647,.T.);
#649=CARTESIAN_POINT('',(363.49878019,-134.676524762,0.));
#650=VERTEX_POINT('',#649);
#651=CARTESIAN_POINT('',(356.50121981,-129.078476458,0.));
#652=DIRECTION('',(0.780868809,-0.624695048,0.));
#653=VECTOR('',#652,8.961249695);
#654=LINE('',#651,#653);
#655=EDGE_CURVE('',#641,#650,#654,.T.);
#656=ORIENTED_EDGE('',*,*,#655,.T.);
#657=CARTESIAN_POINT('',(365.,-137.8,0.));
#658=VERTEX_POINT('',#657);
#659=CARTESIAN_POINT('',(361.,-137.8,0.));
#660=DIRECTION('',(-0.,-0.,-1.));
#661=DIRECTION('',(1.,0.,-0.));
#662=AXIS2_PLACEMENT_3D('',#659,#660,#661);
#663=CIRCLE('',#662,4.);
#664=EDGE_CURVE('',#650,#658,#663,.T.);
#665=ORIENTED_EDGE('',*,*,#664,.T.);
#666=CARTESIAN_POINT('',(365.,-199.,0.));
#667=VERTEX_POINT('',#666);
#668=CARTESIAN_POINT('',(365.,-137.8,0.));
#669=DIRECTION('',(-0.,-1.,0.));
#670=VECTOR('',#669,61.2);
#671=LINE('',#668,#670);
#672=EDGE_CURVE('',#658,#667,#671,.T.);
#673=ORIENTED_EDGE('',*,*,#672,.T.);
#674=CARTESIAN_POINT('',(361.,-203.,0.));
#675=VERTEX_POINT('',#674);
#676=CARTESIAN_POINT('',(361.,-199.,0.));
#677=DIRECTION('',(-0.,-0.,-1.));
#678=DIRECTION('',(1.,0.,-0.));
#679=AXIS2_PLACEMENT_3D('',#676,#677,#678);
#680=CIRCLE('',#679,4.);
#681=EDGE_CURVE('',#667,#675,#680,.T.);
#682=ORIENTED_EDGE('',*,*,#681,.T.);
#683=CARTESIAN_POINT('',(333.,-203.,0.));
#684=VERTEX_POINT('',#683);
#685=CARTESIAN_POINT('',(361.,-203.,0.));
#686=DIRECTION('',(-1.,0.,0.));
#687=VECTOR('',#686,28.);
#688=LINE('',#685,#687);
#689=EDGE_CURVE('',#675,#684,#688,.T.);
#690=ORIENTED_EDGE('',*,*,#689,.T.);
#691=CARTESIAN_POINT('',(329.,-207.,0.));
#692=VERTEX_POINT('',#691);
#693=CARTESIAN_POINT('',(333.,-207.,0.));
#694=DIRECTION('',(0.,0.,1.));
#695=DIRECTION('',(1.,0.,-0.));
#696=AXIS2_PLACEMENT_3D('',#693,#694,#695);
#697=CIRCLE('',#696,4.);
#698=EDGE_CURVE('',#684,#692,#697,.T.);
#699=ORIENTED_EDGE('',*,*,#698,.T.);
#700=CARTESIAN_POINT('',(329.,-219.,0.));
#701=VERTEX_POINT('',#700);
#702=CARTESIAN_POINT('',(329.,-207.,0.));
#703=DIRECTION('',(0.,-1.,0.));
#704=VECTOR('',#703,12.);
#705=LINE('',#702,#704);
#706=EDGE_CURVE('',#692,#701,#705,.T.);
#707=ORIENTED_EDGE('',*,*,#706,.T.);
#708=CARTESIAN_POINT('',(325.,-223.,0.));
#709=VERTEX_POINT('',#708);
#710=CARTESIAN_POINT('',(325.,-219.,0.));
#711=DIRECTION('',(-0.,-0.,-1.));
#712=DIRECTION('',(1.,0.,-0.));
#713=AXIS2_PLACEMENT_3D('',#710,#711,#712);
#714=CIRCLE('',#713,4.);
#715=EDGE_CURVE('',#701,#709,#714,.T.);
#716=ORIENTED_EDGE('',*,*,#715,.T.);
#717=CARTESIAN_POINT('',(273.,-223.,0.));
#718=DIRECTION('',(1.,0.,-0.));
#719=VECTOR('',#718,52.);
#720=LINE('',#717,#719);
#721=EDGE_CURVE('',#52,#709,#720,.T.);
#722=ORIENTED_EDGE('',*,*,#721,.F.);
#723=ORIENTED_EDGE('',*,*,#58,.F.);
#724=ORIENTED_EDGE('',*,*,#94,.F.);
#725=ORIENTED_EDGE('',*,*,#127,.F.);
#726=ORIENTED_EDGE('',*,*,#144,.F.);
#727=ORIENTED_EDGE('',*,*,#191,.F.);
#728=ORIENTED_EDGE('',*,*,#208,.F.);
#729=ORIENTED_EDGE('',*,*,#255,.F.);
#730=ORIENTED_EDGE('',*,*,#286,.F.);
#731=ORIENTED_EDGE('',*,*,#319,.F.);
#732=ORIENTED_EDGE('',*,*,#350,.F.);
#733=CARTESIAN_POINT('',(268.,-66.,0.));
#734=DIRECTION('',(-0.,-0.,-1.));
#735=DIRECTION('',(1.,0.,-0.));
#736=AXIS2_PLACEMENT_3D('',#733,#734,#735);
#737=CIRCLE('',#736,25.);
#738=EDGE_CURVE('',#339,#616,#737,.T.);
#739=ORIENTED_EDGE('',*,*,#738,.T.);
#740=EDGE_LOOP('',(#622,#631,#639,#648,#656,#665,#673,#682,#690,#699,#707,#716,#722,#723,#724,#725,#726,#727,#728,#729,#730,#731,#732,#739));
#741=FACE_BOUND('',#740,.T.);
#742=ORIENTED_EDGE('',*,*,#393,.F.);
#743=EDGE_LOOP('',(#742));
#744=FACE_BOUND('',#743,.T.);
#745=ORIENTED_EDGE('',*,*,#435,.F.);
#746=EDGE_LOOP('',(#745));
#747=FACE_BOUND('',#746,.T.);
#748=ORIENTED_EDGE('',*,*,#477,.F.);
#749=EDGE_LOOP('',(#748));
#750=FACE_BOUND('',#749,.T.);
#751=ORIENTED_EDGE('',*,*,#519,.F.);
#752=EDGE_LOOP('',(#751));
#753=FACE_BOUND('',#752,.T.);
#754=ORIENTED_EDGE('',*,*,#561,.F.);
#755=EDGE_LOOP('',(#754));
#756=FACE_BOUND('',#755,.T.);
#757=ORIENTED_EDGE('',*,*,#603,.F.);
#758=EDGE_LOOP('',(#757));
#759=FACE_BOUND('',#758,.T.);
#760=CARTESIAN_POINT('',(351.365518082,-132.360036138,0.));
#761=VERTEX_POINT('',#760);
#762=CARTESIAN_POINT('',(349.615518082,-132.360036138,0.));
#763=DIRECTION('',(0.,0.,1.));
#764=DIRECTION('',(1.,0.,-0.));
#765=AXIS2_PLACEMENT_3D('',#762,#763,#764);
#766=CIRCLE('',#765,1.75);
#767=EDGE_CURVE('',#761,#761,#766,.T.);
#768=ORIENTED_EDGE('',*,*,#767,.T.);
#769=EDGE_LOOP('',(#768));
#770=FACE_BOUND('',#769,.T.);
#771=CARTESIAN_POINT('',(362.732059187,-150.178238566,0.));
#772=VERTEX_POINT('',#771);
#773=CARTESIAN_POINT('',(360.982059187,-150.178238566,0.));
#774=DIRECTION('',(0.,0.,1.));
#775=DIRECTION('',(1.,0.,-0.));
#776=AXIS2_PLACEMENT_3D('',#773,#774,#775);
#777=CIRCLE('',#776,1.75);
#778=EDGE_CURVE('',#772,#772,#777,.T.);
#779=ORIENTED_EDGE('',*,*,#778,.T.);
#780=EDGE_LOOP('',(#779));
#781=FACE_BOUND('',#780,.T.);
#782=CARTESIAN_POINT('',(332.8,-88.5,0.));
#783=VERTEX_POINT('',#782);
#784=CARTESIAN_POINT('',(331.3,-88.5,0.));
#785=DIRECTION('',(0.,0.,1.));
#786=DIRECTION('',(1.,0.,-0.));
#787=AXIS2_PLACEMENT_3D('',#784,#785,#786);
#788=CIRCLE('',#787,1.5);
#789=EDGE_CURVE('',#783,#783,#788,.T.);
#790=ORIENTED_EDGE('',*,*,#789,.T.);
#791=EDGE_LOOP('',(#790));
#792=FACE_BOUND('',#791,.T.);
#793=CARTESIAN_POINT('',(346.8,-88.5,0.));
#794=VERTEX_POINT('',#793);
#795=CARTESIAN_POINT('',(345.3,-88.5,0.));
#796=DIRECTION('',(0.,0.,1.));
#797=DIRECTION('',(1.,0.,-0.));
#798=AXIS2_PLACEMENT_3D('',#795,#796,#797);
#799=CIRCLE('',#798,1.5);
#800=EDGE_CURVE('',#794,#794,#799,.T.);
#801=ORIENTED_EDGE('',*,*,#800,.T.);
#802=EDGE_LOOP('',(#801));
#803=FACE_BOUND('',#802,.T.);
#804=CARTESIAN_POINT('',(346.8,-72.5,0.));
#805=VERTEX_POINT('',#804);
#806=CARTESIAN_POINT('',(345.3,-72.5,0.));
#807=DIRECTION('',(0.,0.,1.));
#808=DIRECTION('',(1.,0.,-0.));
#809=AXIS2_PLACEMENT_3D('',#806,#807,#808);
#810=CIRCLE('',#809,1.5);
#811=EDGE_CURVE('',#805,#805,#810,.T.);
#812=ORIENTED_EDGE('',*,*,#811,.T.);
#813=EDGE_LOOP('',(#812));
#814=FACE_BOUND('',#813,.T.);
#815=CARTESIAN_POINT('',(332.8,-72.5,0.));
#816=VERTEX_POINT('',#815);
#817=CARTESIAN_POINT('',(331.3,-72.5,0.));
#818=DIRECTION('',(0.,0.,1.));
#819=DIRECTION('',(1.,0.,-0.));
#820=AXIS2_PLACEMENT_3D('',#817,#818,#819);
#821=CIRCLE('',#820,1.5);
#822=EDGE_CURVE('',#816,#816,#821,.T.);
#823=ORIENTED_EDGE('',*,*,#822,.T.);
#824=EDGE_LOOP('',(#823));
#825=FACE_BOUND('',#824,.T.);
#826=ADVANCED_FACE('',(#741,#744,#747,#750,#753,#756,#759,#770,#781,#792,#803,#814,#825),#612,.F.);
#827=CARTESIAN_POINT('',(693.,-216.,4.));
#828=DIRECTION('',(0.,0.,1.));
#829=DIRECTION('',(1.,0.,0.));
#830=AXIS2_PLACEMENT_3D('',#827,#828,#829);
#831=PLANE('',#830);
#832=CARTESIAN_POINT('',(355.,-66.,4.));
#833=VERTEX_POINT('',#832);
#834=CARTESIAN_POINT('',(355.,-125.95500122,4.));
#835=VERTEX_POINT('',#834);
#836=CARTESIAN_POINT('',(355.,-66.,4.));
#837=DIRECTION('',(0.,-1.,0.));
#838=VECTOR('',#837,59.95500122);
#839=LINE('',#836,#838);
#840=EDGE_CURVE('',#833,#835,#839,.T.);
#841=ORIENTED_EDGE('',*,*,#840,.F.);
#842=CARTESIAN_POINT('',(330.,-41.,4.));
#843=VERTEX_POINT('',#842);
#844=CARTESIAN_POINT('',(330.,-66.,4.));
#845=DIRECTION('',(0.,0.,1.));
#846=DIRECTION('',(1.,0.,-0.));
#847=AXIS2_PLACEMENT_3D('',#844,#845,#846);
#848=CIRCLE('',#847,25.);
#849=EDGE_CURVE('',#833,#843,#848,.T.);
#850=ORIENTED_EDGE('',*,*,#849,.T.);
#851=CARTESIAN_POINT('',(268.,-41.,4.));
#852=VERTEX_POINT('',#851);
#853=CARTESIAN_POINT('',(330.,-41.,4.));
#854=DIRECTION('',(-1.,0.,0.));
#855=VECTOR('',#854,62.);
#856=LINE('',#853,#855);
#857=EDGE_CURVE('',#843,#852,#856,.T.);
#858=ORIENTED_EDGE('',*,*,#857,.T.);
#859=CARTESIAN_POINT('',(268.,-66.,4.));
#860=DIRECTION('',(0.,0.,1.));
#861=DIRECTION('',(1.,0.,-0.));
#862=AXIS2_PLACEMENT_3D('',#859,#860,#861);
#863=CIRCLE('',#862,25.);
#864=EDGE_CURVE('',#852,#331,#863,.T.);
#865=ORIENTED_EDGE('',*,*,#864,.T.);
#866=ORIENTED_EDGE('',*,*,#336,.T.);
#867=ORIENTED_EDGE('',*,*,#304,.F.);
#868=ORIENTED_EDGE('',*,*,#272,.T.);
#869=ORIENTED_EDGE('',*,*,#240,.F.);
#870=ORIENTED_EDGE('',*,*,#217,.T.);
#871=ORIENTED_EDGE('',*,*,#176,.F.);
#872=ORIENTED_EDGE('',*,*,#153,.T.);
#873=ORIENTED_EDGE('',*,*,#112,.F.);
#874=ORIENTED_EDGE('',*,*,#80,.T.);
#875=ORIENTED_EDGE('',*,*,#41,.F.);
#876=CARTESIAN_POINT('',(325.,-223.,4.));
#877=VERTEX_POINT('',#876);
#878=CARTESIAN_POINT('',(273.,-223.,4.));
#879=DIRECTION('',(1.,0.,-0.));
#880=VECTOR('',#879,52.);
#881=LINE('',#878,#880);
#882=EDGE_CURVE('',#33,#877,#881,.T.);
#883=ORIENTED_EDGE('',*,*,#882,.T.);
#884=CARTESIAN_POINT('',(329.,-219.,4.));
#885=VERTEX_POINT('',#884);
#886=CARTESIAN_POINT('',(325.,-219.,4.));
#887=DIRECTION('',(0.,0.,1.));
#888=DIRECTION('',(1.,0.,-0.));
#889=AXIS2_PLACEMENT_3D('',#886,#887,#888);
#890=CIRCLE('',#889,4.);
#891=EDGE_CURVE('',#877,#885,#890,.T.);
#892=ORIENTED_EDGE('',*,*,#891,.T.);
#893=CARTESIAN_POINT('',(329.,-207.,4.));
#894=VERTEX_POINT('',#893);
#895=CARTESIAN_POINT('',(329.,-207.,4.));
#896=DIRECTION('',(0.,-1.,0.));
#897=VECTOR('',#896,12.);
#898=LINE('',#895,#897);
#899=EDGE_CURVE('',#894,#885,#898,.T.);
#900=ORIENTED_EDGE('',*,*,#899,.F.);
#901=CARTESIAN_POINT('',(333.,-203.,4.));
#902=VERTEX_POINT('',#901);
#903=CARTESIAN_POINT('',(333.,-207.,4.));
#904=DIRECTION('',(-0.,-0.,-1.));
#905=DIRECTION('',(1.,0.,-0.));
#906=AXIS2_PLACEMENT_3D('',#903,#904,#905);
#907=CIRCLE('',#906,4.);
#908=EDGE_CURVE('',#894,#902,#907,.T.);
#909=ORIENTED_EDGE('',*,*,#908,.T.);
#910=CARTESIAN_POINT('',(361.,-203.,4.));
#911=VERTEX_POINT('',#910);
#912=CARTESIAN_POINT('',(361.,-203.,4.));
#913=DIRECTION('',(-1.,0.,0.));
#914=VECTOR('',#913,28.);
#915=LINE('',#912,#914);
#916=EDGE_CURVE('',#911,#902,#915,.T.);
#917=ORIENTED_EDGE('',*,*,#916,.F.);
#918=CARTESIAN_POINT('',(365.,-199.,4.));
#919=VERTEX_POINT('',#918);
#920=CARTESIAN_POINT('',(361.,-199.,4.));
#921=DIRECTION('',(0.,0.,1.));
#922=DIRECTION('',(1.,0.,-0.));
#923=AXIS2_PLACEMENT_3D('',#920,#921,#922);
#924=CIRCLE('',#923,4.);
#925=EDGE_CURVE('',#911,#919,#924,.T.);
#926=ORIENTED_EDGE('',*,*,#925,.T.);
#927=CARTESIAN_POINT('',(365.,-137.8,4.));
#928=VERTEX_POINT('',#927);
#929=CARTESIAN_POINT('',(365.,-137.8,4.));
#930=DIRECTION('',(-0.,-1.,0.));
#931=VECTOR('',#930,61.2);
#932=LINE('',#929,#931);
#933=EDGE_CURVE('',#928,#919,#932,.T.);
#934=ORIENTED_EDGE('',*,*,#933,.F.);
#935=CARTESIAN_POINT('',(363.49878019,-134.676524762,4.));
#936=VERTEX_POINT('',#935);
#937=CARTESIAN_POINT('',(361.,-137.8,4.));
#938=DIRECTION('',(0.,0.,1.));
#939=DIRECTION('',(1.,0.,-0.));
#940=AXIS2_PLACEMENT_3D('',#937,#938,#939);
#941=CIRCLE('',#940,4.);
#942=EDGE_CURVE('',#928,#936,#941,.T.);
#943=ORIENTED_EDGE('',*,*,#942,.T.);
#944=CARTESIAN_POINT('',(356.50121981,-129.078476458,4.));
#945=VERTEX_POINT('',#944);
#946=CARTESIAN_POINT('',(356.50121981,-129.078476458,4.));
#947=DIRECTION('',(0.780868809,-0.624695048,0.));
#948=VECTOR('',#947,8.961249695);
#949=LINE('',#946,#948);
#950=EDGE_CURVE('',#945,#936,#949,.T.);
#951=ORIENTED_EDGE('',*,*,#950,.F.);
#952=CARTESIAN_POINT('',(359.,-125.95500122,4.));
#953=DIRECTION('',(-0.,-0.,-1.));
#954=DIRECTION('',(1.,0.,-0.));
#955=AXIS2_PLACEMENT_3D('',#952,#953,#954);
#956=CIRCLE('',#955,4.);
#957=EDGE_CURVE('',#945,#835,#956,.T.);
#958=ORIENTED_EDGE('',*,*,#957,.T.);
#959=EDGE_LOOP('',(#841,#850,#858,#865,#866,#867,#868,#869,#870,#871,#872,#873,#874,#875,#883,#892,#900,#909,#917,#926,#934,#943,#951,#958));
#960=FACE_BOUND('',#959,.T.);
#961=ORIENTED_EDGE('',*,*,#588,.T.);
#962=ORIENTED_EDGE('',*,*,#595,.T.);
#963=EDGE_LOOP('',(#961,#962));
#964=FACE_BOUND('',#963,.T.);
#965=ORIENTED_EDGE('',*,*,#546,.T.);
#966=ORIENTED_EDGE('',*,*,#553,.T.);
#967=EDGE_LOOP('',(#965,#966));
#968=FACE_BOUND('',#967,.T.);
#969=ORIENTED_EDGE('',*,*,#420,.T.);
#970=ORIENTED_EDGE('',*,*,#427,.T.);
#971=EDGE_LOOP('',(#969,#970));
#972=FACE_BOUND('',#971,.T.);
#973=ORIENTED_EDGE('',*,*,#504,.T.);
#974=ORIENTED_EDGE('',*,*,#511,.T.);
#975=EDGE_LOOP('',(#973,#974));
#976=FACE_BOUND('',#975,.T.);
#977=ORIENTED_EDGE('',*,*,#462,.T.);
#978=ORIENTED_EDGE('',*,*,#469,.T.);
#979=EDGE_LOOP('',(#977,#978));
#980=FACE_BOUND('',#979,.T.);
#981=ORIENTED_EDGE('',*,*,#378,.T.);
#982=ORIENTED_EDGE('',*,*,#385,.T.);
#983=EDGE_LOOP('',(#981,#982));
#984=FACE_BOUND('',#983,.T.);
#985=CARTESIAN_POINT('',(332.8,-72.5,4.));
#986=VERTEX_POINT('',#985);
#987=CARTESIAN_POINT('',(331.3,-72.5,4.));
#988=DIRECTION('',(0.,0.,1.));
#989=DIRECTION('',(1.,0.,-0.));
#990=AXIS2_PLACEMENT_3D('',#987,#988,#989);
#991=CIRCLE('',#990,1.5);
#992=EDGE_CURVE('',#986,#986,#991,.T.);
#993=ORIENTED_EDGE('',*,*,#992,.F.);
#994=EDGE_LOOP('',(#993));
#995=FACE_BOUND('',#994,.T.);
#996=CARTESIAN_POINT('',(346.8,-88.5,4.));
#997=VERTEX_POINT('',#996);
#998=CARTESIAN_POINT('',(345.3,-88.5,4.));
#999=DIRECTION('',(0.,0.,1.));
#1000=DIRECTION('',(1.,0.,-0.));
#1001=AXIS2_PLACEMENT_3D('',#998,#999,#1000);
#1002=CIRCLE('',#1001,1.5);
#1003=EDGE_CURVE('',#997,#997,#1002,.T.);
#1004=ORIENTED_EDGE('',*,*,#1003,.F.);
#1005=EDGE_LOOP('',(#1004));
#1006=FACE_BOUND('',#1005,.T.);
#1007=CARTESIAN_POINT('',(332.8,-88.5,4.));
#1008=VERTEX_POINT('',#1007);
#1009=CARTESIAN_POINT('',(331.3,-88.5,4.));
#1010=DIRECTION('',(0.,0.,1.));
#1011=DIRECTION('',(1.,0.,-0.));
#1012=AXIS2_PLACEMENT_3D('',#1009,#1010,#1011);
#1013=CIRCLE('',#1012,1.5);
#1014=EDGE_CURVE('',#1008,#1008,#1013,.T.);
#1015=ORIENTED_EDGE('',*,*,#1014,.F.);
#1016=EDGE_LOOP('',(#1015));
#1017=FACE_BOUND('',#1016,.T.);
#1018=CARTESIAN_POINT('',(346.8,-72.5,4.));
#1019=VERTEX_POINT('',#1018);
#1020=CARTESIAN_POINT('',(345.3,-72.5,4.));
#1021=DIRECTION('',(0.,0.,1.));
#1022=DIRECTION('',(1.,0.,-0.));
#1023=AXIS2_PLACEMENT_3D('',#1020,#1021,#1022);
#1024=CIRCLE('',#1023,1.5);
#1025=EDGE_CURVE('',#1019,#1019,#1024,.T.);
#1026=ORIENTED_EDGE('',*,*,#1025,.F.);
#1027=EDGE_LOOP('',(#1026));
#1028=FACE_BOUND('',#1027,.T.);
#1029=CARTESIAN_POINT('',(362.732059187,-150.178238566,4.));
#1030=VERTEX_POINT('',#1029);
#1031=CARTESIAN_POINT('',(360.982059187,-150.178238566,4.));
#1032=DIRECTION('',(0.,0.,1.));
#1033=DIRECTION('',(1.,0.,-0.));
#1034=AXIS2_PLACEMENT_3D('',#1031,#1032,#1033);
#1035=CIRCLE('',#1034,1.75);
#1036=EDGE_CURVE('',#1030,#1030,#1035,.T.);
#1037=ORIENTED_EDGE('',*,*,#1036,.F.);
#1038=EDGE_LOOP('',(#1037));
#1039=FACE_BOUND('',#1038,.T.);
#1040=CARTESIAN_POINT('',(351.365518082,-132.360036138,4.));
#1041=VERTEX_POINT('',#1040);
#1042=CARTESIAN_POINT('',(349.615518082,-132.360036138,4.));
#1043=DIRECTION('',(0.,0.,1.));
#1044=DIRECTION('',(1.,0.,-0.));
#1045=AXIS2_PLACEMENT_3D('',#1042,#1043,#1044);
#1046=CIRCLE('',#1045,1.75);
#1047=EDGE_CURVE('',#1041,#1041,#1046,.T.);
#1048=ORIENTED_EDGE('',*,*,#1047,.F.);
#1049=EDGE_LOOP('',(#1048));
#1050=FACE_BOUND('',#1049,.T.);
#1051=ADVANCED_FACE('',(#960,#964,#968,#972,#976,#980,#984,#995,#1006,#1017,#1028,#1039,#1050),#831,.T.);
#1052=CARTESIAN_POINT('',(298.,-41.,6.));
#1053=DIRECTION('',(0.,1.,0.));
#1054=DIRECTION('',(0.,0.,1.));
#1055=AXIS2_PLACEMENT_3D('',#1052,#1053,#1054);
#1056=PLANE('',#1055);
#1057=ORIENTED_EDGE('',*,*,#857,.F.);
#1058=CARTESIAN_POINT('',(330.,-41.,4.));
#1059=DIRECTION('',(-0.,-0.,-1.));
#1060=VECTOR('',#1059,4.);
#1061=LINE('',#1058,#1060);
#1062=EDGE_CURVE('',#843,#614,#1061,.T.);
#1063=ORIENTED_EDGE('',*,*,#1062,.T.);
#1064=ORIENTED_EDGE('',*,*,#621,.T.);
#1065=CARTESIAN_POINT('',(268.,-41.,0.));
#1066=DIRECTION('',(0.,0.,1.));
#1067=VECTOR('',#1066,4.);
#1068=LINE('',#1065,#1067);
#1069=EDGE_CURVE('',#616,#852,#1068,.T.);
#1070=ORIENTED_EDGE('',*,*,#1069,.T.);
#1071=EDGE_LOOP('',(#1057,#1063,#1064,#1070));
#1072=FACE_BOUND('',#1071,.T.);
#1073=ADVANCED_FACE('',(#1072),#1056,.T.);
#1074=CARTESIAN_POINT('',(298.,-223.,6.));
#1075=DIRECTION('',(0.,-1.,0.));
#1076=DIRECTION('',(0.,0.,-1.));
#1077=AXIS2_PLACEMENT_3D('',#1074,#1075,#1076);
#1078=PLANE('',#1077);
#1079=CARTESIAN_POINT('',(325.,-223.,0.));
#1080=DIRECTION('',(-0.,-0.,1.));
#1081=VECTOR('',#1080,4.);
#1082=LINE('',#1079,#1081);
#1083=EDGE_CURVE('',#709,#877,#1082,.T.);
#1084=ORIENTED_EDGE('',*,*,#1083,.T.);
#1085=ORIENTED_EDGE('',*,*,#882,.F.);
#1086=ORIENTED_EDGE('',*,*,#64,.F.);
#1087=ORIENTED_EDGE('',*,*,#721,.T.);
#1088=EDGE_LOOP('',(#1084,#1085,#1086,#1087));
#1089=FACE_BOUND('',#1088,.T.);
#1090=ADVANCED_FACE('',(#1089),#1078,.T.);
#1091=CARTESIAN_POINT('',(325.,-219.,6.));
#1092=DIRECTION('',(0.,0.,-1.));
#1093=DIRECTION('',(-1.,0.,0.));
#1094=AXIS2_PLACEMENT_3D('',#1091,#1092,#1093);
#1095=CYLINDRICAL_SURFACE('',#1094,4.);
#1096=ORIENTED_EDGE('',*,*,#891,.F.);
#1097=ORIENTED_EDGE('',*,*,#1083,.F.);
#1098=ORIENTED_EDGE('',*,*,#715,.F.);
#1099=CARTESIAN_POINT('',(329.,-219.,4.));
#1100=DIRECTION('',(0.,0.,-1.));
#1101=VECTOR('',#1100,4.);
#1102=LINE('',#1099,#1101);
#1103=EDGE_CURVE('',#885,#701,#1102,.T.);
#1104=ORIENTED_EDGE('',*,*,#1103,.F.);
#1105=EDGE_LOOP('',(#1096,#1097,#1098,#1104));
#1106=FACE_BOUND('',#1105,.T.);
#1107=ADVANCED_FACE('',(#1106),#1095,.T.);
#1108=CARTESIAN_POINT('',(329.,-213.,6.));
#1109=DIRECTION('',(1.,0.,0.));
#1110=DIRECTION('',(0.,0.,-1.));
#1111=AXIS2_PLACEMENT_3D('',#1108,#1109,#1110);
#1112=PLANE('',#1111);
#1113=ORIENTED_EDGE('',*,*,#899,.T.);
#1114=ORIENTED_EDGE('',*,*,#1103,.T.);
#1115=ORIENTED_EDGE('',*,*,#706,.F.);
#1116=CARTESIAN_POINT('',(329.,-207.,0.));
#1117=DIRECTION('',(-0.,-0.,1.));
#1118=VECTOR('',#1117,4.);
#1119=LINE('',#1116,#1118);
#1120=EDGE_CURVE('',#692,#894,#1119,.T.);
#1121=ORIENTED_EDGE('',*,*,#1120,.T.);
#1122=EDGE_LOOP('',(#1113,#1114,#1115,#1121));
#1123=FACE_BOUND('',#1122,.T.);
#1124=ADVANCED_FACE('',(#1123),#1112,.T.);
#1125=CARTESIAN_POINT('',(333.,-207.,6.));
#1126=DIRECTION('',(0.,0.,1.));
#1127=DIRECTION('',(1.,0.,-0.));
#1128=AXIS2_PLACEMENT_3D('',#1125,#1126,#1127);
#1129=CYLINDRICAL_SURFACE('',#1128,4.);
#1130=ORIENTED_EDGE('',*,*,#908,.F.);
#1131=ORIENTED_EDGE('',*,*,#1120,.F.);
#1132=ORIENTED_EDGE('',*,*,#698,.F.);
#1133=CARTESIAN_POINT('',(333.,-203.,4.));
#1134=DIRECTION('',(0.,0.,-1.));
#1135=VECTOR('',#1134,4.);
#1136=LINE('',#1133,#1135);
#1137=EDGE_CURVE('',#902,#684,#1136,.T.);
#1138=ORIENTED_EDGE('',*,*,#1137,.F.);
#1139=EDGE_LOOP('',(#1130,#1131,#1132,#1138));
#1140=FACE_BOUND('',#1139,.T.);
#1141=ADVANCED_FACE('',(#1140),#1129,.F.);
#1142=CARTESIAN_POINT('',(347.5,-203.,6.));
#1143=DIRECTION('',(0.,-1.,0.));
#1144=DIRECTION('',(0.,0.,-1.));
#1145=AXIS2_PLACEMENT_3D('',#1142,#1143,#1144);
#1146=PLANE('',#1145);
#1147=ORIENTED_EDGE('',*,*,#689,.F.);
#1148=CARTESIAN_POINT('',(361.,-203.,0.));
#1149=DIRECTION('',(-0.,-0.,1.));
#1150=VECTOR('',#1149,4.);
#1151=LINE('',#1148,#1150);
#1152=EDGE_CURVE('',#675,#911,#1151,.T.);
#1153=ORIENTED_EDGE('',*,*,#1152,.T.);
#1154=ORIENTED_EDGE('',*,*,#916,.T.);
#1155=ORIENTED_EDGE('',*,*,#1137,.T.);
#1156=EDGE_LOOP('',(#1147,#1153,#1154,#1155));
#1157=FACE_BOUND('',#1156,.T.);
#1158=ADVANCED_FACE('',(#1157),#1146,.T.);
#1159=CARTESIAN_POINT('',(361.,-199.,6.));
#1160=DIRECTION('',(0.,0.,-1.));
#1161=DIRECTION('',(-1.,0.,0.));
#1162=AXIS2_PLACEMENT_3D('',#1159,#1160,#1161);
#1163=CYLINDRICAL_SURFACE('',#1162,4.);
#1164=ORIENTED_EDGE('',*,*,#925,.F.);
#1165=ORIENTED_EDGE('',*,*,#1152,.F.);
#1166=ORIENTED_EDGE('',*,*,#681,.F.);
#1167=CARTESIAN_POINT('',(365.,-199.,4.));
#1168=DIRECTION('',(0.,0.,-1.));
#1169=VECTOR('',#1168,4.);
#1170=LINE('',#1167,#1169);
#1171=EDGE_CURVE('',#919,#667,#1170,.T.);
#1172=ORIENTED_EDGE('',*,*,#1171,.F.);
#1173=EDGE_LOOP('',(#1164,#1165,#1166,#1172));
#1174=FACE_BOUND('',#1173,.T.);
#1175=ADVANCED_FACE('',(#1174),#1163,.T.);
#1176=CARTESIAN_POINT('',(365.,-172.,6.));
#1177=DIRECTION('',(1.,-0.,0.));
#1178=DIRECTION('',(0.,1.,0.));
#1179=AXIS2_PLACEMENT_3D('',#1176,#1177,#1178);
#1180=PLANE('',#1179);
#1181=ORIENTED_EDGE('',*,*,#672,.F.);
#1182=CARTESIAN_POINT('',(365.,-137.8,0.));
#1183=DIRECTION('',(-0.,-0.,1.));
#1184=VECTOR('',#1183,4.);
#1185=LINE('',#1182,#1184);
#1186=EDGE_CURVE('',#658,#928,#1185,.T.);
#1187=ORIENTED_EDGE('',*,*,#1186,.T.);
#1188=ORIENTED_EDGE('',*,*,#933,.T.);
#1189=ORIENTED_EDGE('',*,*,#1171,.T.);
#1190=EDGE_LOOP('',(#1181,#1187,#1188,#1189));
#1191=FACE_BOUND('',#1190,.T.);
#1192=ADVANCED_FACE('',(#1191),#1180,.T.);
#1193=CARTESIAN_POINT('',(361.,-137.8,6.));
#1194=DIRECTION('',(0.,0.,-1.));
#1195=DIRECTION('',(-1.,0.,0.));
#1196=AXIS2_PLACEMENT_3D('',#1193,#1194,#1195);
#1197=CYLINDRICAL_SURFACE('',#1196,4.);
#1198=ORIENTED_EDGE('',*,*,#942,.F.);
#1199=ORIENTED_EDGE('',*,*,#1186,.F.);
#1200=ORIENTED_EDGE('',*,*,#664,.F.);
#1201=CARTESIAN_POINT('',(363.49878019,-134.676524762,4.));
#1202=DIRECTION('',(0.,0.,-1.));
#1203=VECTOR('',#1202,4.);
#1204=LINE('',#1201,#1203);
#1205=EDGE_CURVE('',#936,#650,#1204,.T.);
#1206=ORIENTED_EDGE('',*,*,#1205,.F.);
#1207=EDGE_LOOP('',(#1198,#1199,#1200,#1206));
#1208=FACE_BOUND('',#1207,.T.);
#1209=ADVANCED_FACE('',(#1208),#1197,.T.);
#1210=CARTESIAN_POINT('',(354.99878019,-127.876524762,6.));
#1211=DIRECTION('',(0.624695048,0.780868809,0.));
#1212=DIRECTION('',(-0.780868809,0.624695048,0.));
#1213=AXIS2_PLACEMENT_3D('',#1210,#1211,#1212);
#1214=PLANE('',#1213);
#1215=ORIENTED_EDGE('',*,*,#950,.T.);
#1216=ORIENTED_EDGE('',*,*,#1205,.T.);
#1217=ORIENTED_EDGE('',*,*,#655,.F.);
#1218=CARTESIAN_POINT('',(356.50121981,-129.078476458,0.));
#1219=DIRECTION('',(-0.,-0.,1.));
#1220=VECTOR('',#1219,4.);
#1221=LINE('',#1218,#1220);
#1222=EDGE_CURVE('',#641,#945,#1221,.T.);
#1223=ORIENTED_EDGE('',*,*,#1222,.T.);
#1224=EDGE_LOOP('',(#1215,#1216,#1217,#1223));
#1225=FACE_BOUND('',#1224,.T.);
#1226=ADVANCED_FACE('',(#1225),#1214,.T.);
#1227=CARTESIAN_POINT('',(359.,-125.95500122,6.));
#1228=DIRECTION('',(0.,0.,1.));
#1229=DIRECTION('',(1.,0.,-0.));
#1230=AXIS2_PLACEMENT_3D('',#1227,#1228,#1229);
#1231=CYLINDRICAL_SURFACE('',#1230,4.);
#1232=ORIENTED_EDGE('',*,*,#957,.F.);
#1233=ORIENTED_EDGE('',*,*,#1222,.F.);
#1234=ORIENTED_EDGE('',*,*,#647,.F.);
#1235=CARTESIAN_POINT('',(355.,-125.95500122,4.));
#1236=DIRECTION('',(0.,0.,-1.));
#1237=VECTOR('',#1236,4.);
#1238=LINE('',#1235,#1237);
#1239=EDGE_CURVE('',#835,#633,#1238,.T.);
#1240=ORIENTED_EDGE('',*,*,#1239,.F.);
#1241=EDGE_LOOP('',(#1232,#1233,#1234,#1240));
#1242=FACE_BOUND('',#1241,.T.);
#1243=ADVANCED_FACE('',(#1242),#1231,.F.);
#1244=CARTESIAN_POINT('',(355.,-89.5,6.));
#1245=DIRECTION('',(1.,0.,0.));
#1246=DIRECTION('',(0.,0.,-1.));
#1247=AXIS2_PLACEMENT_3D('',#1244,#1245,#1246);
#1248=PLANE('',#1247);
#1249=ORIENTED_EDGE('',*,*,#638,.F.);
#1250=CARTESIAN_POINT('',(355.,-66.,0.));
#1251=DIRECTION('',(0.,0.,1.));
#1252=VECTOR('',#1251,4.);
#1253=LINE('',#1250,#1252);
#1254=EDGE_CURVE('',#624,#833,#1253,.T.);
#1255=ORIENTED_EDGE('',*,*,#1254,.T.);
#1256=ORIENTED_EDGE('',*,*,#840,.T.);
#1257=ORIENTED_EDGE('',*,*,#1239,.T.);
#1258=EDGE_LOOP('',(#1249,#1255,#1256,#1257));
#1259=FACE_BOUND('',#1258,.T.);
#1260=ADVANCED_FACE('',(#1259),#1248,.T.);
#1261=CARTESIAN_POINT('',(331.3,-72.5,3.));
#1262=DIRECTION('',(0.,0.,1.));
#1263=DIRECTION('',(1.,0.,-0.));
#1264=AXIS2_PLACEMENT_3D('',#1261,#1262,#1263);
#1265=CYLINDRICAL_SURFACE('',#1264,1.5);
#1266=CARTESIAN_POINT('',(332.8,-72.5,4.));
#1267=DIRECTION('',(-0.,-0.,-1.));
#1268=VECTOR('',#1267,4.);
#1269=LINE('',#1266,#1268);
#1270=EDGE_CURVE('',#986,#816,#1269,.T.);
#1271=ORIENTED_EDGE('',*,*,#1270,.F.);
#1272=ORIENTED_EDGE('',*,*,#992,.T.);
#1273=ORIENTED_EDGE('',*,*,#1270,.T.);
#1274=ORIENTED_EDGE('',*,*,#822,.F.);
#1275=EDGE_LOOP('',(#1271,#1272,#1273,#1274));
#1276=FACE_BOUND('',#1275,.T.);
#1277=ADVANCED_FACE('',(#1276),#1265,.F.);
#1278=CARTESIAN_POINT('',(345.3,-72.5,3.));
#1279=DIRECTION('',(0.,0.,1.));
#1280=DIRECTION('',(1.,0.,-0.));
#1281=AXIS2_PLACEMENT_3D('',#1278,#1279,#1280);
#1282=CYLINDRICAL_SURFACE('',#1281,1.5);
#1283=CARTESIAN_POINT('',(346.8,-72.5,4.));
#1284=DIRECTION('',(-0.,-0.,-1.));
#1285=VECTOR('',#1284,4.);
#1286=LINE('',#1283,#1285);
#1287=EDGE_CURVE('',#1019,#805,#1286,.T.);
#1288=ORIENTED_EDGE('',*,*,#1287,.F.);
#1289=ORIENTED_EDGE('',*,*,#1025,.T.);
#1290=ORIENTED_EDGE('',*,*,#1287,.T.);
#1291=ORIENTED_EDGE('',*,*,#811,.F.);
#1292=EDGE_LOOP('',(#1288,#1289,#1290,#1291));
#1293=FACE_BOUND('',#1292,.T.);
#1294=ADVANCED_FACE('',(#1293),#1282,.F.);
#1295=CARTESIAN_POINT('',(345.3,-88.5,3.));
#1296=DIRECTION('',(0.,0.,1.));
#1297=DIRECTION('',(1.,0.,-0.));
#1298=AXIS2_PLACEMENT_3D('',#1295,#1296,#1297);
#1299=CYLINDRICAL_SURFACE('',#1298,1.5);
#1300=CARTESIAN_POINT('',(346.8,-88.5,4.));
#1301=DIRECTION('',(-0.,-0.,-1.));
#1302=VECTOR('',#1301,4.);
#1303=LINE('',#1300,#1302);
#1304=EDGE_CURVE('',#997,#794,#1303,.T.);
#1305=ORIENTED_EDGE('',*,*,#1304,.F.);
#1306=ORIENTED_EDGE('',*,*,#1003,.T.);
#1307=ORIENTED_EDGE('',*,*,#1304,.T.);
#1308=ORIENTED_EDGE('',*,*,#800,.F.);
#1309=EDGE_LOOP('',(#1305,#1306,#1307,#1308));
#1310=FACE_BOUND('',#1309,.T.);
#1311=ADVANCED_FACE('',(#1310),#1299,.F.);
#1312=CARTESIAN_POINT('',(331.3,-88.5,3.));
#1313=DIRECTION('',(0.,0.,1.));
#1314=DIRECTION('',(1.,0.,-0.));
#1315=AXIS2_PLACEMENT_3D('',#1312,#1313,#1314);
#1316=CYLINDRICAL_SURFACE('',#1315,1.5);
#1317=CARTESIAN_POINT('',(332.8,-88.5,4.));
#1318=DIRECTION('',(-0.,-0.,-1.));
#1319=VECTOR('',#1318,4.);
#1320=LINE('',#1317,#1319);
#1321=EDGE_CURVE('',#1008,#783,#1320,.T.);
#1322=ORIENTED_EDGE('',*,*,#1321,.F.);
#1323=ORIENTED_EDGE('',*,*,#1014,.T.);
#1324=ORIENTED_EDGE('',*,*,#1321,.T.);
#1325=ORIENTED_EDGE('',*,*,#789,.F.);
#1326=EDGE_LOOP('',(#1322,#1323,#1324,#1325));
#1327=FACE_BOUND('',#1326,.T.);
#1328=ADVANCED_FACE('',(#1327),#1316,.F.);
#1329=CARTESIAN_POINT('',(360.982059187,-150.178238566,-6.1));
#1330=DIRECTION('',(0.,0.,1.));
#1331=DIRECTION('',(1.,0.,-0.));
#1332=AXIS2_PLACEMENT_3D('',#1329,#1330,#1331);
#1333=CYLINDRICAL_SURFACE('',#1332,1.75);
#1334=CARTESIAN_POINT('',(362.732059187,-150.178238566,4.));
#1335=DIRECTION('',(-0.,-0.,-1.));
#1336=VECTOR('',#1335,4.);
#1337=LINE('',#1334,#1336);
#1338=EDGE_CURVE('',#1030,#772,#1337,.T.);
#1339=ORIENTED_EDGE('',*,*,#1338,.F.);
#1340=ORIENTED_EDGE('',*,*,#1036,.T.);
#1341=ORIENTED_EDGE('',*,*,#1338,.T.);
#1342=ORIENTED_EDGE('',*,*,#778,.F.);
#1343=EDGE_LOOP('',(#1339,#1340,#1341,#1342));
#1344=FACE_BOUND('',#1343,.T.);
#1345=ADVANCED_FACE('',(#1344),#1333,.F.);
#1346=CARTESIAN_POINT('',(349.615518082,-132.360036138,-12.3));
#1347=DIRECTION('',(0.,0.,1.));
#1348=DIRECTION('',(1.,0.,-0.));
#1349=AXIS2_PLACEMENT_3D('',#1346,#1347,#1348);
#1350=CYLINDRICAL_SURFACE('',#1349,1.75);
#1351=CARTESIAN_POINT('',(351.365518082,-132.360036138,4.));
#1352=DIRECTION('',(-0.,-0.,-1.));
#1353=VECTOR('',#1352,4.);
#1354=LINE('',#1351,#1353);
#1355=EDGE_CURVE('',#1041,#761,#1354,.T.);
#1356=ORIENTED_EDGE('',*,*,#1355,.F.);
#1357=ORIENTED_EDGE('',*,*,#1047,.T.);
#1358=ORIENTED_EDGE('',*,*,#1355,.T.);
#1359=ORIENTED_EDGE('',*,*,#767,.F.);
#1360=EDGE_LOOP('',(#1356,#1357,#1358,#1359));
#1361=FACE_BOUND('',#1360,.T.);
#1362=ADVANCED_FACE('',(#1361),#1350,.F.);
#1363=CARTESIAN_POINT('',(330.,-66.,6.));
#1364=DIRECTION('',(0.,0.,1.));
#1365=DIRECTION('',(1.,0.,-0.));
#1366=AXIS2_PLACEMENT_3D('',#1363,#1364,#1365);
#1367=CYLINDRICAL_SURFACE('',#1366,25.);
#1368=ORIENTED_EDGE('',*,*,#630,.F.);
#1369=ORIENTED_EDGE('',*,*,#1062,.F.);
#1370=ORIENTED_EDGE('',*,*,#849,.F.);
#1371=ORIENTED_EDGE('',*,*,#1254,.F.);
#1372=EDGE_LOOP('',(#1368,#1369,#1370,#1371));
#1373=FACE_BOUND('',#1372,.T.);
#1374=ADVANCED_FACE('',(#1373),#1367,.T.);
#1375=CARTESIAN_POINT('',(268.,-66.,6.));
#1376=DIRECTION('',(0.,0.,1.));
#1377=DIRECTION('',(1.,0.,-0.));
#1378=AXIS2_PLACEMENT_3D('',#1375,#1376,#1377);
#1379=CYLINDRICAL_SURFACE('',#1378,25.);
#1380=ORIENTED_EDGE('',*,*,#738,.F.);
#1381=ORIENTED_EDGE('',*,*,#344,.F.);
#1382=ORIENTED_EDGE('',*,*,#864,.F.);
#1383=ORIENTED_EDGE('',*,*,#1069,.F.);
#1384=EDGE_LOOP('',(#1380,#1381,#1382,#1383));
#1385=FACE_BOUND('',#1384,.T.);
#1386=ADVANCED_FACE('',(#1385),#1379,.T.);
#1387=CLOSED_SHELL('',(#68,#99,#132,#163,#196,#227,#260,#291,#324,#355,#397,#439,#481,#523,#565,#607,#826,#1051,#1073,#1090,#1107,#1124,#1141,#1158,#1175,#1192,
#1209,#1226,#1243,#1260,#1277,#1294,#1311,#1328,#1345,#1362,#1374,#1386));
#1388=MANIFOLD_SOLID_BREP('Body 01 (3)',#1387);
#1389=COLOUR_RGB('',0.627451003,0.627451003,0.643137276);
#1390=FILL_AREA_STYLE_COLOUR('',#1389);
#1391=FILL_AREA_STYLE('',(#1390));
#1392=SURFACE_STYLE_FILL_AREA(#1391);
#1393=SURFACE_SIDE_STYLE('',(#1392));
#1394=SURFACE_STYLE_USAGE(.BOTH.,#1393);
#1395=PRESENTATION_STYLE_ASSIGNMENT((#1394));
#26=STYLED_ITEM('',(#1395),#1388);
#1397=CARTESIAN_POINT('',(445.,-209.,6.));
#1398=DIRECTION('',(0.,0.,-1.));
#1399=DIRECTION('',(1.,0.,0.));
#1400=AXIS2_PLACEMENT_3D('',#1397,#1398,#1399);
#1401=CYLINDRICAL_SURFACE('',#1400,4.);
#1402=CARTESIAN_POINT('',(445.,-213.,4.));
#1403=VERTEX_POINT('',#1402);
#1404=CARTESIAN_POINT('',(441.,-209.,4.));
#1405=VERTEX_POINT('',#1404);
#1406=CARTESIAN_POINT('',(445.,-209.,4.));
#1407=DIRECTION('',(-0.,-0.,-1.));
#1408=DIRECTION('',(1.,0.,-0.));
#1409=AXIS2_PLACEMENT_3D('',#1406,#1407,#1408);
#1410=CIRCLE('',#1409,4.);
#1411=EDGE_CURVE('',#1403,#1405,#1410,.T.);
#1412=ORIENTED_EDGE('',*,*,#1411,.T.);
#1413=CARTESIAN_POINT('',(441.,-209.,0.));
#1414=VERTEX_POINT('',#1413);
#1415=CARTESIAN_POINT('',(441.,-209.,4.));
#1416=DIRECTION('',(0.,0.,-1.));
#1417=VECTOR('',#1416,4.);
#1418=LINE('',#1415,#1417);
#1419=EDGE_CURVE('',#1405,#1414,#1418,.T.);
#1420=ORIENTED_EDGE('',*,*,#1419,.T.);
#1421=CARTESIAN_POINT('',(445.,-213.,0.));
#1422=VERTEX_POINT('',#1421);
#1423=CARTESIAN_POINT('',(445.,-209.,0.));
#1424=DIRECTION('',(-0.,-0.,1.));
#1425=DIRECTION('',(-1.,0.,0.));
#1426=AXIS2_PLACEMENT_3D('',#1423,#1424,#1425);
#1427=CIRCLE('',#1426,4.);
#1428=EDGE_CURVE('',#1414,#1422,#1427,.T.);
#1429=ORIENTED_EDGE('',*,*,#1428,.T.);
#1430=CARTESIAN_POINT('',(445.,-213.,0.));
#1431=DIRECTION('',(-0.,-0.,1.));
#1432=VECTOR('',#1431,4.);
#1433=LINE('',#1430,#1432);
#1434=EDGE_CURVE('',#1422,#1403,#1433,.T.);
#1435=ORIENTED_EDGE('',*,*,#1434,.T.);
#1436=EDGE_LOOP('',(#1412,#1420,#1429,#1435));
#1437=FACE_BOUND('',#1436,.T.);
#1438=ADVANCED_FACE('',(#1437),#1401,.T.);
#1439=CARTESIAN_POINT('',(441.,-203.,6.));
#1440=DIRECTION('',(-1.,0.,0.));
#1441=DIRECTION('',(0.,0.,-1.));
#1442=AXIS2_PLACEMENT_3D('',#1439,#1440,#1441);
#1443=PLANE('',#1442);
#1444=CARTESIAN_POINT('',(441.,-197.,4.));
#1445=VERTEX_POINT('',#1444);
#1446=CARTESIAN_POINT('',(441.,-197.,4.));
#1447=DIRECTION('',(0.,-1.,0.));
#1448=VECTOR('',#1447,12.);
#1449=LINE('',#1446,#1448);
#1450=EDGE_CURVE('',#1445,#1405,#1449,.T.);
#1451=ORIENTED_EDGE('',*,*,#1450,.F.);
#1452=CARTESIAN_POINT('',(441.,-197.,0.));
#1453=VERTEX_POINT('',#1452);
#1454=CARTESIAN_POINT('',(441.,-197.,0.));
#1455=DIRECTION('',(-0.,-0.,1.));
#1456=VECTOR('',#1455,4.);
#1457=LINE('',#1454,#1456);
#1458=EDGE_CURVE('',#1453,#1445,#1457,.T.);
#1459=ORIENTED_EDGE('',*,*,#1458,.F.);
#1460=CARTESIAN_POINT('',(441.,-197.,0.));
#1461=DIRECTION('',(0.,-1.,0.));
#1462=VECTOR('',#1461,12.);
#1463=LINE('',#1460,#1462);
#1464=EDGE_CURVE('',#1453,#1414,#1463,.T.);
#1465=ORIENTED_EDGE('',*,*,#1464,.T.);
#1466=ORIENTED_EDGE('',*,*,#1419,.F.);
#1467=EDGE_LOOP('',(#1451,#1459,#1465,#1466));
#1468=FACE_BOUND('',#1467,.T.);
#1469=ADVANCED_FACE('',(#1468),#1443,.T.);
#1470=CARTESIAN_POINT('',(437.,-197.,6.));
#1471=DIRECTION('',(0.,0.,1.));
#1472=DIRECTION('',(-1.,0.,0.));
#1473=AXIS2_PLACEMENT_3D('',#1470,#1471,#1472);
#1474=CYLINDRICAL_SURFACE('',#1473,4.);
#1475=CARTESIAN_POINT('',(437.,-193.,4.));
#1476=VERTEX_POINT('',#1475);
#1477=CARTESIAN_POINT('',(437.,-197.,4.));
#1478=DIRECTION('',(0.,0.,1.));
#1479=DIRECTION('',(1.,0.,-0.));
#1480=AXIS2_PLACEMENT_3D('',#1477,#1478,#1479);
#1481=CIRCLE('',#1480,4.);
#1482=EDGE_CURVE('',#1445,#1476,#1481,.T.);
#1483=ORIENTED_EDGE('',*,*,#1482,.T.);
#1484=CARTESIAN_POINT('',(437.,-193.,0.));
#1485=VERTEX_POINT('',#1484);
#1486=CARTESIAN_POINT('',(437.,-193.,4.));
#1487=DIRECTION('',(0.,0.,-1.));
#1488=VECTOR('',#1487,4.);
#1489=LINE('',#1486,#1488);
#1490=EDGE_CURVE('',#1476,#1485,#1489,.T.);
#1491=ORIENTED_EDGE('',*,*,#1490,.T.);
#1492=CARTESIAN_POINT('',(437.,-197.,0.));
#1493=DIRECTION('',(0.,0.,-1.));
#1494=DIRECTION('',(-1.,0.,0.));
#1495=AXIS2_PLACEMENT_3D('',#1492,#1493,#1494);
#1496=CIRCLE('',#1495,4.);
#1497=EDGE_CURVE('',#1485,#1453,#1496,.T.);
#1498=ORIENTED_EDGE('',*,*,#1497,.T.);
#1499=ORIENTED_EDGE('',*,*,#1458,.T.);
#1500=EDGE_LOOP('',(#1483,#1491,#1498,#1499));
#1501=FACE_BOUND('',#1500,.T.);
#1502=ADVANCED_FACE('',(#1501),#1474,.F.);
#1503=CARTESIAN_POINT('',(423.5,-193.,6.));
#1504=DIRECTION('',(0.,-1.,0.));
#1505=DIRECTION('',(0.,0.,-1.));
#1506=AXIS2_PLACEMENT_3D('',#1503,#1504,#1505);
#1507=PLANE('',#1506);
#1508=CARTESIAN_POINT('',(410.,-193.,0.));
#1509=VERTEX_POINT('',#1508);
#1510=CARTESIAN_POINT('',(410.,-193.,0.));
#1511=DIRECTION('',(1.,0.,-0.));
#1512=VECTOR('',#1511,27.);
#1513=LINE('',#1510,#1512);
#1514=EDGE_CURVE('',#1509,#1485,#1513,.T.);
#1515=ORIENTED_EDGE('',*,*,#1514,.T.);
#1516=ORIENTED_EDGE('',*,*,#1490,.F.);
#1517=CARTESIAN_POINT('',(410.,-193.,4.));
#1518=VERTEX_POINT('',#1517);
#1519=CARTESIAN_POINT('',(410.,-193.,4.));
#1520=DIRECTION('',(1.,0.,-0.));
#1521=VECTOR('',#1520,27.);
#1522=LINE('',#1519,#1521);
#1523=EDGE_CURVE('',#1518,#1476,#1522,.T.);
#1524=ORIENTED_EDGE('',*,*,#1523,.F.);
#1525=CARTESIAN_POINT('',(410.,-193.,0.));
#1526=DIRECTION('',(-0.,-0.,1.));
#1527=VECTOR('',#1526,4.);
#1528=LINE('',#1525,#1527);
#1529=EDGE_CURVE('',#1509,#1518,#1528,.T.);
#1530=ORIENTED_EDGE('',*,*,#1529,.F.);
#1531=EDGE_LOOP('',(#1515,#1516,#1524,#1530));
#1532=FACE_BOUND('',#1531,.T.);
#1533=ADVANCED_FACE('',(#1532),#1507,.T.);
#1534=CARTESIAN_POINT('',(410.,-189.,6.));
#1535=DIRECTION('',(0.,0.,-1.));
#1536=DIRECTION('',(1.,0.,0.));
#1537=AXIS2_PLACEMENT_3D('',#1534,#1535,#1536);
#1538=CYLINDRICAL_SURFACE('',#1537,4.);
#1539=CARTESIAN_POINT('',(406.,-189.,4.));
#1540=VERTEX_POINT('',#1539);
#1541=CARTESIAN_POINT('',(410.,-189.,4.));
#1542=DIRECTION('',(-0.,-0.,-1.));
#1543=DIRECTION('',(1.,0.,-0.));
#1544=AXIS2_PLACEMENT_3D('',#1541,#1542,#1543);
#1545=CIRCLE('',#1544,4.);
#1546=EDGE_CURVE('',#1518,#1540,#1545,.T.);
#1547=ORIENTED_EDGE('',*,*,#1546,.T.);
#1548=CARTESIAN_POINT('',(406.,-189.,0.));
#1549=VERTEX_POINT('',#1548);
#1550=CARTESIAN_POINT('',(406.,-189.,4.));
#1551=DIRECTION('',(0.,0.,-1.));
#1552=VECTOR('',#1551,4.);
#1553=LINE('',#1550,#1552);
#1554=EDGE_CURVE('',#1540,#1549,#1553,.T.);
#1555=ORIENTED_EDGE('',*,*,#1554,.T.);
#1556=CARTESIAN_POINT('',(410.,-189.,0.));
#1557=DIRECTION('',(-0.,-0.,1.));
#1558=DIRECTION('',(-1.,0.,0.));
#1559=AXIS2_PLACEMENT_3D('',#1556,#1557,#1558);
#1560=CIRCLE('',#1559,4.);
#1561=EDGE_CURVE('',#1549,#1509,#1560,.T.);
#1562=ORIENTED_EDGE('',*,*,#1561,.T.);
#1563=ORIENTED_EDGE('',*,*,#1529,.T.);
#1564=EDGE_LOOP('',(#1547,#1555,#1562,#1563));
#1565=FACE_BOUND('',#1564,.T.);
#1566=ADVANCED_FACE('',(#1565),#1538,.T.);
#1567=CARTESIAN_POINT('',(406.,-162.,6.));
#1568=DIRECTION('',(-1.,-0.,0.));
#1569=DIRECTION('',(-0.,1.,0.));
#1570=AXIS2_PLACEMENT_3D('',#1567,#1568,#1569);
#1571=PLANE('',#1570);
#1572=CARTESIAN_POINT('',(406.,-127.8,0.));
#1573=VERTEX_POINT('',#1572);
#1574=CARTESIAN_POINT('',(406.,-127.8,0.));
#1575=DIRECTION('',(0.,-1.,0.));
#1576=VECTOR('',#1575,61.2);
#1577=LINE('',#1574,#1576);
#1578=EDGE_CURVE('',#1573,#1549,#1577,.T.);
#1579=ORIENTED_EDGE('',*,*,#1578,.T.);
#1580=ORIENTED_EDGE('',*,*,#1554,.F.);
#1581=CARTESIAN_POINT('',(406.,-127.8,4.));
#1582=VERTEX_POINT('',#1581);
#1583=CARTESIAN_POINT('',(406.,-127.8,4.));
#1584=DIRECTION('',(0.,-1.,0.));
#1585=VECTOR('',#1584,61.2);
#1586=LINE('',#1583,#1585);
#1587=EDGE_CURVE('',#1582,#1540,#1586,.T.);
#1588=ORIENTED_EDGE('',*,*,#1587,.F.);
#1589=CARTESIAN_POINT('',(406.,-127.8,0.));
#1590=DIRECTION('',(-0.,-0.,1.));
#1591=VECTOR('',#1590,4.);
#1592=LINE('',#1589,#1591);
#1593=EDGE_CURVE('',#1573,#1582,#1592,.T.);
#1594=ORIENTED_EDGE('',*,*,#1593,.F.);
#1595=EDGE_LOOP('',(#1579,#1580,#1588,#1594));
#1596=FACE_BOUND('',#1595,.T.);
#1597=ADVANCED_FACE('',(#1596),#1571,.T.);
#1598=CARTESIAN_POINT('',(410.,-127.8,6.));
#1599=DIRECTION('',(0.,0.,-1.));
#1600=DIRECTION('',(1.,0.,0.));
#1601=AXIS2_PLACEMENT_3D('',#1598,#1599,#1600);
#1602=CYLINDRICAL_SURFACE('',#1601,4.);
#1603=CARTESIAN_POINT('',(407.50121981,-124.676524762,4.));
#1604=VERTEX_POINT('',#1603);
#1605=CARTESIAN_POINT('',(410.,-127.8,4.));
#1606=DIRECTION('',(-0.,-0.,-1.));
#1607=DIRECTION('',(1.,0.,-0.));
#1608=AXIS2_PLACEMENT_3D('',#1605,#1606,#1607);
#1609=CIRCLE('',#1608,4.);
#1610=EDGE_CURVE('',#1582,#1604,#1609,.T.);
#1611=ORIENTED_EDGE('',*,*,#1610,.T.);
#1612=CARTESIAN_POINT('',(407.50121981,-124.676524762,0.));
#1613=VERTEX_POINT('',#1612);
#1614=CARTESIAN_POINT('',(407.50121981,-124.676524762,4.));
#1615=DIRECTION('',(0.,0.,-1.));
#1616=VECTOR('',#1615,4.);
#1617=LINE('',#1614,#1616);
#1618=EDGE_CURVE('',#1604,#1613,#1617,.T.);
#1619=ORIENTED_EDGE('',*,*,#1618,.T.);
#1620=CARTESIAN_POINT('',(410.,-127.8,0.));
#1621=DIRECTION('',(-0.,-0.,1.));
#1622=DIRECTION('',(-1.,0.,0.));
#1623=AXIS2_PLACEMENT_3D('',#1620,#1621,#1622);
#1624=CIRCLE('',#1623,4.);
#1625=EDGE_CURVE('',#1613,#1573,#1624,.T.);
#1626=ORIENTED_EDGE('',*,*,#1625,.T.);
#1627=ORIENTED_EDGE('',*,*,#1593,.T.);
#1628=EDGE_LOOP('',(#1611,#1619,#1626,#1627));
#1629=FACE_BOUND('',#1628,.T.);
#1630=ADVANCED_FACE('',(#1629),#1602,.T.);
#1631=CARTESIAN_POINT('',(416.00121981,-117.876524762,6.));
#1632=DIRECTION('',(-0.624695048,0.780868809,0.));
#1633=DIRECTION('',(0.780868809,0.624695048,0.));
#1634=AXIS2_PLACEMENT_3D('',#1631,#1632,#1633);
#1635=PLANE('',#1634);
#1636=CARTESIAN_POINT('',(414.49878019,-119.078476458,4.));
#1637=VERTEX_POINT('',#1636);
#1638=CARTESIAN_POINT('',(414.49878019,-119.078476458,4.));
#1639=DIRECTION('',(-0.780868809,-0.624695048,0.));
#1640=VECTOR('',#1639,8.961249695);
#1641=LINE('',#1638,#1640);
#1642=EDGE_CURVE('',#1637,#1604,#1641,.T.);
#1643=ORIENTED_EDGE('',*,*,#1642,.F.);
#1644=CARTESIAN_POINT('',(414.49878019,-119.078476458,0.));
#1645=VERTEX_POINT('',#1644);
#1646=CARTESIAN_POINT('',(414.49878019,-119.078476458,0.));
#1647=DIRECTION('',(-0.,-0.,1.));
#1648=VECTOR('',#1647,4.);
#1649=LINE('',#1646,#1648);
#1650=EDGE_CURVE('',#1645,#1637,#1649,.T.);
#1651=ORIENTED_EDGE('',*,*,#1650,.F.);
#1652=CARTESIAN_POINT('',(414.49878019,-119.078476458,0.));
#1653=DIRECTION('',(-0.780868809,-0.624695048,0.));
#1654=VECTOR('',#1653,8.961249695);
#1655=LINE('',#1652,#1654);
#1656=EDGE_CURVE('',#1645,#1613,#1655,.T.);
#1657=ORIENTED_EDGE('',*,*,#1656,.T.);
#1658=ORIENTED_EDGE('',*,*,#1618,.F.);
#1659=EDGE_LOOP('',(#1643,#1651,#1657,#1658));
#1660=FACE_BOUND('',#1659,.T.);
#1661=ADVANCED_FACE('',(#1660),#1635,.T.);
#1662=CARTESIAN_POINT('',(412.,-115.95500122,6.));
#1663=DIRECTION('',(0.,0.,1.));
#1664=DIRECTION('',(-1.,0.,0.));
#1665=AXIS2_PLACEMENT_3D('',#1662,#1663,#1664);
#1666=CYLINDRICAL_SURFACE('',#1665,4.);
#1667=CARTESIAN_POINT('',(416.,-115.95500122,4.));
#1668=VERTEX_POINT('',#1667);
#1669=CARTESIAN_POINT('',(412.,-115.95500122,4.));
#1670=DIRECTION('',(0.,0.,1.));
#1671=DIRECTION('',(1.,0.,-0.));
#1672=AXIS2_PLACEMENT_3D('',#1669,#1670,#1671);
#1673=CIRCLE('',#1672,4.);
#1674=EDGE_CURVE('',#1637,#1668,#1673,.T.);
#1675=ORIENTED_EDGE('',*,*,#1674,.T.);
#1676=CARTESIAN_POINT('',(416.,-115.95500122,0.));
#1677=VERTEX_POINT('',#1676);
#1678=CARTESIAN_POINT('',(416.,-115.95500122,4.));
#1679=DIRECTION('',(0.,0.,-1.));
#1680=VECTOR('',#1679,4.);
#1681=LINE('',#1678,#1680);
#1682=EDGE_CURVE('',#1668,#1677,#1681,.T.);
#1683=ORIENTED_EDGE('',*,*,#1682,.T.);
#1684=CARTESIAN_POINT('',(412.,-115.95500122,0.));
#1685=DIRECTION('',(0.,0.,-1.));
#1686=DIRECTION('',(-1.,0.,0.));
#1687=AXIS2_PLACEMENT_3D('',#1684,#1685,#1686);
#1688=CIRCLE('',#1687,4.);
#1689=EDGE_CURVE('',#1677,#1645,#1688,.T.);
#1690=ORIENTED_EDGE('',*,*,#1689,.T.);
#1691=ORIENTED_EDGE('',*,*,#1650,.T.);
#1692=EDGE_LOOP('',(#1675,#1683,#1690,#1691));
#1693=FACE_BOUND('',#1692,.T.);
#1694=ADVANCED_FACE('',(#1693),#1666,.F.);
#1695=CARTESIAN_POINT('',(416.,-79.5,6.));
#1696=DIRECTION('',(-1.,0.,0.));
#1697=DIRECTION('',(0.,0.,-1.));
#1698=AXIS2_PLACEMENT_3D('',#1695,#1696,#1697);
#1699=PLANE('',#1698);
#1700=CARTESIAN_POINT('',(416.,-56.,4.));
#1701=VERTEX_POINT('',#1700);
#1702=CARTESIAN_POINT('',(416.,-56.,4.));
#1703=DIRECTION('',(0.,-1.,0.));
#1704=VECTOR('',#1703,59.95500122);
#1705=LINE('',#1702,#1704);
#1706=EDGE_CURVE('',#1701,#1668,#1705,.T.);
#1707=ORIENTED_EDGE('',*,*,#1706,.F.);
#1708=CARTESIAN_POINT('',(416.,-56.,0.));
#1709=VERTEX_POINT('',#1708);
#1710=CARTESIAN_POINT('',(416.,-56.,4.));
#1711=DIRECTION('',(-0.,-0.,-1.));
#1712=VECTOR('',#1711,4.);
#1713=LINE('',#1710,#1712);
#1714=EDGE_CURVE('',#1701,#1709,#1713,.T.);
#1715=ORIENTED_EDGE('',*,*,#1714,.T.);
#1716=CARTESIAN_POINT('',(416.,-56.,0.));
#1717=DIRECTION('',(0.,-1.,0.));
#1718=VECTOR('',#1717,59.95500122);
#1719=LINE('',#1716,#1718);
#1720=EDGE_CURVE('',#1709,#1677,#1719,.T.);
#1721=ORIENTED_EDGE('',*,*,#1720,.T.);
#1722=ORIENTED_EDGE('',*,*,#1682,.F.);
#1723=EDGE_LOOP('',(#1707,#1715,#1721,#1722));
#1724=FACE_BOUND('',#1723,.T.);
#1725=ADVANCED_FACE('',(#1724),#1699,.T.);
#1726=CARTESIAN_POINT('',(439.7,-62.5,3.));
#1727=DIRECTION('',(0.,0.,1.));
#1728=DIRECTION('',(-1.,0.,0.));
#1729=AXIS2_PLACEMENT_3D('',#1726,#1727,#1728);
#1730=CYLINDRICAL_SURFACE('',#1729,1.5);
#1731=CARTESIAN_POINT('',(438.2,-62.5,4.));
#1732=VERTEX_POINT('',#1731);
#1733=CARTESIAN_POINT('',(438.2,-62.5,0.));
#1734=VERTEX_POINT('',#1733);
#1735=CARTESIAN_POINT('',(438.2,-62.5,4.));
#1736=DIRECTION('',(-0.,-0.,-1.));
#1737=VECTOR('',#1736,4.);
#1738=LINE('',#1735,#1737);
#1739=EDGE_CURVE('',#1732,#1734,#1738,.T.);
#1740=ORIENTED_EDGE('',*,*,#1739,.F.);
#1741=CARTESIAN_POINT('',(441.2,-62.5,4.));
#1742=VERTEX_POINT('',#1741);
#1743=CARTESIAN_POINT('',(439.7,-62.5,4.));
#1744=DIRECTION('',(-0.,-0.,-1.));
#1745=DIRECTION('',(1.,0.,-0.));
#1746=AXIS2_PLACEMENT_3D('',#1743,#1744,#1745);
#1747=CIRCLE('',#1746,1.5);
#1748=EDGE_CURVE('',#1742,#1732,#1747,.T.);
#1749=ORIENTED_EDGE('',*,*,#1748,.F.);
#1750=CARTESIAN_POINT('',(439.7,-62.5,4.));
#1751=DIRECTION('',(-0.,-0.,-1.));
#1752=DIRECTION('',(1.,0.,-0.));
#1753=AXIS2_PLACEMENT_3D('',#1750,#1751,#1752);
#1754=CIRCLE('',#1753,1.5);
#1755=EDGE_CURVE('',#1732,#1742,#1754,.T.);
#1756=ORIENTED_EDGE('',*,*,#1755,.F.);
#1757=ORIENTED_EDGE('',*,*,#1739,.T.);
#1758=CARTESIAN_POINT('',(439.7,-62.5,0.));
#1759=DIRECTION('',(0.,0.,-1.));
#1760=DIRECTION('',(-1.,0.,0.));
#1761=AXIS2_PLACEMENT_3D('',#1758,#1759,#1760);
#1762=CIRCLE('',#1761,1.5);
#1763=EDGE_CURVE('',#1734,#1734,#1762,.T.);
#1764=ORIENTED_EDGE('',*,*,#1763,.T.);
#1765=EDGE_LOOP('',(#1740,#1749,#1756,#1757,#1764));
#1766=FACE_BOUND('',#1765,.T.);
#1767=ADVANCED_FACE('',(#1766),#1730,.F.);
#1768=CARTESIAN_POINT('',(425.7,-62.5,3.));
#1769=DIRECTION('',(0.,0.,1.));
#1770=DIRECTION('',(-1.,0.,0.));
#1771=AXIS2_PLACEMENT_3D('',#1768,#1769,#1770);
#1772=CYLINDRICAL_SURFACE('',#1771,1.5);
#1773=CARTESIAN_POINT('',(424.2,-62.5,4.));
#1774=VERTEX_POINT('',#1773);
#1775=CARTESIAN_POINT('',(424.2,-62.5,0.));
#1776=VERTEX_POINT('',#1775);
#1777=CARTESIAN_POINT('',(424.2,-62.5,4.));
#1778=DIRECTION('',(-0.,-0.,-1.));
#1779=VECTOR('',#1778,4.);
#1780=LINE('',#1777,#1779);
#1781=EDGE_CURVE('',#1774,#1776,#1780,.T.);
#1782=ORIENTED_EDGE('',*,*,#1781,.F.);
#1783=CARTESIAN_POINT('',(427.2,-62.5,4.));
#1784=VERTEX_POINT('',#1783);
#1785=CARTESIAN_POINT('',(425.7,-62.5,4.));
#1786=DIRECTION('',(-0.,-0.,-1.));
#1787=DIRECTION('',(1.,0.,-0.));
#1788=AXIS2_PLACEMENT_3D('',#1785,#1786,#1787);
#1789=CIRCLE('',#1788,1.5);
#1790=EDGE_CURVE('',#1784,#1774,#1789,.T.);
#1791=ORIENTED_EDGE('',*,*,#1790,.F.);
#1792=CARTESIAN_POINT('',(425.7,-62.5,4.));
#1793=DIRECTION('',(-0.,-0.,-1.));
#1794=DIRECTION('',(1.,0.,-0.));
#1795=AXIS2_PLACEMENT_3D('',#1792,#1793,#1794);
#1796=CIRCLE('',#1795,1.5);
#1797=EDGE_CURVE('',#1774,#1784,#1796,.T.);
#1798=ORIENTED_EDGE('',*,*,#1797,.F.);
#1799=ORIENTED_EDGE('',*,*,#1781,.T.);
#1800=CARTESIAN_POINT('',(425.7,-62.5,0.));
#1801=DIRECTION('',(0.,0.,-1.));
#1802=DIRECTION('',(-1.,0.,0.));
#1803=AXIS2_PLACEMENT_3D('',#1800,#1801,#1802);
#1804=CIRCLE('',#1803,1.5);
#1805=EDGE_CURVE('',#1776,#1776,#1804,.T.);
#1806=ORIENTED_EDGE('',*,*,#1805,.T.);
#1807=EDGE_LOOP('',(#1782,#1791,#1798,#1799,#1806));
#1808=FACE_BOUND('',#1807,.T.);
#1809=ADVANCED_FACE('',(#1808),#1772,.F.);
#1810=CARTESIAN_POINT('',(425.7,-78.5,3.));
#1811=DIRECTION('',(0.,0.,1.));
#1812=DIRECTION('',(-1.,0.,0.));
#1813=AXIS2_PLACEMENT_3D('',#1810,#1811,#1812);
#1814=CYLINDRICAL_SURFACE('',#1813,1.5);
#1815=CARTESIAN_POINT('',(424.2,-78.5,4.));
#1816=VERTEX_POINT('',#1815);
#1817=CARTESIAN_POINT('',(424.2,-78.5,0.));
#1818=VERTEX_POINT('',#1817);
#1819=CARTESIAN_POINT('',(424.2,-78.5,4.));
#1820=DIRECTION('',(-0.,-0.,-1.));
#1821=VECTOR('',#1820,4.);
#1822=LINE('',#1819,#1821);
#1823=EDGE_CURVE('',#1816,#1818,#1822,.T.);
#1824=ORIENTED_EDGE('',*,*,#1823,.F.);
#1825=CARTESIAN_POINT('',(427.2,-78.5,4.));
#1826=VERTEX_POINT('',#1825);
#1827=CARTESIAN_POINT('',(425.7,-78.5,4.));
#1828=DIRECTION('',(-0.,-0.,-1.));
#1829=DIRECTION('',(1.,0.,-0.));
#1830=AXIS2_PLACEMENT_3D('',#1827,#1828,#1829);
#1831=CIRCLE('',#1830,1.5);
#1832=EDGE_CURVE('',#1826,#1816,#1831,.T.);
#1833=ORIENTED_EDGE('',*,*,#1832,.F.);
#1834=CARTESIAN_POINT('',(425.7,-78.5,4.));
#1835=DIRECTION('',(-0.,-0.,-1.));
#1836=DIRECTION('',(1.,0.,-0.));
#1837=AXIS2_PLACEMENT_3D('',#1834,#1835,#1836);
#1838=CIRCLE('',#1837,1.5);
#1839=EDGE_CURVE('',#1816,#1826,#1838,.T.);
#1840=ORIENTED_EDGE('',*,*,#1839,.F.);
#1841=ORIENTED_EDGE('',*,*,#1823,.T.);
#1842=CARTESIAN_POINT('',(425.7,-78.5,0.));
#1843=DIRECTION('',(0.,0.,-1.));
#1844=DIRECTION('',(-1.,0.,0.));
#1845=AXIS2_PLACEMENT_3D('',#1842,#1843,#1844);
#1846=CIRCLE('',#1845,1.5);
#1847=EDGE_CURVE('',#1818,#1818,#1846,.T.);
#1848=ORIENTED_EDGE('',*,*,#1847,.T.);
#1849=EDGE_LOOP('',(#1824,#1833,#1840,#1841,#1848));
#1850=FACE_BOUND('',#1849,.T.);
#1851=ADVANCED_FACE('',(#1850),#1814,.F.);
#1852=CARTESIAN_POINT('',(439.7,-78.5,3.));
#1853=DIRECTION('',(0.,0.,1.));
#1854=DIRECTION('',(-1.,0.,0.));
#1855=AXIS2_PLACEMENT_3D('',#1852,#1853,#1854);
#1856=CYLINDRICAL_SURFACE('',#1855,1.5);
#1857=CARTESIAN_POINT('',(438.2,-78.5,4.));
#1858=VERTEX_POINT('',#1857);
#1859=CARTESIAN_POINT('',(438.2,-78.5,0.));
#1860=VERTEX_POINT('',#1859);
#1861=CARTESIAN_POINT('',(438.2,-78.5,4.));
#1862=DIRECTION('',(-0.,-0.,-1.));
#1863=VECTOR('',#1862,4.);
#1864=LINE('',#1861,#1863);
#1865=EDGE_CURVE('',#1858,#1860,#1864,.T.);
#1866=ORIENTED_EDGE('',*,*,#1865,.F.);
#1867=CARTESIAN_POINT('',(441.2,-78.5,4.));
#1868=VERTEX_POINT('',#1867);
#1869=CARTESIAN_POINT('',(439.7,-78.5,4.));
#1870=DIRECTION('',(-0.,-0.,-1.));
#1871=DIRECTION('',(1.,0.,-0.));
#1872=AXIS2_PLACEMENT_3D('',#1869,#1870,#1871);
#1873=CIRCLE('',#1872,1.5);
#1874=EDGE_CURVE('',#1868,#1858,#1873,.T.);
#1875=ORIENTED_EDGE('',*,*,#1874,.F.);
#1876=CARTESIAN_POINT('',(439.7,-78.5,4.));
#1877=DIRECTION('',(-0.,-0.,-1.));
#1878=DIRECTION('',(1.,0.,-0.));
#1879=AXIS2_PLACEMENT_3D('',#1876,#1877,#1878);
#1880=CIRCLE('',#1879,1.5);
#1881=EDGE_CURVE('',#1858,#1868,#1880,.T.);
#1882=ORIENTED_EDGE('',*,*,#1881,.F.);
#1883=ORIENTED_EDGE('',*,*,#1865,.T.);
#1884=CARTESIAN_POINT('',(439.7,-78.5,0.));
#1885=DIRECTION('',(0.,0.,-1.));
#1886=DIRECTION('',(-1.,0.,0.));
#1887=AXIS2_PLACEMENT_3D('',#1884,#1885,#1886);
#1888=CIRCLE('',#1887,1.5);
#1889=EDGE_CURVE('',#1860,#1860,#1888,.T.);
#1890=ORIENTED_EDGE('',*,*,#1889,.T.);
#1891=EDGE_LOOP('',(#1866,#1875,#1882,#1883,#1890));
#1892=FACE_BOUND('',#1891,.T.);
#1893=ADVANCED_FACE('',(#1892),#1856,.F.);
#1894=CARTESIAN_POINT('',(410.017940813,-140.178238566,-6.1));
#1895=DIRECTION('',(0.,0.,1.));
#1896=DIRECTION('',(-1.,0.,0.));
#1897=AXIS2_PLACEMENT_3D('',#1894,#1895,#1896);
#1898=CYLINDRICAL_SURFACE('',#1897,1.75);
#1899=CARTESIAN_POINT('',(408.267940813,-140.178238566,4.));
#1900=VERTEX_POINT('',#1899);
#1901=CARTESIAN_POINT('',(408.267940813,-140.178238566,0.));
#1902=VERTEX_POINT('',#1901);
#1903=CARTESIAN_POINT('',(408.267940813,-140.178238566,4.));
#1904=DIRECTION('',(-0.,-0.,-1.));
#1905=VECTOR('',#1904,4.);
#1906=LINE('',#1903,#1905);
#1907=EDGE_CURVE('',#1900,#1902,#1906,.T.);
#1908=ORIENTED_EDGE('',*,*,#1907,.F.);
#1909=CARTESIAN_POINT('',(411.767940813,-140.178238566,4.));
#1910=VERTEX_POINT('',#1909);
#1911=CARTESIAN_POINT('',(410.017940813,-140.178238566,4.));
#1912=DIRECTION('',(-0.,-0.,-1.));
#1913=DIRECTION('',(1.,0.,-0.));
#1914=AXIS2_PLACEMENT_3D('',#1911,#1912,#1913);
#1915=CIRCLE('',#1914,1.75);
#1916=EDGE_CURVE('',#1910,#1900,#1915,.T.);
#1917=ORIENTED_EDGE('',*,*,#1916,.F.);
#1918=CARTESIAN_POINT('',(410.017940813,-140.178238566,4.));
#1919=DIRECTION('',(-0.,-0.,-1.));
#1920=DIRECTION('',(1.,0.,-0.));
#1921=AXIS2_PLACEMENT_3D('',#1918,#1919,#1920);
#1922=CIRCLE('',#1921,1.75);
#1923=EDGE_CURVE('',#1900,#1910,#1922,.T.);
#1924=ORIENTED_EDGE('',*,*,#1923,.F.);
#1925=ORIENTED_EDGE('',*,*,#1907,.T.);
#1926=CARTESIAN_POINT('',(410.017940813,-140.178238566,0.));
#1927=DIRECTION('',(0.,0.,-1.));
#1928=DIRECTION('',(-1.,0.,0.));
#1929=AXIS2_PLACEMENT_3D('',#1926,#1927,#1928);
#1930=CIRCLE('',#1929,1.75);
#1931=EDGE_CURVE('',#1902,#1902,#1930,.T.);
#1932=ORIENTED_EDGE('',*,*,#1931,.T.);
#1933=EDGE_LOOP('',(#1908,#1917,#1924,#1925,#1932));
#1934=FACE_BOUND('',#1933,.T.);
#1935=ADVANCED_FACE('',(#1934),#1898,.F.);
#1936=CARTESIAN_POINT('',(421.384481918,-122.360036138,-12.3));
#1937=DIRECTION('',(0.,0.,1.));
#1938=DIRECTION('',(-1.,0.,0.));
#1939=AXIS2_PLACEMENT_3D('',#1936,#1937,#1938);
#1940=CYLINDRICAL_SURFACE('',#1939,1.75);
#1941=CARTESIAN_POINT('',(419.634481918,-122.360036138,4.));
#1942=VERTEX_POINT('',#1941);
#1943=CARTESIAN_POINT('',(419.634481918,-122.360036138,0.));
#1944=VERTEX_POINT('',#1943);
#1945=CARTESIAN_POINT('',(419.634481918,-122.360036138,4.));
#1946=DIRECTION('',(-0.,-0.,-1.));
#1947=VECTOR('',#1946,4.);
#1948=LINE('',#1945,#1947);
#1949=EDGE_CURVE('',#1942,#1944,#1948,.T.);
#1950=ORIENTED_EDGE('',*,*,#1949,.F.);
#1951=CARTESIAN_POINT('',(423.134481918,-122.360036138,4.));
#1952=VERTEX_POINT('',#1951);
#1953=CARTESIAN_POINT('',(421.384481918,-122.360036138,4.));
#1954=DIRECTION('',(-0.,-0.,-1.));
#1955=DIRECTION('',(1.,0.,-0.));
#1956=AXIS2_PLACEMENT_3D('',#1953,#1954,#1955);
#1957=CIRCLE('',#1956,1.75);
#1958=EDGE_CURVE('',#1952,#1942,#1957,.T.);
#1959=ORIENTED_EDGE('',*,*,#1958,.F.);
#1960=CARTESIAN_POINT('',(421.384481918,-122.360036138,4.));
#1961=DIRECTION('',(-0.,-0.,-1.));
#1962=DIRECTION('',(1.,0.,-0.));
#1963=AXIS2_PLACEMENT_3D('',#1960,#1961,#1962);
#1964=CIRCLE('',#1963,1.75);
#1965=EDGE_CURVE('',#1942,#1952,#1964,.T.);
#1966=ORIENTED_EDGE('',*,*,#1965,.F.);
#1967=ORIENTED_EDGE('',*,*,#1949,.T.);
#1968=CARTESIAN_POINT('',(421.384481918,-122.360036138,0.));
#1969=DIRECTION('',(0.,0.,-1.));
#1970=DIRECTION('',(-1.,0.,0.));
#1971=AXIS2_PLACEMENT_3D('',#1968,#1969,#1970);
#1972=CIRCLE('',#1971,1.75);
#1973=EDGE_CURVE('',#1944,#1944,#1972,.T.);
#1974=ORIENTED_EDGE('',*,*,#1973,.T.);
#1975=EDGE_LOOP('',(#1950,#1959,#1966,#1967,#1974));
#1976=FACE_BOUND('',#1975,.T.);
#1977=ADVANCED_FACE('',(#1976),#1940,.F.);
#1978=CARTESIAN_POINT('',(866.,-206.,0.));
#1979=DIRECTION('',(0.,0.,1.));
#1980=DIRECTION('',(1.,0.,0.));
#1981=AXIS2_PLACEMENT_3D('',#1978,#1979,#1980);
#1982=PLANE('',#1981);
#1983=CARTESIAN_POINT('',(503.,-31.,0.));
#1984=VERTEX_POINT('',#1983);
#1985=CARTESIAN_POINT('',(441.,-31.,0.));
#1986=VERTEX_POINT('',#1985);
#1987=CARTESIAN_POINT('',(503.,-31.,0.));
#1988=DIRECTION('',(-1.,0.,0.));
#1989=VECTOR('',#1988,62.);
#1990=LINE('',#1987,#1989);
#1991=EDGE_CURVE('',#1984,#1986,#1990,.T.);
#1992=ORIENTED_EDGE('',*,*,#1991,.F.);
#1993=CARTESIAN_POINT('',(528.,-56.,0.));
#1994=VERTEX_POINT('',#1993);
#1995=CARTESIAN_POINT('',(503.,-56.,0.));
#1996=DIRECTION('',(-0.,-0.,-1.));
#1997=DIRECTION('',(1.,0.,-0.));
#1998=AXIS2_PLACEMENT_3D('',#1995,#1996,#1997);
#1999=CIRCLE('',#1998,25.);
#2000=EDGE_CURVE('',#1984,#1994,#1999,.T.);
#2001=ORIENTED_EDGE('',*,*,#2000,.T.);
#2002=CARTESIAN_POINT('',(528.,-115.95500122,0.));
#2003=VERTEX_POINT('',#2002);
#2004=CARTESIAN_POINT('',(528.,-56.,0.));
#2005=DIRECTION('',(0.,-1.,0.));
#2006=VECTOR('',#2005,59.95500122);
#2007=LINE('',#2004,#2006);
#2008=EDGE_CURVE('',#1994,#2003,#2007,.T.);
#2009=ORIENTED_EDGE('',*,*,#2008,.T.);
#2010=CARTESIAN_POINT('',(529.50121981,-119.078476458,0.));
#2011=VERTEX_POINT('',#2010);
#2012=CARTESIAN_POINT('',(532.,-115.95500122,0.));
#2013=DIRECTION('',(0.,0.,1.));
#2014=DIRECTION('',(1.,0.,-0.));
#2015=AXIS2_PLACEMENT_3D('',#2012,#2013,#2014);
#2016=CIRCLE('',#2015,4.);
#2017=EDGE_CURVE('',#2003,#2011,#2016,.T.);
#2018=ORIENTED_EDGE('',*,*,#2017,.T.);
#2019=CARTESIAN_POINT('',(536.49878019,-124.676524762,0.));
#2020=VERTEX_POINT('',#2019);
#2021=CARTESIAN_POINT('',(529.50121981,-119.078476458,0.));
#2022=DIRECTION('',(0.780868809,-0.624695048,0.));
#2023=VECTOR('',#2022,8.961249695);
#2024=LINE('',#2021,#2023);
#2025=EDGE_CURVE('',#2011,#2020,#2024,.T.);
#2026=ORIENTED_EDGE('',*,*,#2025,.T.);
#2027=CARTESIAN_POINT('',(538.,-127.8,0.));
#2028=VERTEX_POINT('',#2027);
#2029=CARTESIAN_POINT('',(534.,-127.8,0.));
#2030=DIRECTION('',(-0.,-0.,-1.));
#2031=DIRECTION('',(1.,0.,-0.));
#2032=AXIS2_PLACEMENT_3D('',#2029,#2030,#2031);
#2033=CIRCLE('',#2032,4.);
#2034=EDGE_CURVE('',#2020,#2028,#2033,.T.);
#2035=ORIENTED_EDGE('',*,*,#2034,.T.);
#2036=CARTESIAN_POINT('',(538.,-189.,0.));
#2037=VERTEX_POINT('',#2036);
#2038=CARTESIAN_POINT('',(538.,-127.8,0.));
#2039=DIRECTION('',(-0.,-1.,0.));
#2040=VECTOR('',#2039,61.2);
#2041=LINE('',#2038,#2040);
#2042=EDGE_CURVE('',#2028,#2037,#2041,.T.);
#2043=ORIENTED_EDGE('',*,*,#2042,.T.);
#2044=CARTESIAN_POINT('',(534.,-193.,0.));
#2045=VERTEX_POINT('',#2044);
#2046=CARTESIAN_POINT('',(534.,-189.,0.));
#2047=DIRECTION('',(-0.,-0.,-1.));
#2048=DIRECTION('',(1.,0.,-0.));
#2049=AXIS2_PLACEMENT_3D('',#2046,#2047,#2048);
#2050=CIRCLE('',#2049,4.);
#2051=EDGE_CURVE('',#2037,#2045,#2050,.T.);
#2052=ORIENTED_EDGE('',*,*,#2051,.T.);
#2053=CARTESIAN_POINT('',(507.,-193.,0.));
#2054=VERTEX_POINT('',#2053);
#2055=CARTESIAN_POINT('',(534.,-193.,0.));
#2056=DIRECTION('',(-1.,0.,0.));
#2057=VECTOR('',#2056,27.);
#2058=LINE('',#2055,#2057);
#2059=EDGE_CURVE('',#2045,#2054,#2058,.T.);
#2060=ORIENTED_EDGE('',*,*,#2059,.T.);
#2061=CARTESIAN_POINT('',(503.,-197.,0.));
#2062=VERTEX_POINT('',#2061);
#2063=CARTESIAN_POINT('',(507.,-197.,0.));
#2064=DIRECTION('',(0.,0.,1.));
#2065=DIRECTION('',(1.,0.,-0.));
#2066=AXIS2_PLACEMENT_3D('',#2063,#2064,#2065);
#2067=CIRCLE('',#2066,4.);
#2068=EDGE_CURVE('',#2054,#2062,#2067,.T.);
#2069=ORIENTED_EDGE('',*,*,#2068,.T.);
#2070=CARTESIAN_POINT('',(503.,-209.,0.));
#2071=VERTEX_POINT('',#2070);
#2072=CARTESIAN_POINT('',(503.,-197.,0.));
#2073=DIRECTION('',(0.,-1.,0.));
#2074=VECTOR('',#2073,12.);
#2075=LINE('',#2072,#2074);
#2076=EDGE_CURVE('',#2062,#2071,#2075,.T.);
#2077=ORIENTED_EDGE('',*,*,#2076,.T.);
#2078=CARTESIAN_POINT('',(499.,-213.,0.));
#2079=VERTEX_POINT('',#2078);
#2080=CARTESIAN_POINT('',(499.,-209.,0.));
#2081=DIRECTION('',(-0.,-0.,-1.));
#2082=DIRECTION('',(1.,0.,-0.));
#2083=AXIS2_PLACEMENT_3D('',#2080,#2081,#2082);
#2084=CIRCLE('',#2083,4.);
#2085=EDGE_CURVE('',#2071,#2079,#2084,.T.);
#2086=ORIENTED_EDGE('',*,*,#2085,.T.);
#2087=CARTESIAN_POINT('',(445.,-213.,0.));
#2088=DIRECTION('',(1.,0.,-0.));
#2089=VECTOR('',#2088,54.);
#2090=LINE('',#2087,#2089);
#2091=EDGE_CURVE('',#1422,#2079,#2090,.T.);
#2092=ORIENTED_EDGE('',*,*,#2091,.F.);
#2093=ORIENTED_EDGE('',*,*,#1428,.F.);
#2094=ORIENTED_EDGE('',*,*,#1464,.F.);
#2095=ORIENTED_EDGE('',*,*,#1497,.F.);
#2096=ORIENTED_EDGE('',*,*,#1514,.F.);
#2097=ORIENTED_EDGE('',*,*,#1561,.F.);
#2098=ORIENTED_EDGE('',*,*,#1578,.F.);
#2099=ORIENTED_EDGE('',*,*,#1625,.F.);
#2100=ORIENTED_EDGE('',*,*,#1656,.F.);
#2101=ORIENTED_EDGE('',*,*,#1689,.F.);
#2102=ORIENTED_EDGE('',*,*,#1720,.F.);
#2103=CARTESIAN_POINT('',(441.,-56.,0.));
#2104=DIRECTION('',(-0.,-0.,-1.));
#2105=DIRECTION('',(1.,0.,-0.));
#2106=AXIS2_PLACEMENT_3D('',#2103,#2104,#2105);
#2107=CIRCLE('',#2106,25.);
#2108=EDGE_CURVE('',#1709,#1986,#2107,.T.);
#2109=ORIENTED_EDGE('',*,*,#2108,.T.);
#2110=EDGE_LOOP('',(#1992,#2001,#2009,#2018,#2026,#2035,#2043,#2052,#2060,#2069,#2077,#2086,#2092,#2093,#2094,#2095,#2096,#2097,#2098,#2099,#2100,#2101,#2102,#2109));
#2111=FACE_BOUND('',#2110,.T.);
#2112=ORIENTED_EDGE('',*,*,#1763,.F.);
#2113=EDGE_LOOP('',(#2112));
#2114=FACE_BOUND('',#2113,.T.);
#2115=ORIENTED_EDGE('',*,*,#1805,.F.);
#2116=EDGE_LOOP('',(#2115));
#2117=FACE_BOUND('',#2116,.T.);
#2118=ORIENTED_EDGE('',*,*,#1847,.F.);
#2119=EDGE_LOOP('',(#2118));
#2120=FACE_BOUND('',#2119,.T.);
#2121=ORIENTED_EDGE('',*,*,#1889,.F.);
#2122=EDGE_LOOP('',(#2121));
#2123=FACE_BOUND('',#2122,.T.);
#2124=ORIENTED_EDGE('',*,*,#1931,.F.);
#2125=EDGE_LOOP('',(#2124));
#2126=FACE_BOUND('',#2125,.T.);
#2127=ORIENTED_EDGE('',*,*,#1973,.F.);
#2128=EDGE_LOOP('',(#2127));
#2129=FACE_BOUND('',#2128,.T.);
#2130=CARTESIAN_POINT('',(524.365518082,-122.360036138,0.));
#2131=VERTEX_POINT('',#2130);
#2132=CARTESIAN_POINT('',(522.615518082,-122.360036138,0.));
#2133=DIRECTION('',(0.,0.,1.));
#2134=DIRECTION('',(1.,0.,-0.));
#2135=AXIS2_PLACEMENT_3D('',#2132,#2133,#2134);
#2136=CIRCLE('',#2135,1.75);
#2137=EDGE_CURVE('',#2131,#2131,#2136,.T.);
#2138=ORIENTED_EDGE('',*,*,#2137,.T.);
#2139=EDGE_LOOP('',(#2138));
#2140=FACE_BOUND('',#2139,.T.);
#2141=CARTESIAN_POINT('',(535.732059187,-140.178238566,0.));
#2142=VERTEX_POINT('',#2141);
#2143=CARTESIAN_POINT('',(533.982059187,-140.178238566,0.));
#2144=DIRECTION('',(0.,0.,1.));
#2145=DIRECTION('',(1.,0.,-0.));
#2146=AXIS2_PLACEMENT_3D('',#2143,#2144,#2145);
#2147=CIRCLE('',#2146,1.75);
#2148=EDGE_CURVE('',#2142,#2142,#2147,.T.);
#2149=ORIENTED_EDGE('',*,*,#2148,.T.);
#2150=EDGE_LOOP('',(#2149));
#2151=FACE_BOUND('',#2150,.T.);
#2152=CARTESIAN_POINT('',(505.8,-78.5,0.));
#2153=VERTEX_POINT('',#2152);
#2154=CARTESIAN_POINT('',(504.3,-78.5,0.));
#2155=DIRECTION('',(0.,0.,1.));
#2156=DIRECTION('',(1.,0.,-0.));
#2157=AXIS2_PLACEMENT_3D('',#2154,#2155,#2156);
#2158=CIRCLE('',#2157,1.5);
#2159=EDGE_CURVE('',#2153,#2153,#2158,.T.);
#2160=ORIENTED_EDGE('',*,*,#2159,.T.);
#2161=EDGE_LOOP('',(#2160));
#2162=FACE_BOUND('',#2161,.T.);
#2163=CARTESIAN_POINT('',(519.8,-78.5,0.));
#2164=VERTEX_POINT('',#2163);
#2165=CARTESIAN_POINT('',(518.3,-78.5,0.));
#2166=DIRECTION('',(0.,0.,1.));
#2167=DIRECTION('',(1.,0.,-0.));
#2168=AXIS2_PLACEMENT_3D('',#2165,#2166,#2167);
#2169=CIRCLE('',#2168,1.5);
#2170=EDGE_CURVE('',#2164,#2164,#2169,.T.);
#2171=ORIENTED_EDGE('',*,*,#2170,.T.);
#2172=EDGE_LOOP('',(#2171));
#2173=FACE_BOUND('',#2172,.T.);
#2174=CARTESIAN_POINT('',(519.8,-62.5,0.));
#2175=VERTEX_POINT('',#2174);
#2176=CARTESIAN_POINT('',(518.3,-62.5,0.));
#2177=DIRECTION('',(0.,0.,1.));
#2178=DIRECTION('',(1.,0.,-0.));
#2179=AXIS2_PLACEMENT_3D('',#2176,#2177,#2178);
#2180=CIRCLE('',#2179,1.5);
#2181=EDGE_CURVE('',#2175,#2175,#2180,.T.);
#2182=ORIENTED_EDGE('',*,*,#2181,.T.);
#2183=EDGE_LOOP('',(#2182));
#2184=FACE_BOUND('',#2183,.T.);
#2185=CARTESIAN_POINT('',(505.8,-62.5,0.));
#2186=VERTEX_POINT('',#2185);
#2187=CARTESIAN_POINT('',(504.3,-62.5,0.));
#2188=DIRECTION('',(0.,0.,1.));
#2189=DIRECTION('',(1.,0.,-0.));
#2190=AXIS2_PLACEMENT_3D('',#2187,#2188,#2189);
#2191=CIRCLE('',#2190,1.5);
#2192=EDGE_CURVE('',#2186,#2186,#2191,.T.);
#2193=ORIENTED_EDGE('',*,*,#2192,.T.);
#2194=EDGE_LOOP('',(#2193));
#2195=FACE_BOUND('',#2194,.T.);
#2196=ADVANCED_FACE('',(#2111,#2114,#2117,#2120,#2123,#2126,#2129,#2140,#2151,#2162,#2173,#2184,#2195),#1982,.F.);
#2197=CARTESIAN_POINT('',(866.,-206.,4.));
#2198=DIRECTION('',(0.,0.,1.));
#2199=DIRECTION('',(1.,0.,0.));
#2200=AXIS2_PLACEMENT_3D('',#2197,#2198,#2199);
#2201=PLANE('',#2200);
#2202=CARTESIAN_POINT('',(528.,-56.,4.));
#2203=VERTEX_POINT('',#2202);
#2204=CARTESIAN_POINT('',(528.,-115.95500122,4.));
#2205=VERTEX_POINT('',#2204);
#2206=CARTESIAN_POINT('',(528.,-56.,4.));
#2207=DIRECTION('',(0.,-1.,0.));
#2208=VECTOR('',#2207,59.95500122);
#2209=LINE('',#2206,#2208);
#2210=EDGE_CURVE('',#2203,#2205,#2209,.T.);
#2211=ORIENTED_EDGE('',*,*,#2210,.F.);
#2212=CARTESIAN_POINT('',(503.,-31.,4.));
#2213=VERTEX_POINT('',#2212);
#2214=CARTESIAN_POINT('',(503.,-56.,4.));
#2215=DIRECTION('',(0.,0.,1.));
#2216=DIRECTION('',(1.,0.,-0.));
#2217=AXIS2_PLACEMENT_3D('',#2214,#2215,#2216);
#2218=CIRCLE('',#2217,25.);
#2219=EDGE_CURVE('',#2203,#2213,#2218,.T.);
#2220=ORIENTED_EDGE('',*,*,#2219,.T.);
#2221=CARTESIAN_POINT('',(441.,-31.,4.));
#2222=VERTEX_POINT('',#2221);
#2223=CARTESIAN_POINT('',(503.,-31.,4.));
#2224=DIRECTION('',(-1.,0.,0.));
#2225=VECTOR('',#2224,62.);
#2226=LINE('',#2223,#2225);
#2227=EDGE_CURVE('',#2213,#2222,#2226,.T.);
#2228=ORIENTED_EDGE('',*,*,#2227,.T.);
#2229=CARTESIAN_POINT('',(441.,-56.,4.));
#2230=DIRECTION('',(0.,0.,1.));
#2231=DIRECTION('',(1.,0.,-0.));
#2232=AXIS2_PLACEMENT_3D('',#2229,#2230,#2231);
#2233=CIRCLE('',#2232,25.);
#2234=EDGE_CURVE('',#2222,#1701,#2233,.T.);
#2235=ORIENTED_EDGE('',*,*,#2234,.T.);
#2236=ORIENTED_EDGE('',*,*,#1706,.T.);
#2237=ORIENTED_EDGE('',*,*,#1674,.F.);
#2238=ORIENTED_EDGE('',*,*,#1642,.T.);
#2239=ORIENTED_EDGE('',*,*,#1610,.F.);
#2240=ORIENTED_EDGE('',*,*,#1587,.T.);
#2241=ORIENTED_EDGE('',*,*,#1546,.F.);
#2242=ORIENTED_EDGE('',*,*,#1523,.T.);
#2243=ORIENTED_EDGE('',*,*,#1482,.F.);
#2244=ORIENTED_EDGE('',*,*,#1450,.T.);
#2245=ORIENTED_EDGE('',*,*,#1411,.F.);
#2246=CARTESIAN_POINT('',(499.,-213.,4.));
#2247=VERTEX_POINT('',#2246);
#2248=CARTESIAN_POINT('',(445.,-213.,4.));
#2249=DIRECTION('',(1.,0.,-0.));
#2250=VECTOR('',#2249,54.);
#2251=LINE('',#2248,#2250);
#2252=EDGE_CURVE('',#1403,#2247,#2251,.T.);
#2253=ORIENTED_EDGE('',*,*,#2252,.T.);
#2254=CARTESIAN_POINT('',(503.,-209.,4.));
#2255=VERTEX_POINT('',#2254);
#2256=CARTESIAN_POINT('',(499.,-209.,4.));
#2257=DIRECTION('',(0.,0.,1.));
#2258=DIRECTION('',(1.,0.,-0.));
#2259=AXIS2_PLACEMENT_3D('',#2256,#2257,#2258);
#2260=CIRCLE('',#2259,4.);
#2261=EDGE_CURVE('',#2247,#2255,#2260,.T.);
#2262=ORIENTED_EDGE('',*,*,#2261,.T.);
#2263=CARTESIAN_POINT('',(503.,-197.,4.));
#2264=VERTEX_POINT('',#2263);
#2265=CARTESIAN_POINT('',(503.,-197.,4.));
#2266=DIRECTION('',(0.,-1.,0.));
#2267=VECTOR('',#2266,12.);
#2268=LINE('',#2265,#2267);
#2269=EDGE_CURVE('',#2264,#2255,#2268,.T.);
#2270=ORIENTED_EDGE('',*,*,#2269,.F.);
#2271=CARTESIAN_POINT('',(507.,-193.,4.));
#2272=VERTEX_POINT('',#2271);
#2273=CARTESIAN_POINT('',(507.,-197.,4.));
#2274=DIRECTION('',(-0.,-0.,-1.));
#2275=DIRECTION('',(1.,0.,-0.));
#2276=AXIS2_PLACEMENT_3D('',#2273,#2274,#2275);
#2277=CIRCLE('',#2276,4.);
#2278=EDGE_CURVE('',#2264,#2272,#2277,.T.);
#2279=ORIENTED_EDGE('',*,*,#2278,.T.);
#2280=CARTESIAN_POINT('',(534.,-193.,4.));
#2281=VERTEX_POINT('',#2280);
#2282=CARTESIAN_POINT('',(534.,-193.,4.));
#2283=DIRECTION('',(-1.,0.,0.));
#2284=VECTOR('',#2283,27.);
#2285=LINE('',#2282,#2284);
#2286=EDGE_CURVE('',#2281,#2272,#2285,.T.);
#2287=ORIENTED_EDGE('',*,*,#2286,.F.);
#2288=CARTESIAN_POINT('',(538.,-189.,4.));
#2289=VERTEX_POINT('',#2288);
#2290=CARTESIAN_POINT('',(534.,-189.,4.));
#2291=DIRECTION('',(0.,0.,1.));
#2292=DIRECTION('',(1.,0.,-0.));
#2293=AXIS2_PLACEMENT_3D('',#2290,#2291,#2292);
#2294=CIRCLE('',#2293,4.);
#2295=EDGE_CURVE('',#2281,#2289,#2294,.T.);
#2296=ORIENTED_EDGE('',*,*,#2295,.T.);
#2297=CARTESIAN_POINT('',(538.,-127.8,4.));
#2298=VERTEX_POINT('',#2297);
#2299=CARTESIAN_POINT('',(538.,-127.8,4.));
#2300=DIRECTION('',(-0.,-1.,0.));
#2301=VECTOR('',#2300,61.2);
#2302=LINE('',#2299,#2301);
#2303=EDGE_CURVE('',#2298,#2289,#2302,.T.);
#2304=ORIENTED_EDGE('',*,*,#2303,.F.);
#2305=CARTESIAN_POINT('',(536.49878019,-124.676524762,4.));
#2306=VERTEX_POINT('',#2305);
#2307=CARTESIAN_POINT('',(534.,-127.8,4.));
#2308=DIRECTION('',(0.,0.,1.));
#2309=DIRECTION('',(1.,0.,-0.));
#2310=AXIS2_PLACEMENT_3D('',#2307,#2308,#2309);
#2311=CIRCLE('',#2310,4.);
#2312=EDGE_CURVE('',#2298,#2306,#2311,.T.);
#2313=ORIENTED_EDGE('',*,*,#2312,.T.);
#2314=CARTESIAN_POINT('',(529.50121981,-119.078476458,4.));
#2315=VERTEX_POINT('',#2314);
#2316=CARTESIAN_POINT('',(529.50121981,-119.078476458,4.));
#2317=DIRECTION('',(0.780868809,-0.624695048,0.));
#2318=VECTOR('',#2317,8.961249695);
#2319=LINE('',#2316,#2318);
#2320=EDGE_CURVE('',#2315,#2306,#2319,.T.);
#2321=ORIENTED_EDGE('',*,*,#2320,.F.);
#2322=CARTESIAN_POINT('',(532.,-115.95500122,4.));
#2323=DIRECTION('',(-0.,-0.,-1.));
#2324=DIRECTION('',(1.,0.,-0.));
#2325=AXIS2_PLACEMENT_3D('',#2322,#2323,#2324);
#2326=CIRCLE('',#2325,4.);
#2327=EDGE_CURVE('',#2315,#2205,#2326,.T.);
#2328=ORIENTED_EDGE('',*,*,#2327,.T.);
#2329=EDGE_LOOP('',(#2211,#2220,#2228,#2235,#2236,#2237,#2238,#2239,#2240,#2241,#2242,#2243,#2244,#2245,#2253,#2262,#2270,#2279,#2287,#2296,#2304,#2313,#2321,#2328));
#2330=FACE_BOUND('',#2329,.T.);
#2331=ORIENTED_EDGE('',*,*,#1958,.T.);
#2332=ORIENTED_EDGE('',*,*,#1965,.T.);
#2333=EDGE_LOOP('',(#2331,#2332));
#2334=FACE_BOUND('',#2333,.T.);
#2335=ORIENTED_EDGE('',*,*,#1916,.T.);
#2336=ORIENTED_EDGE('',*,*,#1923,.T.);
#2337=EDGE_LOOP('',(#2335,#2336));
#2338=FACE_BOUND('',#2337,.T.);
#2339=ORIENTED_EDGE('',*,*,#1790,.T.);
#2340=ORIENTED_EDGE('',*,*,#1797,.T.);
#2341=EDGE_LOOP('',(#2339,#2340));
#2342=FACE_BOUND('',#2341,.T.);
#2343=ORIENTED_EDGE('',*,*,#1874,.T.);
#2344=ORIENTED_EDGE('',*,*,#1881,.T.);
#2345=EDGE_LOOP('',(#2343,#2344));
#2346=FACE_BOUND('',#2345,.T.);
#2347=ORIENTED_EDGE('',*,*,#1832,.T.);
#2348=ORIENTED_EDGE('',*,*,#1839,.T.);
#2349=EDGE_LOOP('',(#2347,#2348));
#2350=FACE_BOUND('',#2349,.T.);
#2351=ORIENTED_EDGE('',*,*,#1748,.T.);
#2352=ORIENTED_EDGE('',*,*,#1755,.T.);
#2353=EDGE_LOOP('',(#2351,#2352));
#2354=FACE_BOUND('',#2353,.T.);
#2355=CARTESIAN_POINT('',(505.8,-62.5,4.));
#2356=VERTEX_POINT('',#2355);
#2357=CARTESIAN_POINT('',(504.3,-62.5,4.));
#2358=DIRECTION('',(0.,0.,1.));
#2359=DIRECTION('',(1.,0.,-0.));
#2360=AXIS2_PLACEMENT_3D('',#2357,#2358,#2359);
#2361=CIRCLE('',#2360,1.5);
#2362=EDGE_CURVE('',#2356,#2356,#2361,.T.);
#2363=ORIENTED_EDGE('',*,*,#2362,.F.);
#2364=EDGE_LOOP('',(#2363));
#2365=FACE_BOUND('',#2364,.T.);
#2366=CARTESIAN_POINT('',(519.8,-78.5,4.));
#2367=VERTEX_POINT('',#2366);
#2368=CARTESIAN_POINT('',(518.3,-78.5,4.));
#2369=DIRECTION('',(0.,0.,1.));
#2370=DIRECTION('',(1.,0.,-0.));
#2371=AXIS2_PLACEMENT_3D('',#2368,#2369,#2370);
#2372=CIRCLE('',#2371,1.5);
#2373=EDGE_CURVE('',#2367,#2367,#2372,.T.);
#2374=ORIENTED_EDGE('',*,*,#2373,.F.);
#2375=EDGE_LOOP('',(#2374));
#2376=FACE_BOUND('',#2375,.T.);
#2377=CARTESIAN_POINT('',(505.8,-78.5,4.));
#2378=VERTEX_POINT('',#2377);
#2379=CARTESIAN_POINT('',(504.3,-78.5,4.));
#2380=DIRECTION('',(0.,0.,1.));
#2381=DIRECTION('',(1.,0.,-0.));
#2382=AXIS2_PLACEMENT_3D('',#2379,#2380,#2381);
#2383=CIRCLE('',#2382,1.5);
#2384=EDGE_CURVE('',#2378,#2378,#2383,.T.);
#2385=ORIENTED_EDGE('',*,*,#2384,.F.);
#2386=EDGE_LOOP('',(#2385));
#2387=FACE_BOUND('',#2386,.T.);
#2388=CARTESIAN_POINT('',(519.8,-62.5,4.));
#2389=VERTEX_POINT('',#2388);
#2390=CARTESIAN_POINT('',(518.3,-62.5,4.));
#2391=DIRECTION('',(0.,0.,1.));
#2392=DIRECTION('',(1.,0.,-0.));
#2393=AXIS2_PLACEMENT_3D('',#2390,#2391,#2392);
#2394=CIRCLE('',#2393,1.5);
#2395=EDGE_CURVE('',#2389,#2389,#2394,.T.);
#2396=ORIENTED_EDGE('',*,*,#2395,.F.);
#2397=EDGE_LOOP('',(#2396));
#2398=FACE_BOUND('',#2397,.T.);
#2399=CARTESIAN_POINT('',(535.732059187,-140.178238566,4.));
#2400=VERTEX_POINT('',#2399);
#2401=CARTESIAN_POINT('',(533.982059187,-140.178238566,4.));
#2402=DIRECTION('',(0.,0.,1.));
#2403=DIRECTION('',(1.,0.,-0.));
#2404=AXIS2_PLACEMENT_3D('',#2401,#2402,#2403);
#2405=CIRCLE('',#2404,1.75);
#2406=EDGE_CURVE('',#2400,#2400,#2405,.T.);
#2407=ORIENTED_EDGE('',*,*,#2406,.F.);
#2408=EDGE_LOOP('',(#2407));
#2409=FACE_BOUND('',#2408,.T.);
#2410=CARTESIAN_POINT('',(524.365518082,-122.360036138,4.));
#2411=VERTEX_POINT('',#2410);
#2412=CARTESIAN_POINT('',(522.615518082,-122.360036138,4.));
#2413=DIRECTION('',(0.,0.,1.));
#2414=DIRECTION('',(1.,0.,-0.));
#2415=AXIS2_PLACEMENT_3D('',#2412,#2413,#2414);
#2416=CIRCLE('',#2415,1.75);
#2417=EDGE_CURVE('',#2411,#2411,#2416,.T.);
#2418=ORIENTED_EDGE('',*,*,#2417,.F.);
#2419=EDGE_LOOP('',(#2418));
#2420=FACE_BOUND('',#2419,.T.);
#2421=ADVANCED_FACE('',(#2330,#2334,#2338,#2342,#2346,#2350,#2354,#2365,#2376,#2387,#2398,#2409,#2420),#2201,.T.);
#2422=CARTESIAN_POINT('',(471.,-31.,6.));
#2423=DIRECTION('',(0.,1.,0.));
#2424=DIRECTION('',(0.,0.,1.));
#2425=AXIS2_PLACEMENT_3D('',#2422,#2423,#2424);
#2426=PLANE('',#2425);
#2427=ORIENTED_EDGE('',*,*,#2227,.F.);
#2428=CARTESIAN_POINT('',(503.,-31.,4.));
#2429=DIRECTION('',(-0.,-0.,-1.));
#2430=VECTOR('',#2429,4.);
#2431=LINE('',#2428,#2430);
#2432=EDGE_CURVE('',#2213,#1984,#2431,.T.);
#2433=ORIENTED_EDGE('',*,*,#2432,.T.);
#2434=ORIENTED_EDGE('',*,*,#1991,.T.);
#2435=CARTESIAN_POINT('',(441.,-31.,0.));
#2436=DIRECTION('',(0.,0.,1.));
#2437=VECTOR('',#2436,4.);
#2438=LINE('',#2435,#2437);
#2439=EDGE_CURVE('',#1986,#2222,#2438,.T.);
#2440=ORIENTED_EDGE('',*,*,#2439,.T.);
#2441=EDGE_LOOP('',(#2427,#2433,#2434,#2440));
#2442=FACE_BOUND('',#2441,.T.);
#2443=ADVANCED_FACE('',(#2442),#2426,.T.);
#2444=CARTESIAN_POINT('',(471.,-213.,6.));
#2445=DIRECTION('',(0.,-1.,0.));
#2446=DIRECTION('',(0.,0.,-1.));
#2447=AXIS2_PLACEMENT_3D('',#2444,#2445,#2446);
#2448=PLANE('',#2447);
#2449=CARTESIAN_POINT('',(499.,-213.,0.));
#2450=DIRECTION('',(-0.,-0.,1.));
#2451=VECTOR('',#2450,4.);
#2452=LINE('',#2449,#2451);
#2453=EDGE_CURVE('',#2079,#2247,#2452,.T.);
#2454=ORIENTED_EDGE('',*,*,#2453,.T.);
#2455=ORIENTED_EDGE('',*,*,#2252,.F.);
#2456=ORIENTED_EDGE('',*,*,#1434,.F.);
#2457=ORIENTED_EDGE('',*,*,#2091,.T.);
#2458=EDGE_LOOP('',(#2454,#2455,#2456,#2457));
#2459=FACE_BOUND('',#2458,.T.);
#2460=ADVANCED_FACE('',(#2459),#2448,.T.);
#2461=CARTESIAN_POINT('',(499.,-209.,6.));
#2462=DIRECTION('',(0.,0.,-1.));
#2463=DIRECTION('',(-1.,0.,0.));
#2464=AXIS2_PLACEMENT_3D('',#2461,#2462,#2463);
#2465=CYLINDRICAL_SURFACE('',#2464,4.);
#2466=ORIENTED_EDGE('',*,*,#2261,.F.);
#2467=ORIENTED_EDGE('',*,*,#2453,.F.);
#2468=ORIENTED_EDGE('',*,*,#2085,.F.);
#2469=CARTESIAN_POINT('',(503.,-209.,4.));
#2470=DIRECTION('',(0.,0.,-1.));
#2471=VECTOR('',#2470,4.);
#2472=LINE('',#2469,#2471);
#2473=EDGE_CURVE('',#2255,#2071,#2472,.T.);
#2474=ORIENTED_EDGE('',*,*,#2473,.F.);
#2475=EDGE_LOOP('',(#2466,#2467,#2468,#2474));
#2476=FACE_BOUND('',#2475,.T.);
#2477=ADVANCED_FACE('',(#2476),#2465,.T.);
#2478=CARTESIAN_POINT('',(503.,-203.,6.));
#2479=DIRECTION('',(1.,0.,0.));
#2480=DIRECTION('',(0.,0.,-1.));
#2481=AXIS2_PLACEMENT_3D('',#2478,#2479,#2480);
#2482=PLANE('',#2481);
#2483=ORIENTED_EDGE('',*,*,#2269,.T.);
#2484=ORIENTED_EDGE('',*,*,#2473,.T.);
#2485=ORIENTED_EDGE('',*,*,#2076,.F.);
#2486=CARTESIAN_POINT('',(503.,-197.,0.));
#2487=DIRECTION('',(-0.,-0.,1.));
#2488=VECTOR('',#2487,4.);
#2489=LINE('',#2486,#2488);
#2490=EDGE_CURVE('',#2062,#2264,#2489,.T.);
#2491=ORIENTED_EDGE('',*,*,#2490,.T.);
#2492=EDGE_LOOP('',(#2483,#2484,#2485,#2491));
#2493=FACE_BOUND('',#2492,.T.);
#2494=ADVANCED_FACE('',(#2493),#2482,.T.);
#2495=CARTESIAN_POINT('',(507.,-197.,6.));
#2496=DIRECTION('',(0.,0.,1.));
#2497=DIRECTION('',(1.,0.,-0.));
#2498=AXIS2_PLACEMENT_3D('',#2495,#2496,#2497);
#2499=CYLINDRICAL_SURFACE('',#2498,4.);
#2500=ORIENTED_EDGE('',*,*,#2278,.F.);
#2501=ORIENTED_EDGE('',*,*,#2490,.F.);
#2502=ORIENTED_EDGE('',*,*,#2068,.F.);
#2503=CARTESIAN_POINT('',(507.,-193.,4.));
#2504=DIRECTION('',(0.,0.,-1.));
#2505=VECTOR('',#2504,4.);
#2506=LINE('',#2503,#2505);
#2507=EDGE_CURVE('',#2272,#2054,#2506,.T.);
#2508=ORIENTED_EDGE('',*,*,#2507,.F.);
#2509=EDGE_LOOP('',(#2500,#2501,#2502,#2508));
#2510=FACE_BOUND('',#2509,.T.);
#2511=ADVANCED_FACE('',(#2510),#2499,.F.);
#2512=CARTESIAN_POINT('',(520.5,-193.,6.));
#2513=DIRECTION('',(0.,-1.,0.));
#2514=DIRECTION('',(0.,0.,-1.));
#2515=AXIS2_PLACEMENT_3D('',#2512,#2513,#2514);
#2516=PLANE('',#2515);
#2517=ORIENTED_EDGE('',*,*,#2059,.F.);
#2518=CARTESIAN_POINT('',(534.,-193.,0.));
#2519=DIRECTION('',(-0.,-0.,1.));
#2520=VECTOR('',#2519,4.);
#2521=LINE('',#2518,#2520);
#2522=EDGE_CURVE('',#2045,#2281,#2521,.T.);
#2523=ORIENTED_EDGE('',*,*,#2522,.T.);
#2524=ORIENTED_EDGE('',*,*,#2286,.T.);
#2525=ORIENTED_EDGE('',*,*,#2507,.T.);
#2526=EDGE_LOOP('',(#2517,#2523,#2524,#2525));
#2527=FACE_BOUND('',#2526,.T.);
#2528=ADVANCED_FACE('',(#2527),#2516,.T.);
#2529=CARTESIAN_POINT('',(534.,-189.,6.));
#2530=DIRECTION('',(0.,0.,-1.));
#2531=DIRECTION('',(-1.,0.,0.));
#2532=AXIS2_PLACEMENT_3D('',#2529,#2530,#2531);
#2533=CYLINDRICAL_SURFACE('',#2532,4.);
#2534=ORIENTED_EDGE('',*,*,#2295,.F.);
#2535=ORIENTED_EDGE('',*,*,#2522,.F.);
#2536=ORIENTED_EDGE('',*,*,#2051,.F.);
#2537=CARTESIAN_POINT('',(538.,-189.,4.));
#2538=DIRECTION('',(0.,0.,-1.));
#2539=VECTOR('',#2538,4.);
#2540=LINE('',#2537,#2539);
#2541=EDGE_CURVE('',#2289,#2037,#2540,.T.);
#2542=ORIENTED_EDGE('',*,*,#2541,.F.);
#2543=EDGE_LOOP('',(#2534,#2535,#2536,#2542));
#2544=FACE_BOUND('',#2543,.T.);
#2545=ADVANCED_FACE('',(#2544),#2533,.T.);
#2546=CARTESIAN_POINT('',(538.,-162.,6.));
#2547=DIRECTION('',(1.,-0.,0.));
#2548=DIRECTION('',(0.,1.,0.));
#2549=AXIS2_PLACEMENT_3D('',#2546,#2547,#2548);
#2550=PLANE('',#2549);
#2551=ORIENTED_EDGE('',*,*,#2042,.F.);
#2552=CARTESIAN_POINT('',(538.,-127.8,0.));
#2553=DIRECTION('',(-0.,-0.,1.));
#2554=VECTOR('',#2553,4.);
#2555=LINE('',#2552,#2554);
#2556=EDGE_CURVE('',#2028,#2298,#2555,.T.);
#2557=ORIENTED_EDGE('',*,*,#2556,.T.);
#2558=ORIENTED_EDGE('',*,*,#2303,.T.);
#2559=ORIENTED_EDGE('',*,*,#2541,.T.);
#2560=EDGE_LOOP('',(#2551,#2557,#2558,#2559));
#2561=FACE_BOUND('',#2560,.T.);
#2562=ADVANCED_FACE('',(#2561),#2550,.T.);
#2563=CARTESIAN_POINT('',(534.,-127.8,6.));
#2564=DIRECTION('',(0.,0.,-1.));
#2565=DIRECTION('',(-1.,0.,0.));
#2566=AXIS2_PLACEMENT_3D('',#2563,#2564,#2565);
#2567=CYLINDRICAL_SURFACE('',#2566,4.);
#2568=ORIENTED_EDGE('',*,*,#2312,.F.);
#2569=ORIENTED_EDGE('',*,*,#2556,.F.);
#2570=ORIENTED_EDGE('',*,*,#2034,.F.);
#2571=CARTESIAN_POINT('',(536.49878019,-124.676524762,4.));
#2572=DIRECTION('',(0.,0.,-1.));
#2573=VECTOR('',#2572,4.);
#2574=LINE('',#2571,#2573);
#2575=EDGE_CURVE('',#2306,#2020,#2574,.T.);
#2576=ORIENTED_EDGE('',*,*,#2575,.F.);
#2577=EDGE_LOOP('',(#2568,#2569,#2570,#2576));
#2578=FACE_BOUND('',#2577,.T.);
#2579=ADVANCED_FACE('',(#2578),#2567,.T.);
#2580=CARTESIAN_POINT('',(527.99878019,-117.876524762,6.));
#2581=DIRECTION('',(0.624695048,0.780868809,0.));
#2582=DIRECTION('',(-0.780868809,0.624695048,0.));
#2583=AXIS2_PLACEMENT_3D('',#2580,#2581,#2582);
#2584=PLANE('',#2583);
#2585=ORIENTED_EDGE('',*,*,#2320,.T.);
#2586=ORIENTED_EDGE('',*,*,#2575,.T.);
#2587=ORIENTED_EDGE('',*,*,#2025,.F.);
#2588=CARTESIAN_POINT('',(529.50121981,-119.078476458,0.));
#2589=DIRECTION('',(-0.,-0.,1.));
#2590=VECTOR('',#2589,4.);
#2591=LINE('',#2588,#2590);
#2592=EDGE_CURVE('',#2011,#2315,#2591,.T.);
#2593=ORIENTED_EDGE('',*,*,#2592,.T.);
#2594=EDGE_LOOP('',(#2585,#2586,#2587,#2593));
#2595=FACE_BOUND('',#2594,.T.);
#2596=ADVANCED_FACE('',(#2595),#2584,.T.);
#2597=CARTESIAN_POINT('',(532.,-115.95500122,6.));
#2598=DIRECTION('',(0.,0.,1.));
#2599=DIRECTION('',(1.,0.,-0.));
#2600=AXIS2_PLACEMENT_3D('',#2597,#2598,#2599);
#2601=CYLINDRICAL_SURFACE('',#2600,4.);
#2602=ORIENTED_EDGE('',*,*,#2327,.F.);
#2603=ORIENTED_EDGE('',*,*,#2592,.F.);
#2604=ORIENTED_EDGE('',*,*,#2017,.F.);
#2605=CARTESIAN_POINT('',(528.,-115.95500122,4.));
#2606=DIRECTION('',(0.,0.,-1.));
#2607=VECTOR('',#2606,4.);
#2608=LINE('',#2605,#2607);
#2609=EDGE_CURVE('',#2205,#2003,#2608,.T.);
#2610=ORIENTED_EDGE('',*,*,#2609,.F.);
#2611=EDGE_LOOP('',(#2602,#2603,#2604,#2610));
#2612=FACE_BOUND('',#2611,.T.);
#2613=ADVANCED_FACE('',(#2612),#2601,.F.);
#2614=CARTESIAN_POINT('',(528.,-79.5,6.));
#2615=DIRECTION('',(1.,0.,0.));
#2616=DIRECTION('',(0.,0.,-1.));
#2617=AXIS2_PLACEMENT_3D('',#2614,#2615,#2616);
#2618=PLANE('',#2617);
#2619=ORIENTED_EDGE('',*,*,#2008,.F.);
#2620=CARTESIAN_POINT('',(528.,-56.,0.));
#2621=DIRECTION('',(0.,0.,1.));
#2622=VECTOR('',#2621,4.);
#2623=LINE('',#2620,#2622);
#2624=EDGE_CURVE('',#1994,#2203,#2623,.T.);
#2625=ORIENTED_EDGE('',*,*,#2624,.T.);
#2626=ORIENTED_EDGE('',*,*,#2210,.T.);
#2627=ORIENTED_EDGE('',*,*,#2609,.T.);
#2628=EDGE_LOOP('',(#2619,#2625,#2626,#2627));
#2629=FACE_BOUND('',#2628,.T.);
#2630=ADVANCED_FACE('',(#2629),#2618,.T.);
#2631=CARTESIAN_POINT('',(504.3,-62.5,3.));
#2632=DIRECTION('',(0.,0.,1.));
#2633=DIRECTION('',(1.,0.,-0.));
#2634=AXIS2_PLACEMENT_3D('',#2631,#2632,#2633);
#2635=CYLINDRICAL_SURFACE('',#2634,1.5);
#2636=CARTESIAN_POINT('',(505.8,-62.5,4.));
#2637=DIRECTION('',(-0.,-0.,-1.));
#2638=VECTOR('',#2637,4.);
#2639=LINE('',#2636,#2638);
#2640=EDGE_CURVE('',#2356,#2186,#2639,.T.);
#2641=ORIENTED_EDGE('',*,*,#2640,.F.);
#2642=ORIENTED_EDGE('',*,*,#2362,.T.);
#2643=ORIENTED_EDGE('',*,*,#2640,.T.);
#2644=ORIENTED_EDGE('',*,*,#2192,.F.);
#2645=EDGE_LOOP('',(#2641,#2642,#2643,#2644));
#2646=FACE_BOUND('',#2645,.T.);
#2647=ADVANCED_FACE('',(#2646),#2635,.F.);
#2648=CARTESIAN_POINT('',(518.3,-62.5,3.));
#2649=DIRECTION('',(0.,0.,1.));
#2650=DIRECTION('',(1.,0.,-0.));
#2651=AXIS2_PLACEMENT_3D('',#2648,#2649,#2650);
#2652=CYLINDRICAL_SURFACE('',#2651,1.5);
#2653=CARTESIAN_POINT('',(519.8,-62.5,4.));
#2654=DIRECTION('',(-0.,-0.,-1.));
#2655=VECTOR('',#2654,4.);
#2656=LINE('',#2653,#2655);
#2657=EDGE_CURVE('',#2389,#2175,#2656,.T.);
#2658=ORIENTED_EDGE('',*,*,#2657,.F.);
#2659=ORIENTED_EDGE('',*,*,#2395,.T.);
#2660=ORIENTED_EDGE('',*,*,#2657,.T.);
#2661=ORIENTED_EDGE('',*,*,#2181,.F.);
#2662=EDGE_LOOP('',(#2658,#2659,#2660,#2661));
#2663=FACE_BOUND('',#2662,.T.);
#2664=ADVANCED_FACE('',(#2663),#2652,.F.);
#2665=CARTESIAN_POINT('',(518.3,-78.5,3.));
#2666=DIRECTION('',(0.,0.,1.));
#2667=DIRECTION('',(1.,0.,-0.));
#2668=AXIS2_PLACEMENT_3D('',#2665,#2666,#2667);
#2669=CYLINDRICAL_SURFACE('',#2668,1.5);
#2670=CARTESIAN_POINT('',(519.8,-78.5,4.));
#2671=DIRECTION('',(-0.,-0.,-1.));
#2672=VECTOR('',#2671,4.);
#2673=LINE('',#2670,#2672);
#2674=EDGE_CURVE('',#2367,#2164,#2673,.T.);
#2675=ORIENTED_EDGE('',*,*,#2674,.F.);
#2676=ORIENTED_EDGE('',*,*,#2373,.T.);
#2677=ORIENTED_EDGE('',*,*,#2674,.T.);
#2678=ORIENTED_EDGE('',*,*,#2170,.F.);
#2679=EDGE_LOOP('',(#2675,#2676,#2677,#2678));
#2680=FACE_BOUND('',#2679,.T.);
#2681=ADVANCED_FACE('',(#2680),#2669,.F.);
#2682=CARTESIAN_POINT('',(504.3,-78.5,3.));
#2683=DIRECTION('',(0.,0.,1.));
#2684=DIRECTION('',(1.,0.,-0.));
#2685=AXIS2_PLACEMENT_3D('',#2682,#2683,#2684);
#2686=CYLINDRICAL_SURFACE('',#2685,1.5);
#2687=CARTESIAN_POINT('',(505.8,-78.5,4.));
#2688=DIRECTION('',(-0.,-0.,-1.));
#2689=VECTOR('',#2688,4.);
#2690=LINE('',#2687,#2689);
#2691=EDGE_CURVE('',#2378,#2153,#2690,.T.);
#2692=ORIENTED_EDGE('',*,*,#2691,.F.);
#2693=ORIENTED_EDGE('',*,*,#2384,.T.);
#2694=ORIENTED_EDGE('',*,*,#2691,.T.);
#2695=ORIENTED_EDGE('',*,*,#2159,.F.);
#2696=EDGE_LOOP('',(#2692,#2693,#2694,#2695));
#2697=FACE_BOUND('',#2696,.T.);
#2698=ADVANCED_FACE('',(#2697),#2686,.F.);
#2699=CARTESIAN_POINT('',(533.982059187,-140.178238566,-6.1));
#2700=DIRECTION('',(0.,0.,1.));
#2701=DIRECTION('',(1.,0.,-0.));
#2702=AXIS2_PLACEMENT_3D('',#2699,#2700,#2701);
#2703=CYLINDRICAL_SURFACE('',#2702,1.75);
#2704=CARTESIAN_POINT('',(535.732059187,-140.178238566,4.));
#2705=DIRECTION('',(-0.,-0.,-1.));
#2706=VECTOR('',#2705,4.);
#2707=LINE('',#2704,#2706);
#2708=EDGE_CURVE('',#2400,#2142,#2707,.T.);
#2709=ORIENTED_EDGE('',*,*,#2708,.F.);
#2710=ORIENTED_EDGE('',*,*,#2406,.T.);
#2711=ORIENTED_EDGE('',*,*,#2708,.T.);
#2712=ORIENTED_EDGE('',*,*,#2148,.F.);
#2713=EDGE_LOOP('',(#2709,#2710,#2711,#2712));
#2714=FACE_BOUND('',#2713,.T.);
#2715=ADVANCED_FACE('',(#2714),#2703,.F.);
#2716=CARTESIAN_POINT('',(522.615518082,-122.360036138,-12.3));
#2717=DIRECTION('',(0.,0.,1.));
#2718=DIRECTION('',(1.,0.,-0.));
#2719=AXIS2_PLACEMENT_3D('',#2716,#2717,#2718);
#2720=CYLINDRICAL_SURFACE('',#2719,1.75);
#2721=CARTESIAN_POINT('',(524.365518082,-122.360036138,4.));
#2722=DIRECTION('',(-0.,-0.,-1.));
#2723=VECTOR('',#2722,4.);
#2724=LINE('',#2721,#2723);
#2725=EDGE_CURVE('',#2411,#2131,#2724,.T.);
#2726=ORIENTED_EDGE('',*,*,#2725,.F.);
#2727=ORIENTED_EDGE('',*,*,#2417,.T.);
#2728=ORIENTED_EDGE('',*,*,#2725,.T.);
#2729=ORIENTED_EDGE('',*,*,#2137,.F.);
#2730=EDGE_LOOP('',(#2726,#2727,#2728,#2729));
#2731=FACE_BOUND('',#2730,.T.);
#2732=ADVANCED_FACE('',(#2731),#2720,.F.);
#2733=CARTESIAN_POINT('',(503.,-56.,6.));
#2734=DIRECTION('',(0.,0.,1.));
#2735=DIRECTION('',(1.,0.,-0.));
#2736=AXIS2_PLACEMENT_3D('',#2733,#2734,#2735);
#2737=CYLINDRICAL_SURFACE('',#2736,25.);
#2738=ORIENTED_EDGE('',*,*,#2000,.F.);
#2739=ORIENTED_EDGE('',*,*,#2432,.F.);
#2740=ORIENTED_EDGE('',*,*,#2219,.F.);
#2741=ORIENTED_EDGE('',*,*,#2624,.F.);
#2742=EDGE_LOOP('',(#2738,#2739,#2740,#2741));
#2743=FACE_BOUND('',#2742,.T.);
#2744=ADVANCED_FACE('',(#2743),#2737,.T.);
#2745=CARTESIAN_POINT('',(441.,-56.,6.));
#2746=DIRECTION('',(0.,0.,1.));
#2747=DIRECTION('',(1.,0.,-0.));
#2748=AXIS2_PLACEMENT_3D('',#2745,#2746,#2747);
#2749=CYLINDRICAL_SURFACE('',#2748,25.);
#2750=ORIENTED_EDGE('',*,*,#2108,.F.);
#2751=ORIENTED_EDGE('',*,*,#1714,.F.);
#2752=ORIENTED_EDGE('',*,*,#2234,.F.);
#2753=ORIENTED_EDGE('',*,*,#2439,.F.);
#2754=EDGE_LOOP('',(#2750,#2751,#2752,#2753));
#2755=FACE_BOUND('',#2754,.T.);
#2756=ADVANCED_FACE('',(#2755),#2749,.T.);
#2757=CLOSED_SHELL('',(#1438,#1469,#1502,#1533,#1566,#1597,#1630,#1661,#1694,#1725,#1767,#1809,#1851,#1893,#1935,#1977,#2196,#2421,#2443,#2460,#2477,#2494,#2511,#2528,#2545,#2562,
#2579,#2596,#2613,#2630,#2647,#2664,#2681,#2698,#2715,#2732,#2744,#2756));
#2758=MANIFOLD_SOLID_BREP('Body 01 (2)',#2757);
#1396=STYLED_ITEM('',(#1395),#2758);
#2760=CARTESIAN_POINT('',(-62.,17.,6.));
#2761=DIRECTION('',(0.,0.,-1.));
#2762=DIRECTION('',(1.,0.,0.));
#2763=AXIS2_PLACEMENT_3D('',#2760,#2761,#2762);
#2764=CYLINDRICAL_SURFACE('',#2763,4.);
#2765=CARTESIAN_POINT('',(-66.,17.,0.));
#2766=VERTEX_POINT('',#2765);
#2767=CARTESIAN_POINT('',(-65.464101615,15.,0.));
#2768=VERTEX_POINT('',#2767);
#2769=CARTESIAN_POINT('',(-62.,17.,0.));
#2770=DIRECTION('',(-0.,-0.,1.));
#2771=DIRECTION('',(-1.,0.,0.));
#2772=AXIS2_PLACEMENT_3D('',#2769,#2770,#2771);
#2773=CIRCLE('',#2772,4.);
#2774=EDGE_CURVE('',#2766,#2768,#2773,.T.);
#2775=ORIENTED_EDGE('',*,*,#2774,.T.);
#2776=CARTESIAN_POINT('',(-62.,13.,2.));
#2777=VERTEX_POINT('',#2776);
#2778=CARTESIAN_POINT('',(-62.,17.,-2.));
#2779=DIRECTION('',(-0.,0.707106781,0.707106781));
#2780=DIRECTION('',(0.,0.707106781,-0.707106781));
#2781=AXIS2_PLACEMENT_3D('',#2778,#2779,#2780);
#2782=ELLIPSE('',#2781,5.656854249,4.);
#2783=EDGE_CURVE('',#2768,#2777,#2782,.T.);
#2784=ORIENTED_EDGE('',*,*,#2783,.T.);
#2785=CARTESIAN_POINT('',(-65.464101615,15.,4.));
#2786=VERTEX_POINT('',#2785);
#2787=CARTESIAN_POINT('',(-62.,17.,6.));
#2788=DIRECTION('',(0.,0.707106781,-0.707106781));
#2789=DIRECTION('',(0.,-0.707106781,-0.707106781));
#2790=AXIS2_PLACEMENT_3D('',#2787,#2788,#2789);
#2791=ELLIPSE('',#2790,5.656854249,4.);
#2792=EDGE_CURVE('',#2777,#2786,#2791,.T.);
#2793=ORIENTED_EDGE('',*,*,#2792,.T.);
#2794=CARTESIAN_POINT('',(-66.,17.,4.));
#2795=VERTEX_POINT('',#2794);
#2796=CARTESIAN_POINT('',(-62.,17.,4.));
#2797=DIRECTION('',(-0.,-0.,-1.));
#2798=DIRECTION('',(1.,0.,-0.));
#2799=AXIS2_PLACEMENT_3D('',#2796,#2797,#2798);
#2800=CIRCLE('',#2799,4.);
#2801=EDGE_CURVE('',#2786,#2795,#2800,.T.);
#2802=ORIENTED_EDGE('',*,*,#2801,.T.);
#2803=CARTESIAN_POINT('',(-66.,17.,4.));
#2804=DIRECTION('',(0.,0.,-1.));
#2805=VECTOR('',#2804,4.);
#2806=LINE('',#2803,#2805);
#2807=EDGE_CURVE('',#2795,#2766,#2806,.T.);
#2808=ORIENTED_EDGE('',*,*,#2807,.T.);
#2809=EDGE_LOOP('',(#2775,#2784,#2793,#2802,#2808));
#2810=FACE_BOUND('',#2809,.T.);
#2811=ADVANCED_FACE('',(#2810),#2764,.T.);
#2812=CARTESIAN_POINT('',(-66.,44.,6.));
#2813=DIRECTION('',(-1.,-0.,0.));
#2814=DIRECTION('',(-0.,1.,0.));
#2815=AXIS2_PLACEMENT_3D('',#2812,#2813,#2814);
#2816=PLANE('',#2815);
#2817=CARTESIAN_POINT('',(-66.,78.2,0.));
#2818=VERTEX_POINT('',#2817);
#2819=CARTESIAN_POINT('',(-66.,78.2,0.));
#2820=DIRECTION('',(0.,-1.,0.));
#2821=VECTOR('',#2820,61.2);
#2822=LINE('',#2819,#2821);
#2823=EDGE_CURVE('',#2818,#2766,#2822,.T.);
#2824=ORIENTED_EDGE('',*,*,#2823,.T.);
#2825=ORIENTED_EDGE('',*,*,#2807,.F.);
#2826=CARTESIAN_POINT('',(-66.,78.2,4.));
#2827=VERTEX_POINT('',#2826);
#2828=CARTESIAN_POINT('',(-66.,78.2,4.));
#2829=DIRECTION('',(0.,-1.,0.));
#2830=VECTOR('',#2829,61.2);
#2831=LINE('',#2828,#2830);
#2832=EDGE_CURVE('',#2827,#2795,#2831,.T.);
#2833=ORIENTED_EDGE('',*,*,#2832,.F.);
#2834=CARTESIAN_POINT('',(-66.,78.2,0.));
#2835=DIRECTION('',(-0.,-0.,1.));
#2836=VECTOR('',#2835,4.);
#2837=LINE('',#2834,#2836);
#2838=EDGE_CURVE('',#2818,#2827,#2837,.T.);
#2839=ORIENTED_EDGE('',*,*,#2838,.F.);
#2840=EDGE_LOOP('',(#2824,#2825,#2833,#2839));
#2841=FACE_BOUND('',#2840,.T.);
#2842=ADVANCED_FACE('',(#2841),#2816,.T.);
#2843=CARTESIAN_POINT('',(-62.,78.2,6.));
#2844=DIRECTION('',(0.,0.,-1.));
#2845=DIRECTION('',(1.,0.,0.));
#2846=AXIS2_PLACEMENT_3D('',#2843,#2844,#2845);
#2847=CYLINDRICAL_SURFACE('',#2846,4.);
#2848=CARTESIAN_POINT('',(-64.49878019,81.323475238,4.));
#2849=VERTEX_POINT('',#2848);
#2850=CARTESIAN_POINT('',(-62.,78.2,4.));
#2851=DIRECTION('',(-0.,-0.,-1.));
#2852=DIRECTION('',(1.,0.,-0.));
#2853=AXIS2_PLACEMENT_3D('',#2850,#2851,#2852);
#2854=CIRCLE('',#2853,4.);
#2855=EDGE_CURVE('',#2827,#2849,#2854,.T.);
#2856=ORIENTED_EDGE('',*,*,#2855,.T.);
#2857=CARTESIAN_POINT('',(-64.49878019,81.323475238,0.));
#2858=VERTEX_POINT('',#2857);
#2859=CARTESIAN_POINT('',(-64.49878019,81.323475238,4.));
#2860=DIRECTION('',(0.,0.,-1.));
#2861=VECTOR('',#2860,4.);
#2862=LINE('',#2859,#2861);
#2863=EDGE_CURVE('',#2849,#2858,#2862,.T.);
#2864=ORIENTED_EDGE('',*,*,#2863,.T.);
#2865=CARTESIAN_POINT('',(-62.,78.2,0.));
#2866=DIRECTION('',(-0.,-0.,1.));
#2867=DIRECTION('',(-1.,0.,0.));
#2868=AXIS2_PLACEMENT_3D('',#2865,#2866,#2867);
#2869=CIRCLE('',#2868,4.);
#2870=EDGE_CURVE('',#2858,#2818,#2869,.T.);
#2871=ORIENTED_EDGE('',*,*,#2870,.T.);
#2872=ORIENTED_EDGE('',*,*,#2838,.T.);
#2873=EDGE_LOOP('',(#2856,#2864,#2871,#2872));
#2874=FACE_BOUND('',#2873,.T.);
#2875=ADVANCED_FACE('',(#2874),#2847,.T.);
#2876=CARTESIAN_POINT('',(-55.99878019,88.123475238,6.));
#2877=DIRECTION('',(-0.624695048,0.780868809,0.));
#2878=DIRECTION('',(0.780868809,0.624695048,0.));
#2879=AXIS2_PLACEMENT_3D('',#2876,#2877,#2878);
#2880=PLANE('',#2879);
#2881=CARTESIAN_POINT('',(-57.50121981,86.921523542,4.));
#2882=VERTEX_POINT('',#2881);
#2883=CARTESIAN_POINT('',(-57.50121981,86.921523542,4.));
#2884=DIRECTION('',(-0.780868809,-0.624695048,0.));
#2885=VECTOR('',#2884,8.961249695);
#2886=LINE('',#2883,#2885);
#2887=EDGE_CURVE('',#2882,#2849,#2886,.T.);
#2888=ORIENTED_EDGE('',*,*,#2887,.F.);
#2889=CARTESIAN_POINT('',(-57.50121981,86.921523542,0.));
#2890=VERTEX_POINT('',#2889);
#2891=CARTESIAN_POINT('',(-57.50121981,86.921523542,0.));
#2892=DIRECTION('',(-0.,-0.,1.));
#2893=VECTOR('',#2892,4.);
#2894=LINE('',#2891,#2893);
#2895=EDGE_CURVE('',#2890,#2882,#2894,.T.);
#2896=ORIENTED_EDGE('',*,*,#2895,.F.);
#2897=CARTESIAN_POINT('',(-57.50121981,86.921523542,0.));
#2898=DIRECTION('',(-0.780868809,-0.624695048,0.));
#2899=VECTOR('',#2898,8.961249695);
#2900=LINE('',#2897,#2899);
#2901=EDGE_CURVE('',#2890,#2858,#2900,.T.);
#2902=ORIENTED_EDGE('',*,*,#2901,.T.);
#2903=ORIENTED_EDGE('',*,*,#2863,.F.);
#2904=EDGE_LOOP('',(#2888,#2896,#2902,#2903));
#2905=FACE_BOUND('',#2904,.T.);
#2906=ADVANCED_FACE('',(#2905),#2880,.T.);
#2907=CARTESIAN_POINT('',(-60.,90.04499878,6.));
#2908=DIRECTION('',(0.,0.,1.));
#2909=DIRECTION('',(-1.,0.,0.));
#2910=AXIS2_PLACEMENT_3D('',#2907,#2908,#2909);
#2911=CYLINDRICAL_SURFACE('',#2910,4.);
#2912=CARTESIAN_POINT('',(-56.,90.04499878,4.));
#2913=VERTEX_POINT('',#2912);
#2914=CARTESIAN_POINT('',(-60.,90.04499878,4.));
#2915=DIRECTION('',(0.,0.,1.));
#2916=DIRECTION('',(1.,0.,-0.));
#2917=AXIS2_PLACEMENT_3D('',#2914,#2915,#2916);
#2918=CIRCLE('',#2917,4.);
#2919=EDGE_CURVE('',#2882,#2913,#2918,.T.);
#2920=ORIENTED_EDGE('',*,*,#2919,.T.);
#2921=CARTESIAN_POINT('',(-56.,90.04499878,0.));
#2922=VERTEX_POINT('',#2921);
#2923=CARTESIAN_POINT('',(-56.,90.04499878,4.));
#2924=DIRECTION('',(0.,0.,-1.));
#2925=VECTOR('',#2924,4.);
#2926=LINE('',#2923,#2925);
#2927=EDGE_CURVE('',#2913,#2922,#2926,.T.);
#2928=ORIENTED_EDGE('',*,*,#2927,.T.);
#2929=CARTESIAN_POINT('',(-60.,90.04499878,0.));
#2930=DIRECTION('',(0.,0.,-1.));
#2931=DIRECTION('',(-1.,0.,0.));
#2932=AXIS2_PLACEMENT_3D('',#2929,#2930,#2931);
#2933=CIRCLE('',#2932,4.);
#2934=EDGE_CURVE('',#2922,#2890,#2933,.T.);
#2935=ORIENTED_EDGE('',*,*,#2934,.T.);
#2936=ORIENTED_EDGE('',*,*,#2895,.T.);
#2937=EDGE_LOOP('',(#2920,#2928,#2935,#2936));
#2938=FACE_BOUND('',#2937,.T.);
#2939=ADVANCED_FACE('',(#2938),#2911,.F.);
#2940=CARTESIAN_POINT('',(-56.,126.5,6.));
#2941=DIRECTION('',(-1.,0.,0.));
#2942=DIRECTION('',(0.,0.,-1.));
#2943=AXIS2_PLACEMENT_3D('',#2940,#2941,#2942);
#2944=PLANE('',#2943);
#2945=CARTESIAN_POINT('',(-56.,150.,4.));
#2946=VERTEX_POINT('',#2945);
#2947=CARTESIAN_POINT('',(-56.,150.,4.));
#2948=DIRECTION('',(0.,-1.,0.));
#2949=VECTOR('',#2948,59.95500122);
#2950=LINE('',#2947,#2949);
#2951=EDGE_CURVE('',#2946,#2913,#2950,.T.);
#2952=ORIENTED_EDGE('',*,*,#2951,.F.);
#2953=CARTESIAN_POINT('',(-56.,150.,0.));
#2954=VERTEX_POINT('',#2953);
#2955=CARTESIAN_POINT('',(-56.,150.,4.));
#2956=DIRECTION('',(-0.,-0.,-1.));
#2957=VECTOR('',#2956,4.);
#2958=LINE('',#2955,#2957);
#2959=EDGE_CURVE('',#2946,#2954,#2958,.T.);
#2960=ORIENTED_EDGE('',*,*,#2959,.T.);
#2961=CARTESIAN_POINT('',(-56.,150.,0.));
#2962=DIRECTION('',(0.,-1.,0.));
#2963=VECTOR('',#2962,59.95500122);
#2964=LINE('',#2961,#2963);
#2965=EDGE_CURVE('',#2954,#2922,#2964,.T.);
#2966=ORIENTED_EDGE('',*,*,#2965,.T.);
#2967=ORIENTED_EDGE('',*,*,#2927,.F.);
#2968=EDGE_LOOP('',(#2952,#2960,#2966,#2967));
#2969=FACE_BOUND('',#2968,.T.);
#2970=ADVANCED_FACE('',(#2969),#2944,.T.);
#2971=CARTESIAN_POINT('',(-32.3,143.5,3.));
#2972=DIRECTION('',(0.,0.,1.));
#2973=DIRECTION('',(-1.,0.,0.));
#2974=AXIS2_PLACEMENT_3D('',#2971,#2972,#2973);
#2975=CYLINDRICAL_SURFACE('',#2974,1.5);
#2976=CARTESIAN_POINT('',(-33.8,143.5,4.));
#2977=VERTEX_POINT('',#2976);
#2978=CARTESIAN_POINT('',(-33.8,143.5,0.));
#2979=VERTEX_POINT('',#2978);
#2980=CARTESIAN_POINT('',(-33.8,143.5,4.));
#2981=DIRECTION('',(-0.,-0.,-1.));
#2982=VECTOR('',#2981,4.);
#2983=LINE('',#2980,#2982);
#2984=EDGE_CURVE('',#2977,#2979,#2983,.T.);
#2985=ORIENTED_EDGE('',*,*,#2984,.F.);
#2986=CARTESIAN_POINT('',(-30.8,143.5,4.));
#2987=VERTEX_POINT('',#2986);
#2988=CARTESIAN_POINT('',(-32.3,143.5,4.));
#2989=DIRECTION('',(-0.,-0.,-1.));
#2990=DIRECTION('',(1.,0.,-0.));
#2991=AXIS2_PLACEMENT_3D('',#2988,#2989,#2990);
#2992=CIRCLE('',#2991,1.5);
#2993=EDGE_CURVE('',#2987,#2977,#2992,.T.);
#2994=ORIENTED_EDGE('',*,*,#2993,.F.);
#2995=CARTESIAN_POINT('',(-32.3,143.5,4.));
#2996=DIRECTION('',(-0.,-0.,-1.));
#2997=DIRECTION('',(1.,0.,-0.));
#2998=AXIS2_PLACEMENT_3D('',#2995,#2996,#2997);
#2999=CIRCLE('',#2998,1.5);
#3000=EDGE_CURVE('',#2977,#2987,#2999,.T.);
#3001=ORIENTED_EDGE('',*,*,#3000,.F.);
#3002=ORIENTED_EDGE('',*,*,#2984,.T.);
#3003=CARTESIAN_POINT('',(-32.3,143.5,0.));
#3004=DIRECTION('',(0.,0.,-1.));
#3005=DIRECTION('',(-1.,0.,0.));
#3006=AXIS2_PLACEMENT_3D('',#3003,#3004,#3005);
#3007=CIRCLE('',#3006,1.5);
#3008=EDGE_CURVE('',#2979,#2979,#3007,.T.);
#3009=ORIENTED_EDGE('',*,*,#3008,.T.);
#3010=EDGE_LOOP('',(#2985,#2994,#3001,#3002,#3009));
#3011=FACE_BOUND('',#3010,.T.);
#3012=ADVANCED_FACE('',(#3011),#2975,.F.);
#3013=CARTESIAN_POINT('',(-46.3,143.5,3.));
#3014=DIRECTION('',(0.,0.,1.));
#3015=DIRECTION('',(-1.,0.,0.));
#3016=AXIS2_PLACEMENT_3D('',#3013,#3014,#3015);
#3017=CYLINDRICAL_SURFACE('',#3016,1.5);
#3018=CARTESIAN_POINT('',(-47.8,143.5,4.));
#3019=VERTEX_POINT('',#3018);
#3020=CARTESIAN_POINT('',(-47.8,143.5,0.));
#3021=VERTEX_POINT('',#3020);
#3022=CARTESIAN_POINT('',(-47.8,143.5,4.));
#3023=DIRECTION('',(-0.,-0.,-1.));
#3024=VECTOR('',#3023,4.);
#3025=LINE('',#3022,#3024);
#3026=EDGE_CURVE('',#3019,#3021,#3025,.T.);
#3027=ORIENTED_EDGE('',*,*,#3026,.F.);
#3028=CARTESIAN_POINT('',(-44.8,143.5,4.));
#3029=VERTEX_POINT('',#3028);
#3030=CARTESIAN_POINT('',(-46.3,143.5,4.));
#3031=DIRECTION('',(-0.,-0.,-1.));
#3032=DIRECTION('',(1.,0.,-0.));
#3033=AXIS2_PLACEMENT_3D('',#3030,#3031,#3032);
#3034=CIRCLE('',#3033,1.5);
#3035=EDGE_CURVE('',#3029,#3019,#3034,.T.);
#3036=ORIENTED_EDGE('',*,*,#3035,.F.);
#3037=CARTESIAN_POINT('',(-46.3,143.5,4.));
#3038=DIRECTION('',(-0.,-0.,-1.));
#3039=DIRECTION('',(1.,0.,-0.));
#3040=AXIS2_PLACEMENT_3D('',#3037,#3038,#3039);
#3041=CIRCLE('',#3040,1.5);
#3042=EDGE_CURVE('',#3019,#3029,#3041,.T.);
#3043=ORIENTED_EDGE('',*,*,#3042,.F.);
#3044=ORIENTED_EDGE('',*,*,#3026,.T.);
#3045=CARTESIAN_POINT('',(-46.3,143.5,0.));
#3046=DIRECTION('',(0.,0.,-1.));
#3047=DIRECTION('',(-1.,0.,0.));
#3048=AXIS2_PLACEMENT_3D('',#3045,#3046,#3047);
#3049=CIRCLE('',#3048,1.5);
#3050=EDGE_CURVE('',#3021,#3021,#3049,.T.);
#3051=ORIENTED_EDGE('',*,*,#3050,.T.);
#3052=EDGE_LOOP('',(#3027,#3036,#3043,#3044,#3051));
#3053=FACE_BOUND('',#3052,.T.);
#3054=ADVANCED_FACE('',(#3053),#3017,.F.);
#3055=CARTESIAN_POINT('',(-46.3,127.5,3.));
#3056=DIRECTION('',(0.,0.,1.));
#3057=DIRECTION('',(-1.,0.,0.));
#3058=AXIS2_PLACEMENT_3D('',#3055,#3056,#3057);
#3059=CYLINDRICAL_SURFACE('',#3058,1.5);
#3060=CARTESIAN_POINT('',(-47.8,127.5,4.));
#3061=VERTEX_POINT('',#3060);
#3062=CARTESIAN_POINT('',(-47.8,127.5,0.));
#3063=VERTEX_POINT('',#3062);
#3064=CARTESIAN_POINT('',(-47.8,127.5,4.));
#3065=DIRECTION('',(-0.,-0.,-1.));
#3066=VECTOR('',#3065,4.);
#3067=LINE('',#3064,#3066);
#3068=EDGE_CURVE('',#3061,#3063,#3067,.T.);
#3069=ORIENTED_EDGE('',*,*,#3068,.F.);
#3070=CARTESIAN_POINT('',(-44.8,127.5,4.));
#3071=VERTEX_POINT('',#3070);
#3072=CARTESIAN_POINT('',(-46.3,127.5,4.));
#3073=DIRECTION('',(-0.,-0.,-1.));
#3074=DIRECTION('',(1.,0.,-0.));
#3075=AXIS2_PLACEMENT_3D('',#3072,#3073,#3074);
#3076=CIRCLE('',#3075,1.5);
#3077=EDGE_CURVE('',#3071,#3061,#3076,.T.);
#3078=ORIENTED_EDGE('',*,*,#3077,.F.);
#3079=CARTESIAN_POINT('',(-46.3,127.5,4.));
#3080=DIRECTION('',(-0.,-0.,-1.));
#3081=DIRECTION('',(1.,0.,-0.));
#3082=AXIS2_PLACEMENT_3D('',#3079,#3080,#3081);
#3083=CIRCLE('',#3082,1.5);
#3084=EDGE_CURVE('',#3061,#3071,#3083,.T.);
#3085=ORIENTED_EDGE('',*,*,#3084,.F.);
#3086=ORIENTED_EDGE('',*,*,#3068,.T.);
#3087=CARTESIAN_POINT('',(-46.3,127.5,0.));
#3088=DIRECTION('',(0.,0.,-1.));
#3089=DIRECTION('',(-1.,0.,0.));
#3090=AXIS2_PLACEMENT_3D('',#3087,#3088,#3089);
#3091=CIRCLE('',#3090,1.5);
#3092=EDGE_CURVE('',#3063,#3063,#3091,.T.);
#3093=ORIENTED_EDGE('',*,*,#3092,.T.);
#3094=EDGE_LOOP('',(#3069,#3078,#3085,#3086,#3093));
#3095=FACE_BOUND('',#3094,.T.);
#3096=ADVANCED_FACE('',(#3095),#3059,.F.);
#3097=CARTESIAN_POINT('',(-32.3,127.5,3.));
#3098=DIRECTION('',(0.,0.,1.));
#3099=DIRECTION('',(-1.,0.,0.));
#3100=AXIS2_PLACEMENT_3D('',#3097,#3098,#3099);
#3101=CYLINDRICAL_SURFACE('',#3100,1.5);
#3102=CARTESIAN_POINT('',(-33.8,127.5,4.));
#3103=VERTEX_POINT('',#3102);
#3104=CARTESIAN_POINT('',(-33.8,127.5,0.));
#3105=VERTEX_POINT('',#3104);
#3106=CARTESIAN_POINT('',(-33.8,127.5,4.));
#3107=DIRECTION('',(-0.,-0.,-1.));
#3108=VECTOR('',#3107,4.);
#3109=LINE('',#3106,#3108);
#3110=EDGE_CURVE('',#3103,#3105,#3109,.T.);
#3111=ORIENTED_EDGE('',*,*,#3110,.F.);
#3112=CARTESIAN_POINT('',(-30.8,127.5,4.));
#3113=VERTEX_POINT('',#3112);
#3114=CARTESIAN_POINT('',(-32.3,127.5,4.));
#3115=DIRECTION('',(-0.,-0.,-1.));
#3116=DIRECTION('',(1.,0.,-0.));
#3117=AXIS2_PLACEMENT_3D('',#3114,#3115,#3116);
#3118=CIRCLE('',#3117,1.5);
#3119=EDGE_CURVE('',#3113,#3103,#3118,.T.);
#3120=ORIENTED_EDGE('',*,*,#3119,.F.);
#3121=CARTESIAN_POINT('',(-32.3,127.5,4.));
#3122=DIRECTION('',(-0.,-0.,-1.));
#3123=DIRECTION('',(1.,0.,-0.));
#3124=AXIS2_PLACEMENT_3D('',#3121,#3122,#3123);
#3125=CIRCLE('',#3124,1.5);
#3126=EDGE_CURVE('',#3103,#3113,#3125,.T.);
#3127=ORIENTED_EDGE('',*,*,#3126,.F.);
#3128=ORIENTED_EDGE('',*,*,#3110,.T.);
#3129=CARTESIAN_POINT('',(-32.3,127.5,0.));
#3130=DIRECTION('',(0.,0.,-1.));
#3131=DIRECTION('',(-1.,0.,0.));
#3132=AXIS2_PLACEMENT_3D('',#3129,#3130,#3131);
#3133=CIRCLE('',#3132,1.5);
#3134=EDGE_CURVE('',#3105,#3105,#3133,.T.);
#3135=ORIENTED_EDGE('',*,*,#3134,.T.);
#3136=EDGE_LOOP('',(#3111,#3120,#3127,#3128,#3135));
#3137=FACE_BOUND('',#3136,.T.);
#3138=ADVANCED_FACE('',(#3137),#3101,.F.);
#3139=CARTESIAN_POINT('',(-61.982059187,65.821761434,-6.1));
#3140=DIRECTION('',(0.,0.,1.));
#3141=DIRECTION('',(-1.,0.,0.));
#3142=AXIS2_PLACEMENT_3D('',#3139,#3140,#3141);
#3143=CYLINDRICAL_SURFACE('',#3142,1.75);
#3144=CARTESIAN_POINT('',(-63.732059187,65.821761434,4.));
#3145=VERTEX_POINT('',#3144);
#3146=CARTESIAN_POINT('',(-63.732059187,65.821761434,0.));
#3147=VERTEX_POINT('',#3146);
#3148=CARTESIAN_POINT('',(-63.732059187,65.821761434,4.));
#3149=DIRECTION('',(-0.,-0.,-1.));
#3150=VECTOR('',#3149,4.);
#3151=LINE('',#3148,#3150);
#3152=EDGE_CURVE('',#3145,#3147,#3151,.T.);
#3153=ORIENTED_EDGE('',*,*,#3152,.F.);
#3154=CARTESIAN_POINT('',(-60.232059187,65.821761434,4.));
#3155=VERTEX_POINT('',#3154);
#3156=CARTESIAN_POINT('',(-61.982059187,65.821761434,4.));
#3157=DIRECTION('',(-0.,-0.,-1.));
#3158=DIRECTION('',(1.,0.,-0.));
#3159=AXIS2_PLACEMENT_3D('',#3156,#3157,#3158);
#3160=CIRCLE('',#3159,1.75);
#3161=EDGE_CURVE('',#3155,#3145,#3160,.T.);
#3162=ORIENTED_EDGE('',*,*,#3161,.F.);
#3163=CARTESIAN_POINT('',(-61.982059187,65.821761434,4.));
#3164=DIRECTION('',(-0.,-0.,-1.));
#3165=DIRECTION('',(1.,0.,-0.));
#3166=AXIS2_PLACEMENT_3D('',#3163,#3164,#3165);
#3167=CIRCLE('',#3166,1.75);
#3168=EDGE_CURVE('',#3145,#3155,#3167,.T.);
#3169=ORIENTED_EDGE('',*,*,#3168,.F.);
#3170=ORIENTED_EDGE('',*,*,#3152,.T.);
#3171=CARTESIAN_POINT('',(-61.982059187,65.821761434,0.));
#3172=DIRECTION('',(0.,0.,-1.));
#3173=DIRECTION('',(-1.,0.,0.));
#3174=AXIS2_PLACEMENT_3D('',#3171,#3172,#3173);
#3175=CIRCLE('',#3174,1.75);
#3176=EDGE_CURVE('',#3147,#3147,#3175,.T.);
#3177=ORIENTED_EDGE('',*,*,#3176,.T.);
#3178=EDGE_LOOP('',(#3153,#3162,#3169,#3170,#3177));
#3179=FACE_BOUND('',#3178,.T.);
#3180=ADVANCED_FACE('',(#3179),#3143,.F.);
#3181=CARTESIAN_POINT('',(-50.615518082,83.639963862,-12.3));
#3182=DIRECTION('',(0.,0.,1.));
#3183=DIRECTION('',(-1.,0.,0.));
#3184=AXIS2_PLACEMENT_3D('',#3181,#3182,#3183);
#3185=CYLINDRICAL_SURFACE('',#3184,1.75);
#3186=CARTESIAN_POINT('',(-52.365518082,83.639963862,4.));
#3187=VERTEX_POINT('',#3186);
#3188=CARTESIAN_POINT('',(-52.365518082,83.639963862,0.));
#3189=VERTEX_POINT('',#3188);
#3190=CARTESIAN_POINT('',(-52.365518082,83.639963862,4.));
#3191=DIRECTION('',(-0.,-0.,-1.));
#3192=VECTOR('',#3191,4.);
#3193=LINE('',#3190,#3192);
#3194=EDGE_CURVE('',#3187,#3189,#3193,.T.);
#3195=ORIENTED_EDGE('',*,*,#3194,.F.);
#3196=CARTESIAN_POINT('',(-48.865518082,83.639963862,4.));
#3197=VERTEX_POINT('',#3196);
#3198=CARTESIAN_POINT('',(-50.615518082,83.639963862,4.));
#3199=DIRECTION('',(-0.,-0.,-1.));
#3200=DIRECTION('',(1.,0.,-0.));
#3201=AXIS2_PLACEMENT_3D('',#3198,#3199,#3200);
#3202=CIRCLE('',#3201,1.75);
#3203=EDGE_CURVE('',#3197,#3187,#3202,.T.);
#3204=ORIENTED_EDGE('',*,*,#3203,.F.);
#3205=CARTESIAN_POINT('',(-50.615518082,83.639963862,4.));
#3206=DIRECTION('',(-0.,-0.,-1.));
#3207=DIRECTION('',(1.,0.,-0.));
#3208=AXIS2_PLACEMENT_3D('',#3205,#3206,#3207);
#3209=CIRCLE('',#3208,1.75);
#3210=EDGE_CURVE('',#3187,#3197,#3209,.T.);
#3211=ORIENTED_EDGE('',*,*,#3210,.F.);
#3212=ORIENTED_EDGE('',*,*,#3194,.T.);
#3213=CARTESIAN_POINT('',(-50.615518082,83.639963862,0.));
#3214=DIRECTION('',(0.,0.,-1.));
#3215=DIRECTION('',(-1.,0.,0.));
#3216=AXIS2_PLACEMENT_3D('',#3213,#3214,#3215);
#3217=CIRCLE('',#3216,1.75);
#3218=EDGE_CURVE('',#3189,#3189,#3217,.T.);
#3219=ORIENTED_EDGE('',*,*,#3218,.T.);
#3220=EDGE_LOOP('',(#3195,#3204,#3211,#3212,#3219));
#3221=FACE_BOUND('',#3220,.T.);
#3222=ADVANCED_FACE('',(#3221),#3185,.F.);
#3223=CARTESIAN_POINT('',(394.,0.,0.));
#3224=DIRECTION('',(0.,0.,1.));
#3225=DIRECTION('',(1.,0.,0.));
#3226=AXIS2_PLACEMENT_3D('',#3223,#3224,#3225);
#3227=PLANE('',#3226);
#3228=CARTESIAN_POINT('',(-28.,9.,0.));
#3229=VERTEX_POINT('',#3228);
#3230=CARTESIAN_POINT('',(-33.999999999,15.000000173,0.));
#3231=VERTEX_POINT('',#3230);
#3232=CARTESIAN_POINT('',(-28.,9.,0.));
#3233=CARTESIAN_POINT('',(-28.,10.607436992,0.));
#3234=CARTESIAN_POINT('',(-28.803847613,12.000000061,0.));
#3235=CARTESIAN_POINT('',(-29.294534313,12.850051946,0.));
#3236=CARTESIAN_POINT('',(-30.031373142,13.500000095,0.));
#3237=CARTESIAN_POINT('',(-31.709444751,14.980187479,0.));
#3238=CARTESIAN_POINT('',(-33.999999999,15.000000173,0.));
#3239=B_SPLINE_CURVE_WITH_KNOTS('',2,(#3232,#3233,#3234,#3235,#3236,#3237,#3238),.UNSPECIFIED.,.F.,.F.,(3,2,2,3),(0.,0.5,0.75,1.),.UNSPECIFIED.);
#3240=EDGE_CURVE('',#3229,#3231,#3239,.T.);
#3241=ORIENTED_EDGE('',*,*,#3240,.T.);
#3242=CARTESIAN_POINT('',(-34.,15.,0.));
#3243=DIRECTION('',(-1.,0.,0.));
#3244=VECTOR('',#3243,31.464101615);
#3245=LINE('',#3242,#3244);
#3246=EDGE_CURVE('',#3231,#2768,#3245,.T.);
#3247=ORIENTED_EDGE('',*,*,#3246,.T.);
#3248=ORIENTED_EDGE('',*,*,#2774,.F.);
#3249=ORIENTED_EDGE('',*,*,#2823,.F.);
#3250=ORIENTED_EDGE('',*,*,#2870,.F.);
#3251=ORIENTED_EDGE('',*,*,#2901,.F.);
#3252=ORIENTED_EDGE('',*,*,#2934,.F.);
#3253=ORIENTED_EDGE('',*,*,#2965,.F.);
#3254=CARTESIAN_POINT('',(-31.,175.,0.));
#3255=VERTEX_POINT('',#3254);
#3256=CARTESIAN_POINT('',(-31.,150.,0.));
#3257=DIRECTION('',(-0.,-0.,-1.));
#3258=DIRECTION('',(1.,0.,-0.));
#3259=AXIS2_PLACEMENT_3D('',#3256,#3257,#3258);
#3260=CIRCLE('',#3259,25.);
#3261=EDGE_CURVE('',#2954,#3255,#3260,.T.);
#3262=ORIENTED_EDGE('',*,*,#3261,.T.);
#3263=CARTESIAN_POINT('',(31.,175.,0.));
#3264=VERTEX_POINT('',#3263);
#3265=CARTESIAN_POINT('',(31.,175.,0.));
#3266=DIRECTION('',(-1.,0.,0.));
#3267=VECTOR('',#3266,62.);
#3268=LINE('',#3265,#3267);
#3269=EDGE_CURVE('',#3264,#3255,#3268,.T.);
#3270=ORIENTED_EDGE('',*,*,#3269,.F.);
#3271=CARTESIAN_POINT('',(56.,150.,0.));
#3272=VERTEX_POINT('',#3271);
#3273=CARTESIAN_POINT('',(31.,150.,0.));
#3274=DIRECTION('',(-0.,-0.,-1.));
#3275=DIRECTION('',(1.,0.,-0.));
#3276=AXIS2_PLACEMENT_3D('',#3273,#3274,#3275);
#3277=CIRCLE('',#3276,25.);
#3278=EDGE_CURVE('',#3264,#3272,#3277,.T.);
#3279=ORIENTED_EDGE('',*,*,#3278,.T.);
#3280=CARTESIAN_POINT('',(56.,90.04499878,0.));
#3281=VERTEX_POINT('',#3280);
#3282=CARTESIAN_POINT('',(56.,150.,0.));
#3283=DIRECTION('',(0.,-1.,0.));
#3284=VECTOR('',#3283,59.95500122);
#3285=LINE('',#3282,#3284);
#3286=EDGE_CURVE('',#3272,#3281,#3285,.T.);
#3287=ORIENTED_EDGE('',*,*,#3286,.T.);
#3288=CARTESIAN_POINT('',(57.50121981,86.921523542,0.));
#3289=VERTEX_POINT('',#3288);
#3290=CARTESIAN_POINT('',(60.,90.04499878,0.));
#3291=DIRECTION('',(0.,0.,1.));
#3292=DIRECTION('',(1.,0.,-0.));
#3293=AXIS2_PLACEMENT_3D('',#3290,#3291,#3292);
#3294=CIRCLE('',#3293,4.);
#3295=EDGE_CURVE('',#3281,#3289,#3294,.T.);
#3296=ORIENTED_EDGE('',*,*,#3295,.T.);
#3297=CARTESIAN_POINT('',(64.49878019,81.323475238,0.));
#3298=VERTEX_POINT('',#3297);
#3299=CARTESIAN_POINT('',(57.50121981,86.921523542,0.));
#3300=DIRECTION('',(0.780868809,-0.624695048,0.));
#3301=VECTOR('',#3300,8.961249695);
#3302=LINE('',#3299,#3301);
#3303=EDGE_CURVE('',#3289,#3298,#3302,.T.);
#3304=ORIENTED_EDGE('',*,*,#3303,.T.);
#3305=CARTESIAN_POINT('',(66.,78.2,0.));
#3306=VERTEX_POINT('',#3305);
#3307=CARTESIAN_POINT('',(62.,78.2,0.));
#3308=DIRECTION('',(-0.,-0.,-1.));
#3309=DIRECTION('',(1.,0.,-0.));
#3310=AXIS2_PLACEMENT_3D('',#3307,#3308,#3309);
#3311=CIRCLE('',#3310,4.);
#3312=EDGE_CURVE('',#3298,#3306,#3311,.T.);
#3313=ORIENTED_EDGE('',*,*,#3312,.T.);
#3314=CARTESIAN_POINT('',(66.,17.,0.));
#3315=VERTEX_POINT('',#3314);
#3316=CARTESIAN_POINT('',(66.,78.2,0.));
#3317=DIRECTION('',(-0.,-1.,0.));
#3318=VECTOR('',#3317,61.2);
#3319=LINE('',#3316,#3318);
#3320=EDGE_CURVE('',#3306,#3315,#3319,.T.);
#3321=ORIENTED_EDGE('',*,*,#3320,.T.);
#3322=CARTESIAN_POINT('',(65.464101615,15.,0.));
#3323=VERTEX_POINT('',#3322);
#3324=CARTESIAN_POINT('',(62.,17.,0.));
#3325=DIRECTION('',(-0.,-0.,-1.));
#3326=DIRECTION('',(1.,0.,-0.));
#3327=AXIS2_PLACEMENT_3D('',#3324,#3325,#3326);
#3328=CIRCLE('',#3327,4.);
#3329=EDGE_CURVE('',#3315,#3323,#3328,.T.);
#3330=ORIENTED_EDGE('',*,*,#3329,.T.);
#3331=CARTESIAN_POINT('',(34.,15.,0.));
#3332=VERTEX_POINT('',#3331);
#3333=CARTESIAN_POINT('',(65.464101615,15.,0.));
#3334=DIRECTION('',(-1.,0.,0.));
#3335=VECTOR('',#3334,31.464101615);
#3336=LINE('',#3333,#3335);
#3337=EDGE_CURVE('',#3323,#3332,#3336,.T.);
#3338=ORIENTED_EDGE('',*,*,#3337,.T.);
#3339=CARTESIAN_POINT('',(28.,9.000003114,0.));
#3340=VERTEX_POINT('',#3339);
#3341=CARTESIAN_POINT('',(34.,15.,0.));
#3342=CARTESIAN_POINT('',(32.392563902,15.,0.));
#3343=CARTESIAN_POINT('',(31.,14.196152423,0.));
#3344=CARTESIAN_POINT('',(30.149910815,13.705444505,0.));
#3345=CARTESIAN_POINT('',(29.5,12.968626967,0.));
#3346=CARTESIAN_POINT('',(28.016143996,11.286348253,0.));
#3347=CARTESIAN_POINT('',(28.,9.000003114,0.));
#3348=B_SPLINE_CURVE_WITH_KNOTS('',2,(#3341,#3342,#3343,#3344,#3345,#3346,#3347),.UNSPECIFIED.,.F.,.F.,(3,2,2,3),(0.,0.5,0.75,1.),.UNSPECIFIED.);
#3349=EDGE_CURVE('',#3332,#3340,#3348,.T.);
#3350=ORIENTED_EDGE('',*,*,#3349,.T.);
#3351=CARTESIAN_POINT('',(28.,-3.,0.));
#3352=VERTEX_POINT('',#3351);
#3353=CARTESIAN_POINT('',(28.,9.000003114,0.));
#3354=DIRECTION('',(0.,-1.,0.));
#3355=VECTOR('',#3354,12.000003114);
#3356=LINE('',#3353,#3355);
#3357=EDGE_CURVE('',#3340,#3352,#3356,.T.);
#3358=ORIENTED_EDGE('',*,*,#3357,.T.);
#3359=CARTESIAN_POINT('',(26.,-5.,0.));
#3360=VERTEX_POINT('',#3359);
#3361=CARTESIAN_POINT('',(28.,-3.,0.));
#3362=CARTESIAN_POINT('',(28.,-3.535634649,0.));
#3363=CARTESIAN_POINT('',(27.732050808,-4.,0.));
#3364=CARTESIAN_POINT('',(27.603433009,-4.222899158,0.));
#3365=CARTESIAN_POINT('',(27.428761491,-4.4,0.));
#3366=CARTESIAN_POINT('',(26.847211818,-4.989637844,0.));
#3367=CARTESIAN_POINT('',(26.000003513,-5.,0.));
#3368=B_SPLINE_CURVE_WITH_KNOTS('',2,(#3361,#3362,#3363,#3364,#3365,#3366,#3367),.UNSPECIFIED.,.F.,.F.,(3,2,2,3),(0.,0.5,0.7,1.),.UNSPECIFIED.);
#3369=EDGE_CURVE('',#3352,#3360,#3368,.T.);
#3370=ORIENTED_EDGE('',*,*,#3369,.T.);
#3371=CARTESIAN_POINT('',(-26.,-5.,0.));
#3372=VERTEX_POINT('',#3371);
#3373=CARTESIAN_POINT('',(26.,-5.,0.));
#3374=DIRECTION('',(-1.,0.,0.));
#3375=VECTOR('',#3374,52.);
#3376=LINE('',#3373,#3375);
#3377=EDGE_CURVE('',#3360,#3372,#3376,.T.);
#3378=ORIENTED_EDGE('',*,*,#3377,.T.);
#3379=CARTESIAN_POINT('',(-28.,-3.000003845,0.));
#3380=VERTEX_POINT('',#3379);
#3381=CARTESIAN_POINT('',(-26.,-5.,0.));
#3382=CARTESIAN_POINT('',(-26.535634646,-5.,0.));
#3383=CARTESIAN_POINT('',(-27.,-4.732050808,0.));
#3384=CARTESIAN_POINT('',(-27.222899154,-4.603433011,0.));
#3385=CARTESIAN_POINT('',(-27.4,-4.428761491,0.));
#3386=CARTESIAN_POINT('',(-27.989637784,-3.847211879,0.));
#3387=CARTESIAN_POINT('',(-28.,-3.000003845,0.));
#3388=B_SPLINE_CURVE_WITH_KNOTS('',2,(#3381,#3382,#3383,#3384,#3385,#3386,#3387),.UNSPECIFIED.,.F.,.F.,(3,2,2,3),(0.,0.5,0.7,1.),.UNSPECIFIED.);
#3389=EDGE_CURVE('',#3372,#3380,#3388,.T.);
#3390=ORIENTED_EDGE('',*,*,#3389,.T.);
#3391=CARTESIAN_POINT('',(-28.,-3.000003845,0.));
#3392=DIRECTION('',(0.,1.,0.));
#3393=VECTOR('',#3392,12.000003845);
#3394=LINE('',#3391,#3393);
#3395=EDGE_CURVE('',#3380,#3229,#3394,.T.);
#3396=ORIENTED_EDGE('',*,*,#3395,.T.);
#3397=EDGE_LOOP('',(#3241,#3247,#3248,#3249,#3250,#3251,#3252,#3253,#3262,#3270,#3279,#3287,#3296,#3304,#3313,#3321,#3330,#3338,#3350,#3358,#3370,#3378,#3390,#3396));
#3398=FACE_BOUND('',#3397,.T.);
#3399=ORIENTED_EDGE('',*,*,#3008,.F.);
#3400=EDGE_LOOP('',(#3399));
#3401=FACE_BOUND('',#3400,.T.);
#3402=ORIENTED_EDGE('',*,*,#3050,.F.);
#3403=EDGE_LOOP('',(#3402));
#3404=FACE_BOUND('',#3403,.T.);
#3405=ORIENTED_EDGE('',*,*,#3092,.F.);
#3406=EDGE_LOOP('',(#3405));
#3407=FACE_BOUND('',#3406,.T.);
#3408=ORIENTED_EDGE('',*,*,#3134,.F.);
#3409=EDGE_LOOP('',(#3408));
#3410=FACE_BOUND('',#3409,.T.);
#3411=ORIENTED_EDGE('',*,*,#3176,.F.);
#3412=EDGE_LOOP('',(#3411));
#3413=FACE_BOUND('',#3412,.T.);
#3414=ORIENTED_EDGE('',*,*,#3218,.F.);
#3415=EDGE_LOOP('',(#3414));
#3416=FACE_BOUND('',#3415,.T.);
#3417=CARTESIAN_POINT('',(52.365518082,83.639963862,0.));
#3418=VERTEX_POINT('',#3417);
#3419=CARTESIAN_POINT('',(50.615518082,83.639963862,0.));
#3420=DIRECTION('',(0.,0.,1.));
#3421=DIRECTION('',(1.,0.,-0.));
#3422=AXIS2_PLACEMENT_3D('',#3419,#3420,#3421);
#3423=CIRCLE('',#3422,1.75);
#3424=EDGE_CURVE('',#3418,#3418,#3423,.T.);
#3425=ORIENTED_EDGE('',*,*,#3424,.T.);
#3426=EDGE_LOOP('',(#3425));
#3427=FACE_BOUND('',#3426,.T.);
#3428=CARTESIAN_POINT('',(63.732059187,65.821761434,0.));
#3429=VERTEX_POINT('',#3428);
#3430=CARTESIAN_POINT('',(61.982059187,65.821761434,0.));
#3431=DIRECTION('',(0.,0.,1.));
#3432=DIRECTION('',(1.,0.,-0.));
#3433=AXIS2_PLACEMENT_3D('',#3430,#3431,#3432);
#3434=CIRCLE('',#3433,1.75);
#3435=EDGE_CURVE('',#3429,#3429,#3434,.T.);
#3436=ORIENTED_EDGE('',*,*,#3435,.T.);
#3437=EDGE_LOOP('',(#3436));
#3438=FACE_BOUND('',#3437,.T.);
#3439=CARTESIAN_POINT('',(33.8,127.5,0.));
#3440=VERTEX_POINT('',#3439);
#3441=CARTESIAN_POINT('',(32.3,127.5,0.));
#3442=DIRECTION('',(0.,0.,1.));
#3443=DIRECTION('',(1.,0.,-0.));
#3444=AXIS2_PLACEMENT_3D('',#3441,#3442,#3443);
#3445=CIRCLE('',#3444,1.5);
#3446=EDGE_CURVE('',#3440,#3440,#3445,.T.);
#3447=ORIENTED_EDGE('',*,*,#3446,.T.);
#3448=EDGE_LOOP('',(#3447));
#3449=FACE_BOUND('',#3448,.T.);
#3450=CARTESIAN_POINT('',(47.8,127.5,0.));
#3451=VERTEX_POINT('',#3450);
#3452=CARTESIAN_POINT('',(46.3,127.5,0.));
#3453=DIRECTION('',(0.,0.,1.));
#3454=DIRECTION('',(1.,0.,-0.));
#3455=AXIS2_PLACEMENT_3D('',#3452,#3453,#3454);
#3456=CIRCLE('',#3455,1.5);
#3457=EDGE_CURVE('',#3451,#3451,#3456,.T.);
#3458=ORIENTED_EDGE('',*,*,#3457,.T.);
#3459=EDGE_LOOP('',(#3458));
#3460=FACE_BOUND('',#3459,.T.);
#3461=CARTESIAN_POINT('',(47.8,143.5,0.));
#3462=VERTEX_POINT('',#3461);
#3463=CARTESIAN_POINT('',(46.3,143.5,0.));
#3464=DIRECTION('',(0.,0.,1.));
#3465=DIRECTION('',(1.,0.,-0.));
#3466=AXIS2_PLACEMENT_3D('',#3463,#3464,#3465);
#3467=CIRCLE('',#3466,1.5);
#3468=EDGE_CURVE('',#3462,#3462,#3467,.T.);
#3469=ORIENTED_EDGE('',*,*,#3468,.T.);
#3470=EDGE_LOOP('',(#3469));
#3471=FACE_BOUND('',#3470,.T.);
#3472=CARTESIAN_POINT('',(33.8,143.5,0.));
#3473=VERTEX_POINT('',#3472);
#3474=CARTESIAN_POINT('',(32.3,143.5,0.));
#3475=DIRECTION('',(0.,0.,1.));
#3476=DIRECTION('',(1.,0.,-0.));
#3477=AXIS2_PLACEMENT_3D('',#3474,#3475,#3476);
#3478=CIRCLE('',#3477,1.5);
#3479=EDGE_CURVE('',#3473,#3473,#3478,.T.);
#3480=ORIENTED_EDGE('',*,*,#3479,.T.);
#3481=EDGE_LOOP('',(#3480));
#3482=FACE_BOUND('',#3481,.T.);
#3483=ADVANCED_FACE('',(#3398,#3401,#3404,#3407,#3410,#3413,#3416,#3427,#3438,#3449,#3460,#3471,#3482),#3227,.F.);
#3484=CARTESIAN_POINT('',(394.,0.,4.));
#3485=DIRECTION('',(0.,0.,1.));
#3486=DIRECTION('',(1.,0.,0.));
#3487=AXIS2_PLACEMENT_3D('',#3484,#3485,#3486);
#3488=PLANE('',#3487);
#3489=CARTESIAN_POINT('',(28.,9.,4.));
#3490=VERTEX_POINT('',#3489);
#3491=CARTESIAN_POINT('',(33.999999999,15.000000173,4.));
#3492=VERTEX_POINT('',#3491);
#3493=CARTESIAN_POINT('',(28.,9.,4.));
#3494=CARTESIAN_POINT('',(28.,10.607436992,4.));
#3495=CARTESIAN_POINT('',(28.803847613,12.000000061,4.));
#3496=CARTESIAN_POINT('',(29.294534313,12.850051946,4.));
#3497=CARTESIAN_POINT('',(30.031373142,13.500000095,4.));
#3498=CARTESIAN_POINT('',(31.709444753,14.980187482,4.));
#3499=CARTESIAN_POINT('',(33.999999999,15.000000173,4.));
#3500=B_SPLINE_CURVE_WITH_KNOTS('',2,(#3493,#3494,#3495,#3496,#3497,#3498,#3499),.UNSPECIFIED.,.F.,.F.,(3,2,2,3),(0.,0.5,0.75,1.),.UNSPECIFIED.);
#3501=EDGE_CURVE('',#3490,#3492,#3500,.T.);
#3502=ORIENTED_EDGE('',*,*,#3501,.T.);
#3503=CARTESIAN_POINT('',(65.464101615,15.,4.));
#3504=VERTEX_POINT('',#3503);
#3505=CARTESIAN_POINT('',(34.,15.,4.));
#3506=DIRECTION('',(1.,0.,-0.));
#3507=VECTOR('',#3506,31.464101615);
#3508=LINE('',#3505,#3507);
#3509=EDGE_CURVE('',#3492,#3504,#3508,.T.);
#3510=ORIENTED_EDGE('',*,*,#3509,.T.);
#3511=CARTESIAN_POINT('',(66.,17.,4.));
#3512=VERTEX_POINT('',#3511);
#3513=CARTESIAN_POINT('',(62.,17.,4.));
#3514=DIRECTION('',(0.,0.,1.));
#3515=DIRECTION('',(1.,0.,-0.));
#3516=AXIS2_PLACEMENT_3D('',#3513,#3514,#3515);
#3517=CIRCLE('',#3516,4.);
#3518=EDGE_CURVE('',#3504,#3512,#3517,.T.);
#3519=ORIENTED_EDGE('',*,*,#3518,.T.);
#3520=CARTESIAN_POINT('',(66.,78.2,4.));
#3521=VERTEX_POINT('',#3520);
#3522=CARTESIAN_POINT('',(66.,78.2,4.));
#3523=DIRECTION('',(-0.,-1.,0.));
#3524=VECTOR('',#3523,61.2);
#3525=LINE('',#3522,#3524);
#3526=EDGE_CURVE('',#3521,#3512,#3525,.T.);
#3527=ORIENTED_EDGE('',*,*,#3526,.F.);
#3528=CARTESIAN_POINT('',(64.49878019,81.323475238,4.));
#3529=VERTEX_POINT('',#3528);
#3530=CARTESIAN_POINT('',(62.,78.2,4.));
#3531=DIRECTION('',(0.,0.,1.));
#3532=DIRECTION('',(1.,0.,-0.));
#3533=AXIS2_PLACEMENT_3D('',#3530,#3531,#3532);
#3534=CIRCLE('',#3533,4.);
#3535=EDGE_CURVE('',#3521,#3529,#3534,.T.);
#3536=ORIENTED_EDGE('',*,*,#3535,.T.);
#3537=CARTESIAN_POINT('',(57.50121981,86.921523542,4.));
#3538=VERTEX_POINT('',#3537);
#3539=CARTESIAN_POINT('',(57.50121981,86.921523542,4.));
#3540=DIRECTION('',(0.780868809,-0.624695048,0.));
#3541=VECTOR('',#3540,8.961249695);
#3542=LINE('',#3539,#3541);
#3543=EDGE_CURVE('',#3538,#3529,#3542,.T.);
#3544=ORIENTED_EDGE('',*,*,#3543,.F.);
#3545=CARTESIAN_POINT('',(56.,90.04499878,4.));
#3546=VERTEX_POINT('',#3545);
#3547=CARTESIAN_POINT('',(60.,90.04499878,4.));
#3548=DIRECTION('',(-0.,-0.,-1.));
#3549=DIRECTION('',(1.,0.,-0.));
#3550=AXIS2_PLACEMENT_3D('',#3547,#3548,#3549);
#3551=CIRCLE('',#3550,4.);
#3552=EDGE_CURVE('',#3538,#3546,#3551,.T.);
#3553=ORIENTED_EDGE('',*,*,#3552,.T.);
#3554=CARTESIAN_POINT('',(56.,150.,4.));
#3555=VERTEX_POINT('',#3554);
#3556=CARTESIAN_POINT('',(56.,150.,4.));
#3557=DIRECTION('',(0.,-1.,0.));
#3558=VECTOR('',#3557,59.95500122);
#3559=LINE('',#3556,#3558);
#3560=EDGE_CURVE('',#3555,#3546,#3559,.T.);
#3561=ORIENTED_EDGE('',*,*,#3560,.F.);
#3562=CARTESIAN_POINT('',(31.,175.,4.));
#3563=VERTEX_POINT('',#3562);
#3564=CARTESIAN_POINT('',(31.,150.,4.));
#3565=DIRECTION('',(0.,0.,1.));
#3566=DIRECTION('',(1.,0.,-0.));
#3567=AXIS2_PLACEMENT_3D('',#3564,#3565,#3566);
#3568=CIRCLE('',#3567,25.);
#3569=EDGE_CURVE('',#3555,#3563,#3568,.T.);
#3570=ORIENTED_EDGE('',*,*,#3569,.T.);
#3571=CARTESIAN_POINT('',(-31.,175.,4.));
#3572=VERTEX_POINT('',#3571);
#3573=CARTESIAN_POINT('',(31.,175.,4.));
#3574=DIRECTION('',(-1.,0.,0.));
#3575=VECTOR('',#3574,62.);
#3576=LINE('',#3573,#3575);
#3577=EDGE_CURVE('',#3563,#3572,#3576,.T.);
#3578=ORIENTED_EDGE('',*,*,#3577,.T.);
#3579=CARTESIAN_POINT('',(-31.,150.,4.));
#3580=DIRECTION('',(0.,0.,1.));
#3581=DIRECTION('',(1.,0.,-0.));
#3582=AXIS2_PLACEMENT_3D('',#3579,#3580,#3581);
#3583=CIRCLE('',#3582,25.);
#3584=EDGE_CURVE('',#3572,#2946,#3583,.T.);
#3585=ORIENTED_EDGE('',*,*,#3584,.T.);
#3586=ORIENTED_EDGE('',*,*,#2951,.T.);
#3587=ORIENTED_EDGE('',*,*,#2919,.F.);
#3588=ORIENTED_EDGE('',*,*,#2887,.T.);
#3589=ORIENTED_EDGE('',*,*,#2855,.F.);
#3590=ORIENTED_EDGE('',*,*,#2832,.T.);
#3591=ORIENTED_EDGE('',*,*,#2801,.F.);
#3592=CARTESIAN_POINT('',(-34.,15.,4.));
#3593=VERTEX_POINT('',#3592);
#3594=CARTESIAN_POINT('',(-65.464101615,15.,4.));
#3595=DIRECTION('',(1.,0.,-0.));
#3596=VECTOR('',#3595,31.464101615);
#3597=LINE('',#3594,#3596);
#3598=EDGE_CURVE('',#2786,#3593,#3597,.T.);
#3599=ORIENTED_EDGE('',*,*,#3598,.T.);
#3600=CARTESIAN_POINT('',(-28.,9.000003131,4.));
#3601=VERTEX_POINT('',#3600);
#3602=CARTESIAN_POINT('',(-34.,15.,4.));
#3603=CARTESIAN_POINT('',(-32.392563902,15.,4.));
#3604=CARTESIAN_POINT('',(-31.,14.196152423,4.));
#3605=CARTESIAN_POINT('',(-30.149910815,13.705444506,4.));
#3606=CARTESIAN_POINT('',(-29.5,12.968626967,4.));
#3607=CARTESIAN_POINT('',(-28.016143999,11.286348257,4.));
#3608=CARTESIAN_POINT('',(-28.,9.000003131,4.));
#3609=B_SPLINE_CURVE_WITH_KNOTS('',2,(#3602,#3603,#3604,#3605,#3606,#3607,#3608),.UNSPECIFIED.,.F.,.F.,(3,2,2,3),(0.,0.5,0.75,1.),.UNSPECIFIED.);
#3610=EDGE_CURVE('',#3593,#3601,#3609,.T.);
#3611=ORIENTED_EDGE('',*,*,#3610,.T.);
#3612=CARTESIAN_POINT('',(-28.,-3.,4.));
#3613=VERTEX_POINT('',#3612);
#3614=CARTESIAN_POINT('',(-28.,9.000003131,4.));
#3615=DIRECTION('',(0.,-1.,0.));
#3616=VECTOR('',#3615,12.000003131);
#3617=LINE('',#3614,#3616);
#3618=EDGE_CURVE('',#3601,#3613,#3617,.T.);
#3619=ORIENTED_EDGE('',*,*,#3618,.T.);
#3620=CARTESIAN_POINT('',(-26.000003478,-5.,4.));
#3621=VERTEX_POINT('',#3620);
#3622=CARTESIAN_POINT('',(-28.,-3.,4.));
#3623=CARTESIAN_POINT('',(-28.,-3.535634649,4.));
#3624=CARTESIAN_POINT('',(-27.732050808,-4.,4.));
#3625=CARTESIAN_POINT('',(-27.603433009,-4.222899158,4.));
#3626=CARTESIAN_POINT('',(-27.428761491,-4.4,4.));
#3627=CARTESIAN_POINT('',(-26.847211811,-4.98963785,4.));
#3628=CARTESIAN_POINT('',(-26.000003478,-5.,4.));
#3629=B_SPLINE_CURVE_WITH_KNOTS('',2,(#3622,#3623,#3624,#3625,#3626,#3627,#3628),.UNSPECIFIED.,.F.,.F.,(3,2,2,3),(0.,0.5,0.7,1.),.UNSPECIFIED.);
#3630=EDGE_CURVE('',#3613,#3621,#3629,.T.);
#3631=ORIENTED_EDGE('',*,*,#3630,.T.);
#3632=CARTESIAN_POINT('',(26.,-5.,4.));
#3633=VERTEX_POINT('',#3632);
#3634=CARTESIAN_POINT('',(-26.,-5.,4.));
#3635=DIRECTION('',(1.,0.,-0.));
#3636=VECTOR('',#3635,52.);
#3637=LINE('',#3634,#3636);
#3638=EDGE_CURVE('',#3621,#3633,#3637,.T.);
#3639=ORIENTED_EDGE('',*,*,#3638,.T.);
#3640=CARTESIAN_POINT('',(28.,-3.000003495,4.));
#3641=VERTEX_POINT('',#3640);
#3642=CARTESIAN_POINT('',(26.,-5.,4.));
#3643=CARTESIAN_POINT('',(26.535634649,-5.,4.));
#3644=CARTESIAN_POINT('',(27.,-4.732050808,4.));
#3645=CARTESIAN_POINT('',(27.222899158,-4.603433009,4.));
#3646=CARTESIAN_POINT('',(27.4,-4.428761491,4.));
#3647=CARTESIAN_POINT('',(27.989637847,-3.847211814,4.));
#3648=CARTESIAN_POINT('',(28.,-3.000003495,4.));
#3649=B_SPLINE_CURVE_WITH_KNOTS('',2,(#3642,#3643,#3644,#3645,#3646,#3647,#3648),.UNSPECIFIED.,.F.,.F.,(3,2,2,3),(0.,0.5,0.7,1.),.UNSPECIFIED.);
#3650=EDGE_CURVE('',#3633,#3641,#3649,.T.);
#3651=ORIENTED_EDGE('',*,*,#3650,.T.);
#3652=CARTESIAN_POINT('',(28.,-3.000003495,4.));
#3653=DIRECTION('',(0.,1.,0.));
#3654=VECTOR('',#3653,12.000003495);
#3655=LINE('',#3652,#3654);
#3656=EDGE_CURVE('',#3641,#3490,#3655,.T.);
#3657=ORIENTED_EDGE('',*,*,#3656,.T.);
#3658=EDGE_LOOP('',(#3502,#3510,#3519,#3527,#3536,#3544,#3553,#3561,#3570,#3578,#3585,#3586,#3587,#3588,#3589,#3590,#3591,#3599,#3611,#3619,#3631,#3639,#3651,#3657));
#3659=FACE_BOUND('',#3658,.T.);
#3660=ORIENTED_EDGE('',*,*,#3203,.T.);
#3661=ORIENTED_EDGE('',*,*,#3210,.T.);
#3662=EDGE_LOOP('',(#3660,#3661));
#3663=FACE_BOUND('',#3662,.T.);
#3664=ORIENTED_EDGE('',*,*,#3161,.T.);
#3665=ORIENTED_EDGE('',*,*,#3168,.T.);
#3666=EDGE_LOOP('',(#3664,#3665));
#3667=FACE_BOUND('',#3666,.T.);
#3668=ORIENTED_EDGE('',*,*,#3035,.T.);
#3669=ORIENTED_EDGE('',*,*,#3042,.T.);
#3670=EDGE_LOOP('',(#3668,#3669));
#3671=FACE_BOUND('',#3670,.T.);
#3672=ORIENTED_EDGE('',*,*,#3119,.T.);
#3673=ORIENTED_EDGE('',*,*,#3126,.T.);
#3674=EDGE_LOOP('',(#3672,#3673));
#3675=FACE_BOUND('',#3674,.T.);
#3676=ORIENTED_EDGE('',*,*,#3077,.T.);
#3677=ORIENTED_EDGE('',*,*,#3084,.T.);
#3678=EDGE_LOOP('',(#3676,#3677));
#3679=FACE_BOUND('',#3678,.T.);
#3680=ORIENTED_EDGE('',*,*,#2993,.T.);
#3681=ORIENTED_EDGE('',*,*,#3000,.T.);
#3682=EDGE_LOOP('',(#3680,#3681));
#3683=FACE_BOUND('',#3682,.T.);
#3684=CARTESIAN_POINT('',(33.8,143.5,4.));
#3685=VERTEX_POINT('',#3684);
#3686=CARTESIAN_POINT('',(32.3,143.5,4.));
#3687=DIRECTION('',(0.,0.,1.));
#3688=DIRECTION('',(1.,0.,-0.));
#3689=AXIS2_PLACEMENT_3D('',#3686,#3687,#3688);
#3690=CIRCLE('',#3689,1.5);
#3691=EDGE_CURVE('',#3685,#3685,#3690,.T.);
#3692=ORIENTED_EDGE('',*,*,#3691,.F.);
#3693=EDGE_LOOP('',(#3692));
#3694=FACE_BOUND('',#3693,.T.);
#3695=CARTESIAN_POINT('',(47.8,127.5,4.));
#3696=VERTEX_POINT('',#3695);
#3697=CARTESIAN_POINT('',(46.3,127.5,4.));
#3698=DIRECTION('',(0.,0.,1.));
#3699=DIRECTION('',(1.,0.,-0.));
#3700=AXIS2_PLACEMENT_3D('',#3697,#3698,#3699);
#3701=CIRCLE('',#3700,1.5);
#3702=EDGE_CURVE('',#3696,#3696,#3701,.T.);
#3703=ORIENTED_EDGE('',*,*,#3702,.F.);
#3704=EDGE_LOOP('',(#3703));
#3705=FACE_BOUND('',#3704,.T.);
#3706=CARTESIAN_POINT('',(33.8,127.5,4.));
#3707=VERTEX_POINT('',#3706);
#3708=CARTESIAN_POINT('',(32.3,127.5,4.));
#3709=DIRECTION('',(0.,0.,1.));
#3710=DIRECTION('',(1.,0.,-0.));
#3711=AXIS2_PLACEMENT_3D('',#3708,#3709,#3710);
#3712=CIRCLE('',#3711,1.5);
#3713=EDGE_CURVE('',#3707,#3707,#3712,.T.);
#3714=ORIENTED_EDGE('',*,*,#3713,.F.);
#3715=EDGE_LOOP('',(#3714));
#3716=FACE_BOUND('',#3715,.T.);
#3717=CARTESIAN_POINT('',(47.8,143.5,4.));
#3718=VERTEX_POINT('',#3717);
#3719=CARTESIAN_POINT('',(46.3,143.5,4.));
#3720=DIRECTION('',(0.,0.,1.));
#3721=DIRECTION('',(1.,0.,-0.));
#3722=AXIS2_PLACEMENT_3D('',#3719,#3720,#3721);
#3723=CIRCLE('',#3722,1.5);
#3724=EDGE_CURVE('',#3718,#3718,#3723,.T.);
#3725=ORIENTED_EDGE('',*,*,#3724,.F.);
#3726=EDGE_LOOP('',(#3725));
#3727=FACE_BOUND('',#3726,.T.);
#3728=CARTESIAN_POINT('',(63.732059187,65.821761434,4.));
#3729=VERTEX_POINT('',#3728);
#3730=CARTESIAN_POINT('',(61.982059187,65.821761434,4.));
#3731=DIRECTION('',(0.,0.,1.));
#3732=DIRECTION('',(1.,0.,-0.));
#3733=AXIS2_PLACEMENT_3D('',#3730,#3731,#3732);
#3734=CIRCLE('',#3733,1.75);
#3735=EDGE_CURVE('',#3729,#3729,#3734,.T.);
#3736=ORIENTED_EDGE('',*,*,#3735,.F.);
#3737=EDGE_LOOP('',(#3736));
#3738=FACE_BOUND('',#3737,.T.);
#3739=CARTESIAN_POINT('',(52.365518082,83.639963862,4.));
#3740=VERTEX_POINT('',#3739);
#3741=CARTESIAN_POINT('',(50.615518082,83.639963862,4.));
#3742=DIRECTION('',(0.,0.,1.));
#3743=DIRECTION('',(1.,0.,-0.));
#3744=AXIS2_PLACEMENT_3D('',#3741,#3742,#3743);
#3745=CIRCLE('',#3744,1.75);
#3746=EDGE_CURVE('',#3740,#3740,#3745,.T.);
#3747=ORIENTED_EDGE('',*,*,#3746,.F.);
#3748=EDGE_LOOP('',(#3747));
#3749=FACE_BOUND('',#3748,.T.);
#3750=ADVANCED_FACE('',(#3659,#3663,#3667,#3671,#3675,#3679,#3683,#3694,#3705,#3716,#3727,#3738,#3749),#3488,.T.);
#3751=CARTESIAN_POINT('',(-1.,175.,6.));
#3752=DIRECTION('',(0.,1.,0.));
#3753=DIRECTION('',(0.,0.,1.));
#3754=AXIS2_PLACEMENT_3D('',#3751,#3752,#3753);
#3755=PLANE('',#3754);
#3756=ORIENTED_EDGE('',*,*,#3577,.F.);
#3757=CARTESIAN_POINT('',(31.,175.,4.));
#3758=DIRECTION('',(-0.,-0.,-1.));
#3759=VECTOR('',#3758,4.);
#3760=LINE('',#3757,#3759);
#3761=EDGE_CURVE('',#3563,#3264,#3760,.T.);
#3762=ORIENTED_EDGE('',*,*,#3761,.T.);
#3763=ORIENTED_EDGE('',*,*,#3269,.T.);
#3764=CARTESIAN_POINT('',(-31.,175.,0.));
#3765=DIRECTION('',(0.,0.,1.));
#3766=VECTOR('',#3765,4.);
#3767=LINE('',#3764,#3766);
#3768=EDGE_CURVE('',#3255,#3572,#3767,.T.);
#3769=ORIENTED_EDGE('',*,*,#3768,.T.);
#3770=EDGE_LOOP('',(#3756,#3762,#3763,#3769));
#3771=FACE_BOUND('',#3770,.T.);
#3772=ADVANCED_FACE('',(#3771),#3755,.T.);
#3773=CARTESIAN_POINT('',(62.,17.,6.));
#3774=DIRECTION('',(0.,0.,-1.));
#3775=DIRECTION('',(-1.,0.,0.));
#3776=AXIS2_PLACEMENT_3D('',#3773,#3774,#3775);
#3777=CYLINDRICAL_SURFACE('',#3776,4.);
#3778=CARTESIAN_POINT('',(62.,13.,2.));
#3779=VERTEX_POINT('',#3778);
#3780=CARTESIAN_POINT('',(62.,17.,6.));
#3781=DIRECTION('',(0.,0.707106781,-0.707106781));
#3782=DIRECTION('',(0.,-0.707106781,-0.707106781));
#3783=AXIS2_PLACEMENT_3D('',#3780,#3781,#3782);
#3784=ELLIPSE('',#3783,5.656854249,4.);
#3785=EDGE_CURVE('',#3504,#3779,#3784,.T.);
#3786=ORIENTED_EDGE('',*,*,#3785,.T.);
#3787=CARTESIAN_POINT('',(62.,17.,-2.));
#3788=DIRECTION('',(-0.,0.707106781,0.707106781));
#3789=DIRECTION('',(0.,0.707106781,-0.707106781));
#3790=AXIS2_PLACEMENT_3D('',#3787,#3788,#3789);
#3791=ELLIPSE('',#3790,5.656854249,4.);
#3792=EDGE_CURVE('',#3779,#3323,#3791,.T.);
#3793=ORIENTED_EDGE('',*,*,#3792,.T.);
#3794=ORIENTED_EDGE('',*,*,#3329,.F.);
#3795=CARTESIAN_POINT('',(66.,17.,4.));
#3796=DIRECTION('',(0.,0.,-1.));
#3797=VECTOR('',#3796,4.);
#3798=LINE('',#3795,#3797);
#3799=EDGE_CURVE('',#3512,#3315,#3798,.T.);
#3800=ORIENTED_EDGE('',*,*,#3799,.F.);
#3801=ORIENTED_EDGE('',*,*,#3518,.F.);
#3802=EDGE_LOOP('',(#3786,#3793,#3794,#3800,#3801));
#3803=FACE_BOUND('',#3802,.T.);
#3804=ADVANCED_FACE('',(#3803),#3777,.T.);
#3805=CARTESIAN_POINT('',(66.,44.,6.));
#3806=DIRECTION('',(1.,-0.,0.));
#3807=DIRECTION('',(0.,1.,0.));
#3808=AXIS2_PLACEMENT_3D('',#3805,#3806,#3807);
#3809=PLANE('',#3808);
#3810=ORIENTED_EDGE('',*,*,#3320,.F.);
#3811=CARTESIAN_POINT('',(66.,78.2,0.));
#3812=DIRECTION('',(-0.,-0.,1.));
#3813=VECTOR('',#3812,4.);
#3814=LINE('',#3811,#3813);
#3815=EDGE_CURVE('',#3306,#3521,#3814,.T.);
#3816=ORIENTED_EDGE('',*,*,#3815,.T.);
#3817=ORIENTED_EDGE('',*,*,#3526,.T.);
#3818=ORIENTED_EDGE('',*,*,#3799,.T.);
#3819=EDGE_LOOP('',(#3810,#3816,#3817,#3818));
#3820=FACE_BOUND('',#3819,.T.);
#3821=ADVANCED_FACE('',(#3820),#3809,.T.);
#3822=CARTESIAN_POINT('',(62.,78.2,6.));
#3823=DIRECTION('',(0.,0.,-1.));
#3824=DIRECTION('',(-1.,0.,0.));
#3825=AXIS2_PLACEMENT_3D('',#3822,#3823,#3824);
#3826=CYLINDRICAL_SURFACE('',#3825,4.);
#3827=ORIENTED_EDGE('',*,*,#3535,.F.);
#3828=ORIENTED_EDGE('',*,*,#3815,.F.);
#3829=ORIENTED_EDGE('',*,*,#3312,.F.);
#3830=CARTESIAN_POINT('',(64.49878019,81.323475238,4.));
#3831=DIRECTION('',(0.,0.,-1.));
#3832=VECTOR('',#3831,4.);
#3833=LINE('',#3830,#3832);
#3834=EDGE_CURVE('',#3529,#3298,#3833,.T.);
#3835=ORIENTED_EDGE('',*,*,#3834,.F.);
#3836=EDGE_LOOP('',(#3827,#3828,#3829,#3835));
#3837=FACE_BOUND('',#3836,.T.);
#3838=ADVANCED_FACE('',(#3837),#3826,.T.);
#3839=CARTESIAN_POINT('',(55.99878019,88.123475238,6.));
#3840=DIRECTION('',(0.624695048,0.780868809,0.));
#3841=DIRECTION('',(-0.780868809,0.624695048,0.));
#3842=AXIS2_PLACEMENT_3D('',#3839,#3840,#3841);
#3843=PLANE('',#3842);
#3844=ORIENTED_EDGE('',*,*,#3543,.T.);
#3845=ORIENTED_EDGE('',*,*,#3834,.T.);
#3846=ORIENTED_EDGE('',*,*,#3303,.F.);
#3847=CARTESIAN_POINT('',(57.50121981,86.921523542,0.));
#3848=DIRECTION('',(-0.,-0.,1.));
#3849=VECTOR('',#3848,4.);
#3850=LINE('',#3847,#3849);
#3851=EDGE_CURVE('',#3289,#3538,#3850,.T.);
#3852=ORIENTED_EDGE('',*,*,#3851,.T.);
#3853=EDGE_LOOP('',(#3844,#3845,#3846,#3852));
#3854=FACE_BOUND('',#3853,.T.);
#3855=ADVANCED_FACE('',(#3854),#3843,.T.);
#3856=CARTESIAN_POINT('',(60.,90.04499878,6.));
#3857=DIRECTION('',(0.,0.,1.));
#3858=DIRECTION('',(1.,0.,-0.));
#3859=AXIS2_PLACEMENT_3D('',#3856,#3857,#3858);
#3860=CYLINDRICAL_SURFACE('',#3859,4.);
#3861=ORIENTED_EDGE('',*,*,#3552,.F.);
#3862=ORIENTED_EDGE('',*,*,#3851,.F.);
#3863=ORIENTED_EDGE('',*,*,#3295,.F.);
#3864=CARTESIAN_POINT('',(56.,90.04499878,4.));
#3865=DIRECTION('',(0.,0.,-1.));
#3866=VECTOR('',#3865,4.);
#3867=LINE('',#3864,#3866);
#3868=EDGE_CURVE('',#3546,#3281,#3867,.T.);
#3869=ORIENTED_EDGE('',*,*,#3868,.F.);
#3870=EDGE_LOOP('',(#3861,#3862,#3863,#3869));
#3871=FACE_BOUND('',#3870,.T.);
#3872=ADVANCED_FACE('',(#3871),#3860,.F.);
#3873=CARTESIAN_POINT('',(56.,126.5,6.));
#3874=DIRECTION('',(1.,0.,0.));
#3875=DIRECTION('',(0.,0.,-1.));
#3876=AXIS2_PLACEMENT_3D('',#3873,#3874,#3875);
#3877=PLANE('',#3876);
#3878=ORIENTED_EDGE('',*,*,#3286,.F.);
#3879=CARTESIAN_POINT('',(56.,150.,0.));
#3880=DIRECTION('',(0.,0.,1.));
#3881=VECTOR('',#3880,4.);
#3882=LINE('',#3879,#3881);
#3883=EDGE_CURVE('',#3272,#3555,#3882,.T.);
#3884=ORIENTED_EDGE('',*,*,#3883,.T.);
#3885=ORIENTED_EDGE('',*,*,#3560,.T.);
#3886=ORIENTED_EDGE('',*,*,#3868,.T.);
#3887=EDGE_LOOP('',(#3878,#3884,#3885,#3886));
#3888=FACE_BOUND('',#3887,.T.);
#3889=ADVANCED_FACE('',(#3888),#3877,.T.);
#3890=CARTESIAN_POINT('',(32.3,143.5,3.));
#3891=DIRECTION('',(0.,0.,1.));
#3892=DIRECTION('',(1.,0.,-0.));
#3893=AXIS2_PLACEMENT_3D('',#3890,#3891,#3892);
#3894=CYLINDRICAL_SURFACE('',#3893,1.5);
#3895=CARTESIAN_POINT('',(33.8,143.5,4.));
#3896=DIRECTION('',(-0.,-0.,-1.));
#3897=VECTOR('',#3896,4.);
#3898=LINE('',#3895,#3897);
#3899=EDGE_CURVE('',#3685,#3473,#3898,.T.);
#3900=ORIENTED_EDGE('',*,*,#3899,.F.);
#3901=ORIENTED_EDGE('',*,*,#3691,.T.);
#3902=ORIENTED_EDGE('',*,*,#3899,.T.);
#3903=ORIENTED_EDGE('',*,*,#3479,.F.);
#3904=EDGE_LOOP('',(#3900,#3901,#3902,#3903));
#3905=FACE_BOUND('',#3904,.T.);
#3906=ADVANCED_FACE('',(#3905),#3894,.F.);
#3907=CARTESIAN_POINT('',(46.3,143.5,3.));
#3908=DIRECTION('',(0.,0.,1.));
#3909=DIRECTION('',(1.,0.,-0.));
#3910=AXIS2_PLACEMENT_3D('',#3907,#3908,#3909);
#3911=CYLINDRICAL_SURFACE('',#3910,1.5);
#3912=CARTESIAN_POINT('',(47.8,143.5,4.));
#3913=DIRECTION('',(-0.,-0.,-1.));
#3914=VECTOR('',#3913,4.);
#3915=LINE('',#3912,#3914);
#3916=EDGE_CURVE('',#3718,#3462,#3915,.T.);
#3917=ORIENTED_EDGE('',*,*,#3916,.F.);
#3918=ORIENTED_EDGE('',*,*,#3724,.T.);
#3919=ORIENTED_EDGE('',*,*,#3916,.T.);
#3920=ORIENTED_EDGE('',*,*,#3468,.F.);
#3921=EDGE_LOOP('',(#3917,#3918,#3919,#3920));
#3922=FACE_BOUND('',#3921,.T.);
#3923=ADVANCED_FACE('',(#3922),#3911,.F.);
#3924=CARTESIAN_POINT('',(46.3,127.5,3.));
#3925=DIRECTION('',(0.,0.,1.));
#3926=DIRECTION('',(1.,0.,-0.));
#3927=AXIS2_PLACEMENT_3D('',#3924,#3925,#3926);
#3928=CYLINDRICAL_SURFACE('',#3927,1.5);
#3929=CARTESIAN_POINT('',(47.8,127.5,4.));
#3930=DIRECTION('',(-0.,-0.,-1.));
#3931=VECTOR('',#3930,4.);
#3932=LINE('',#3929,#3931);
#3933=EDGE_CURVE('',#3696,#3451,#3932,.T.);
#3934=ORIENTED_EDGE('',*,*,#3933,.F.);
#3935=ORIENTED_EDGE('',*,*,#3702,.T.);
#3936=ORIENTED_EDGE('',*,*,#3933,.T.);
#3937=ORIENTED_EDGE('',*,*,#3457,.F.);
#3938=EDGE_LOOP('',(#3934,#3935,#3936,#3937));
#3939=FACE_BOUND('',#3938,.T.);
#3940=ADVANCED_FACE('',(#3939),#3928,.F.);
#3941=CARTESIAN_POINT('',(32.3,127.5,3.));
#3942=DIRECTION('',(0.,0.,1.));
#3943=DIRECTION('',(1.,0.,-0.));
#3944=AXIS2_PLACEMENT_3D('',#3941,#3942,#3943);
#3945=CYLINDRICAL_SURFACE('',#3944,1.5);
#3946=CARTESIAN_POINT('',(33.8,127.5,4.));
#3947=DIRECTION('',(-0.,-0.,-1.));
#3948=VECTOR('',#3947,4.);
#3949=LINE('',#3946,#3948);
#3950=EDGE_CURVE('',#3707,#3440,#3949,.T.);
#3951=ORIENTED_EDGE('',*,*,#3950,.F.);
#3952=ORIENTED_EDGE('',*,*,#3713,.T.);
#3953=ORIENTED_EDGE('',*,*,#3950,.T.);
#3954=ORIENTED_EDGE('',*,*,#3446,.F.);
#3955=EDGE_LOOP('',(#3951,#3952,#3953,#3954));
#3956=FACE_BOUND('',#3955,.T.);
#3957=ADVANCED_FACE('',(#3956),#3945,.F.);
#3958=CARTESIAN_POINT('',(61.982059187,65.821761434,-6.1));
#3959=DIRECTION('',(0.,0.,1.));
#3960=DIRECTION('',(1.,0.,-0.));
#3961=AXIS2_PLACEMENT_3D('',#3958,#3959,#3960);
#3962=CYLINDRICAL_SURFACE('',#3961,1.75);
#3963=CARTESIAN_POINT('',(63.732059187,65.821761434,4.));
#3964=DIRECTION('',(-0.,-0.,-1.));
#3965=VECTOR('',#3964,4.);
#3966=LINE('',#3963,#3965);
#3967=EDGE_CURVE('',#3729,#3429,#3966,.T.);
#3968=ORIENTED_EDGE('',*,*,#3967,.F.);
#3969=ORIENTED_EDGE('',*,*,#3735,.T.);
#3970=ORIENTED_EDGE('',*,*,#3967,.T.);
#3971=ORIENTED_EDGE('',*,*,#3435,.F.);
#3972=EDGE_LOOP('',(#3968,#3969,#3970,#3971));
#3973=FACE_BOUND('',#3972,.T.);
#3974=ADVANCED_FACE('',(#3973),#3962,.F.);
#3975=CARTESIAN_POINT('',(50.615518082,83.639963862,-12.3));
#3976=DIRECTION('',(0.,0.,1.));
#3977=DIRECTION('',(1.,0.,-0.));
#3978=AXIS2_PLACEMENT_3D('',#3975,#3976,#3977);
#3979=CYLINDRICAL_SURFACE('',#3978,1.75);
#3980=CARTESIAN_POINT('',(52.365518082,83.639963862,4.));
#3981=DIRECTION('',(-0.,-0.,-1.));
#3982=VECTOR('',#3981,4.);
#3983=LINE('',#3980,#3982);
#3984=EDGE_CURVE('',#3740,#3418,#3983,.T.);
#3985=ORIENTED_EDGE('',*,*,#3984,.F.);
#3986=ORIENTED_EDGE('',*,*,#3746,.T.);
#3987=ORIENTED_EDGE('',*,*,#3984,.T.);
#3988=ORIENTED_EDGE('',*,*,#3424,.F.);
#3989=EDGE_LOOP('',(#3985,#3986,#3987,#3988));
#3990=FACE_BOUND('',#3989,.T.);
#3991=ADVANCED_FACE('',(#3990),#3979,.F.);
#3992=CARTESIAN_POINT('',(31.,150.,6.));
#3993=DIRECTION('',(0.,0.,1.));
#3994=DIRECTION('',(1.,0.,-0.));
#3995=AXIS2_PLACEMENT_3D('',#3992,#3993,#3994);
#3996=CYLINDRICAL_SURFACE('',#3995,25.);
#3997=ORIENTED_EDGE('',*,*,#3278,.F.);
#3998=ORIENTED_EDGE('',*,*,#3761,.F.);
#3999=ORIENTED_EDGE('',*,*,#3569,.F.);
#4000=ORIENTED_EDGE('',*,*,#3883,.F.);
#4001=EDGE_LOOP('',(#3997,#3998,#3999,#4000));
#4002=FACE_BOUND('',#4001,.T.);
#4003=ADVANCED_FACE('',(#4002),#3996,.T.);
#4004=CARTESIAN_POINT('',(-31.,150.,6.));
#4005=DIRECTION('',(0.,0.,1.));
#4006=DIRECTION('',(1.,0.,-0.));
#4007=AXIS2_PLACEMENT_3D('',#4004,#4005,#4006);
#4008=CYLINDRICAL_SURFACE('',#4007,25.);
#4009=ORIENTED_EDGE('',*,*,#3261,.F.);
#4010=ORIENTED_EDGE('',*,*,#2959,.F.);
#4011=ORIENTED_EDGE('',*,*,#3584,.F.);
#4012=ORIENTED_EDGE('',*,*,#3768,.F.);
#4013=EDGE_LOOP('',(#4009,#4010,#4011,#4012));
#4014=FACE_BOUND('',#4013,.T.);
#4015=ADVANCED_FACE('',(#4014),#4008,.T.);
#4016=CARTESIAN_POINT('',(48.5,13.,2.));
#4017=DIRECTION('',(0.,0.707106781,-0.707106781));
#4018=DIRECTION('',(-1.,0.,0.));
#4019=AXIS2_PLACEMENT_3D('',#4016,#4017,#4018);
#4020=PLANE('',#4019);
#4021=ORIENTED_EDGE('',*,*,#3785,.F.);
#4022=ORIENTED_EDGE('',*,*,#3509,.F.);
#4023=CARTESIAN_POINT('',(34.,13.,2.));
#4024=VERTEX_POINT('',#4023);
#4025=CARTESIAN_POINT('',(34.,13.,2.));
#4026=CARTESIAN_POINT('',(33.999999999,15.000000087,4.000000087));
#4027=B_SPLINE_CURVE_WITH_KNOTS('',1,(#4025,#4026),.UNSPECIFIED.,.F.,.F.,(2,2),(0.,1.),.UNSPECIFIED.);
#4028=EDGE_CURVE('',#4024,#3492,#4027,.T.);
#4029=ORIENTED_EDGE('',*,*,#4028,.F.);
#4030=CARTESIAN_POINT('',(62.,13.,2.));
#4031=DIRECTION('',(-1.,0.,0.));
#4032=VECTOR('',#4031,28.);
#4033=LINE('',#4030,#4032);
#4034=EDGE_CURVE('',#3779,#4024,#4033,.T.);
#4035=ORIENTED_EDGE('',*,*,#4034,.F.);
#4036=EDGE_LOOP('',(#4021,#4022,#4029,#4035));
#4037=FACE_BOUND('',#4036,.T.);
#4038=ADVANCED_FACE('',(#4037),#4020,.F.);
#4039=CARTESIAN_POINT('',(33.999986659,13.,2.));
#4040=CARTESIAN_POINT('',(33.897599736,12.999999659,2.));
#4041=CARTESIAN_POINT('',(33.89661517,12.99872212,2.));
#4042=CARTESIAN_POINT('',(33.853415211,12.997371626,2.));
#4043=CARTESIAN_POINT('',(33.838111132,12.996750279,2.));
#4044=CARTESIAN_POINT('',(33.793577139,12.994780693,2.));
#4045=CARTESIAN_POINT('',(33.770966042,12.993492163,2.));
#4046=CARTESIAN_POINT('',(33.708431577,12.989578009,2.));
#4047=CARTESIAN_POINT('',(33.676183417,12.986980494,2.));
#4048=CARTESIAN_POINT('',(33.588009257,12.979164007,2.));
#4049=CARTESIAN_POINT('',(33.542404908,12.973958995,2.));
#4050=CARTESIAN_POINT('',(33.418122737,12.95833201,2.));
#4051=CARTESIAN_POINT('',(33.353894938,12.94791692,2.));
#4052=CARTESIAN_POINT('',(33.179191792,12.916666045,2.));
#4053=CARTESIAN_POINT('',(33.089211238,12.895833494,2.));
#4054=CARTESIAN_POINT('',(32.845107296,12.833333011,2.));
#4055=CARTESIAN_POINT('',(32.720312429,12.791666743,2.));
#4056=CARTESIAN_POINT('',(32.383551862,12.666666511,2.));
#4057=CARTESIAN_POINT('',(32.214124411,12.58333337,2.));
#4058=CARTESIAN_POINT('',(31.762276158,12.333333261,2.));
#4059=CARTESIAN_POINT('',(31.543230943,12.166666682,2.));
#4060=CARTESIAN_POINT('',(30.976284181,11.666666636,2.));
#4061=CARTESIAN_POINT('',(30.728348474,11.333333332,2.));
#4062=CARTESIAN_POINT('',(30.150998204,10.333333331,2.));
#4063=CARTESIAN_POINT('',(30.,9.666666542,2.));
#4064=CARTESIAN_POINT('',(30.,9.,2.));
#4065=CARTESIAN_POINT('',(33.999979989,15.,4.));
#4066=CARTESIAN_POINT('',(33.846401797,14.99867159,4.));
#4067=CARTESIAN_POINT('',(33.844923891,14.998046846,4.));
#4068=CARTESIAN_POINT('',(33.78012168,14.996093772,4.));
#4069=CARTESIAN_POINT('',(33.757167062,14.995117187,4.));
#4070=CARTESIAN_POINT('',(33.69036498,14.9921875,4.));
#4071=CARTESIAN_POINT('',(33.656449314,14.990234225,4.));
#4072=CARTESIAN_POINT('',(33.562646863,14.984375052,4.));
#4073=CARTESIAN_POINT('',(33.514275303,14.980468746,4.));
#4074=CARTESIAN_POINT('',(33.382013532,14.968750002,4.));
#4075=CARTESIAN_POINT('',(33.313607487,14.9609375,4.));
#4076=CARTESIAN_POINT('',(33.127183856,14.9375,4.));
#4077=CARTESIAN_POINT('',(33.030842496,14.921874888,4.));
#4078=CARTESIAN_POINT('',(32.768787512,14.875000052,4.));
#4079=CARTESIAN_POINT('',(32.633816918,14.843749999,4.));
#4080=CARTESIAN_POINT('',(32.26766082,14.750000001,4.));
#4081=CARTESIAN_POINT('',(32.080468688,14.687499998,4.));
#4082=CARTESIAN_POINT('',(31.575327707,14.5,4.));
#4083=CARTESIAN_POINT('',(31.321186647,14.375,4.));
#4084=CARTESIAN_POINT('',(30.643414176,14.,4.));
#4085=CARTESIAN_POINT('',(30.314846434,13.75,4.));
#4086=CARTESIAN_POINT('',(29.464426231,13.,4.));
#4087=CARTESIAN_POINT('',(29.092522723,12.499999991,4.));
#4088=CARTESIAN_POINT('',(28.226497282,11.00000001,4.));
#4089=CARTESIAN_POINT('',(28.,9.999999802,4.));
#4090=CARTESIAN_POINT('',(28.,9.,4.));
#4091=B_SPLINE_SURFACE_WITH_KNOTS('',1,3,((#4039,#4040,#4041,#4042,#4043,#4044,#4045,#4046,#4047,#4048,#4049,#4050,#4051,#4052,#4053,#4054,#4055,#4056,#4057,#4058,#4059,#4060,#4061,#4062,#4063,#4064),(#4065,#4066,#4067,#4068,#4069,#4070,#4071,#4072,#4073,#4074,#4075,#4076,#4077,#4078,#4079,#4080,#4081,#4082,#4083,#4084,#4085,#4086,#4087,#4088,#4089,#4090)),.UNSPECIFIED.,.F.,.F.,.U.,(2,2),(4,2,2,2,2,2,2,2,2,2,2,2,4),(0.,1.),(0.887612093,0.887622715,0.887633338,0.887654583,0.887697074,0.887782055,0.887952018,0.888291943,0.888971793,0.890331492,0.893050892,0.898489692,0.909367291),.UNSPECIFIED.);
#4092=ORIENTED_EDGE('',*,*,#4028,.T.);
#4093=ORIENTED_EDGE('',*,*,#3501,.F.);
#4094=CARTESIAN_POINT('',(30.,9.,2.));
#4095=VERTEX_POINT('',#4094);
#4096=CARTESIAN_POINT('',(30.,9.,2.));
#4097=DIRECTION('',(-0.707106781,0.,0.707106781));
#4098=VECTOR('',#4097,2.828427125);
#4099=LINE('',#4096,#4098);
#4100=EDGE_CURVE('',#4095,#3490,#4099,.T.);
#4101=ORIENTED_EDGE('',*,*,#4100,.F.);
#4102=CARTESIAN_POINT('',(33.999986659,13.,2.));
#4103=CARTESIAN_POINT('',(33.897599736,12.999999659,2.));
#4104=CARTESIAN_POINT('',(33.89661517,12.99872212,2.));
#4105=CARTESIAN_POINT('',(33.87501519,12.998046873,2.));
#4106=CARTESIAN_POINT('',(33.853415211,12.997371626,2.));
#4107=CARTESIAN_POINT('',(33.838111132,12.996750279,2.));
#4108=CARTESIAN_POINT('',(33.823266468,12.99609375,2.));
#4109=CARTESIAN_POINT('',(33.793577139,12.994780693,2.));
#4110=CARTESIAN_POINT('',(33.770966042,12.993492163,2.));
#4111=CARTESIAN_POINT('',(33.75012122,12.992187445,2.));
#4112=CARTESIAN_POINT('',(33.708431577,12.989578009,2.));
#4113=CARTESIAN_POINT('',(33.676183417,12.986980494,2.));
#4114=CARTESIAN_POINT('',(33.646792031,12.984374999,2.));
#4115=CARTESIAN_POINT('',(33.588009257,12.979164007,2.));
#4116=CARTESIAN_POINT('',(33.542404908,12.973958995,2.));
#4117=CARTESIAN_POINT('',(33.500977518,12.96875,2.));
#4118=CARTESIAN_POINT('',(33.418122737,12.95833201,2.));
#4119=CARTESIAN_POINT('',(33.353894938,12.94791692,2.));
#4120=CARTESIAN_POINT('',(33.295660556,12.937499962,2.));
#4121=CARTESIAN_POINT('',(33.179191792,12.916666045,2.));
#4122=CARTESIAN_POINT('',(33.089211238,12.895833494,2.));
#4123=CARTESIAN_POINT('',(33.007843257,12.875,2.));
#4124=CARTESIAN_POINT('',(32.845107296,12.833333011,2.));
#4125=CARTESIAN_POINT('',(32.720312429,12.791666743,2.));
#4126=CARTESIAN_POINT('',(32.608058907,12.749999999,2.));
#4127=CARTESIAN_POINT('',(32.383551862,12.666666511,2.));
#4128=CARTESIAN_POINT('',(32.214124411,12.58333337,2.));
#4129=CARTESIAN_POINT('',(32.063508327,12.5,2.));
#4130=CARTESIAN_POINT('',(31.762276158,12.333333261,2.));
#4131=CARTESIAN_POINT('',(31.543230943,12.166666682,2.));
#4132=CARTESIAN_POINT('',(31.354248689,12.,2.));
#4133=CARTESIAN_POINT('',(30.976284181,11.666666636,2.));
#4134=CARTESIAN_POINT('',(30.728348474,11.333333332,2.));
#4135=CARTESIAN_POINT('',(30.535898384,10.999999998,2.));
#4136=CARTESIAN_POINT('',(30.150998204,10.333333331,2.));
#4137=CARTESIAN_POINT('',(30.,9.666666542,2.));
#4138=CARTESIAN_POINT('',(30.,9.,2.));
#4139=B_SPLINE_CURVE_WITH_KNOTS('',3,(#4102,#4103,#4104,#4105,#4106,#4107,#4108,#4109,#4110,#4111,#4112,#4113,#4114,#4115,#4116,#4117,#4118,#4119,#4120,#4121,#4122,#4123,#4124,#4125,#4126,#4127,
#4128,#4129,#4130,#4131,#4132,#4133,#4134,#4135,#4136,#4137,#4138),.UNSPECIFIED.,.F.,.F.,(4,3,3,3,3,3,3,3,3,3,3,3,4),(0.,0.000488281,0.000976562,0.001953125,0.00390625,0.0078125,0.015625,0.03125,0.0625,0.125,0.25,0.5,1.),.UNSPECIFIED.);
#4140=EDGE_CURVE('',#4024,#4095,#4139,.T.);
#4141=ORIENTED_EDGE('',*,*,#4140,.F.);
#4142=EDGE_LOOP('',(#4092,#4093,#4101,#4141));
#4143=FACE_BOUND('',#4142,.T.);
#4144=ADVANCED_FACE('',(#4143),#4091,.T.);
#4145=CARTESIAN_POINT('',(394.,15.,0.));
#4146=DIRECTION('',(0.,-0.707106781,-0.707106781));
#4147=DIRECTION('',(1.,0.,0.));
#4148=AXIS2_PLACEMENT_3D('',#4145,#4146,#4147);
#4149=PLANE('',#4148);
#4150=ORIENTED_EDGE('',*,*,#3792,.F.);
#4151=ORIENTED_EDGE('',*,*,#4034,.T.);
#4152=CARTESIAN_POINT('',(34.,15.,0.));
#4153=DIRECTION('',(0.,-0.707106781,0.707106781));
#4154=VECTOR('',#4153,2.828427125);
#4155=LINE('',#4152,#4154);
#4156=EDGE_CURVE('',#3332,#4024,#4155,.T.);
#4157=ORIENTED_EDGE('',*,*,#4156,.F.);
#4158=ORIENTED_EDGE('',*,*,#3337,.F.);
#4159=EDGE_LOOP('',(#4150,#4151,#4157,#4158));
#4160=FACE_BOUND('',#4159,.T.);
#4161=ADVANCED_FACE('',(#4160),#4149,.T.);
#4162=CARTESIAN_POINT('',(30.,3.,2.));
#4163=DIRECTION('',(-0.707106781,0.,-0.707106781));
#4164=DIRECTION('',(0.,-1.,0.));
#4165=AXIS2_PLACEMENT_3D('',#4162,#4163,#4164);
#4166=PLANE('',#4165);
#4167=ORIENTED_EDGE('',*,*,#4100,.T.);
#4168=ORIENTED_EDGE('',*,*,#3656,.F.);
#4169=CARTESIAN_POINT('',(30.,-3.,2.));
#4170=VERTEX_POINT('',#4169);
#4171=CARTESIAN_POINT('',(30.,-3.00000699,2.));
#4172=CARTESIAN_POINT('',(28.,-3.000003495,4.));
#4173=B_SPLINE_CURVE_WITH_KNOTS('',1,(#4171,#4172),.UNSPECIFIED.,.F.,.F.,(2,2),(0.,1.),.UNSPECIFIED.);
#4174=EDGE_CURVE('',#4170,#3641,#4173,.T.);
#4175=ORIENTED_EDGE('',*,*,#4174,.F.);
#4176=CARTESIAN_POINT('',(30.,9.,2.));
#4177=DIRECTION('',(0.,-1.,0.));
#4178=VECTOR('',#4177,12.);
#4179=LINE('',#4176,#4178);
#4180=EDGE_CURVE('',#4095,#4170,#4179,.T.);
#4181=ORIENTED_EDGE('',*,*,#4180,.F.);
#4182=EDGE_LOOP('',(#4167,#4168,#4175,#4181));
#4183=FACE_BOUND('',#4182,.T.);
#4184=ADVANCED_FACE('',(#4183),#4166,.F.);
#4185=CARTESIAN_POINT('',(34.,15.,0.));
#4186=CARTESIAN_POINT('',(33.,15.,0.));
#4187=CARTESIAN_POINT('',(32.,14.773502706,0.));
#4188=CARTESIAN_POINT('',(30.5,13.907477281,0.));
#4189=CARTESIAN_POINT('',(30.,13.535573717,0.));
#4190=CARTESIAN_POINT('',(29.25,12.685153591,0.));
#4191=CARTESIAN_POINT('',(29.,12.356585681,0.));
#4192=CARTESIAN_POINT('',(28.625,11.678813424,0.));
#4193=CARTESIAN_POINT('',(28.5,11.424671896,0.));
#4194=CARTESIAN_POINT('',(28.3125,10.919531506,0.));
#4195=CARTESIAN_POINT('',(28.25,10.732338064,0.));
#4196=CARTESIAN_POINT('',(28.15625,10.366183637,0.));
#4197=CARTESIAN_POINT('',(28.125,10.231209681,0.));
#4198=CARTESIAN_POINT('',(28.078125,9.969158426,0.));
#4199=CARTESIAN_POINT('',(28.0625,9.872807232,0.));
#4200=CARTESIAN_POINT('',(28.0390625,9.686396968,0.));
#4201=CARTESIAN_POINT('',(28.03125,9.617961268,0.));
#4202=CARTESIAN_POINT('',(28.01953125,9.485737265,0.));
#4203=CARTESIAN_POINT('',(28.015625,9.437282358,0.));
#4204=CARTESIAN_POINT('',(28.009765625,9.343584095,0.));
#4205=CARTESIAN_POINT('',(28.0078125,9.309425128,0.));
#4206=CARTESIAN_POINT('',(28.004882812,9.242937882,0.));
#4207=CARTESIAN_POINT('',(28.00390625,9.219195761,0.));
#4208=CARTESIAN_POINT('',(28.001953125,9.155758459,0.));
#4209=CARTESIAN_POINT('',(28.001081017,9.153098908,0.));
#4210=CARTESIAN_POINT('',(28.,9.000003114,0.));
#4211=CARTESIAN_POINT('',(34.,13.,2.));
#4212=CARTESIAN_POINT('',(33.33333333,13.,2.));
#4213=CARTESIAN_POINT('',(32.666666671,12.849001797,2.));
#4214=CARTESIAN_POINT('',(31.666666665,12.271651524,2.));
#4215=CARTESIAN_POINT('',(31.333333347,12.023715799,2.));
#4216=CARTESIAN_POINT('',(30.833333327,11.456769067,2.));
#4217=CARTESIAN_POINT('',(30.666666699,11.237723769,2.));
#4218=CARTESIAN_POINT('',(30.416666651,10.785875625,2.));
#4219=CARTESIAN_POINT('',(30.333333403,10.616447905,2.));
#4220=CARTESIAN_POINT('',(30.208333299,10.279687683,2.));
#4221=CARTESIAN_POINT('',(30.16666681,10.154892006,2.));
#4222=CARTESIAN_POINT('',(30.104166595,9.91078911,2.));
#4223=CARTESIAN_POINT('',(30.083333625,9.820806402,2.));
#4224=CARTESIAN_POINT('',(30.052083188,9.646105643,2.));
#4225=CARTESIAN_POINT('',(30.041667255,9.581871414,2.));
#4226=CARTESIAN_POINT('',(30.026041373,9.457598016,2.));
#4227=CARTESIAN_POINT('',(30.020834515,9.411974074,2.));
#4228=CARTESIAN_POINT('',(30.013020243,9.323824895,2.));
#4229=CARTESIAN_POINT('',(30.01041904,9.291521424,2.));
#4230=CARTESIAN_POINT('',(30.00650923,9.229056138,2.));
#4231=CARTESIAN_POINT('',(30.005213131,9.206283206,2.));
#4232=CARTESIAN_POINT('',(30.00325281,9.161958694,2.));
#4233=CARTESIAN_POINT('',(30.002614163,9.146130195,2.));
#4234=CARTESIAN_POINT('',(30.001292087,9.103839285,2.));
#4235=CARTESIAN_POINT('',(30.000000053,9.102066196,2.));
#4236=CARTESIAN_POINT('',(30.,9.000002076,2.));
#4237=B_SPLINE_SURFACE_WITH_KNOTS('',1,3,((#4185,#4186,#4187,#4188,#4189,#4190,#4191,#4192,#4193,#4194,#4195,#4196,#4197,#4198,#4199,#4200,#4201,#4202,#4203,#4204,#4205,#4206,#4207,#4208,#4209,#4210),(#4211,#4212,#4213,#4214,#4215,#4216,#4217,#4218,#4219,#4220,#4221,#4222,#4223,#4224,#4225,#4226,#4227,#4228,#4229,#4230,#4231,#4232,#4233,#4234,#4235,#4236)),.UNSPECIFIED.,.F.,.F.,.U.,(2,2),(4,2,2,2,2,2,2,2,2,2,2,2,4),(0.,1.),(0.250967205,0.272940687,0.283927428,0.289420799,0.292167484,0.293540826,0.294227498,0.294570833,0.294742501,0.294828335,0.294871252,0.294892711,0.294914169),.UNSPECIFIED.);
#4238=ORIENTED_EDGE('',*,*,#4156,.T.);
#4239=ORIENTED_EDGE('',*,*,#4140,.T.);
#4240=CARTESIAN_POINT('',(28.,9.,0.));
#4241=DIRECTION('',(0.707106781,0.,0.707106781));
#4242=VECTOR('',#4241,2.828427125);
#4243=LINE('',#4240,#4242);
#4244=EDGE_CURVE('',#3340,#4095,#4243,.T.);
#4245=ORIENTED_EDGE('',*,*,#4244,.F.);
#4246=ORIENTED_EDGE('',*,*,#3349,.F.);
#4247=EDGE_LOOP('',(#4238,#4239,#4245,#4246));
#4248=FACE_BOUND('',#4247,.T.);
#4249=ADVANCED_FACE('',(#4248),#4237,.T.);
#4250=CARTESIAN_POINT('',(26.,-5.,4.));
#4251=CARTESIAN_POINT('',(26.333333333,-5.,4.));
#4252=CARTESIAN_POINT('',(26.666666667,-4.92450094,4.));
#4253=CARTESIAN_POINT('',(27.166666667,-4.635825741,4.));
#4254=CARTESIAN_POINT('',(27.333333333,-4.511858015,4.));
#4255=CARTESIAN_POINT('',(27.583333333,-4.228384476,4.));
#4256=CARTESIAN_POINT('',(27.666666667,-4.118862198,4.));
#4257=CARTESIAN_POINT('',(27.791666667,-3.892937656,4.));
#4258=CARTESIAN_POINT('',(27.833333333,-3.808224816,4.));
#4259=CARTESIAN_POINT('',(27.895833333,-3.63984341,4.));
#4260=CARTESIAN_POINT('',(27.916666667,-3.57744841,4.));
#4261=CARTESIAN_POINT('',(27.947916667,-3.455393351,4.));
#4262=CARTESIAN_POINT('',(27.958333333,-3.410409961,4.));
#4263=CARTESIAN_POINT('',(27.973958333,-3.323049442,4.));
#4264=CARTESIAN_POINT('',(27.979166667,-3.290954782,4.));
#4265=CARTESIAN_POINT('',(27.986979167,-3.228789471,4.));
#4266=CARTESIAN_POINT('',(27.989583333,-3.206041208,4.));
#4267=CARTESIAN_POINT('',(27.993489583,-3.161885362,4.));
#4268=CARTESIAN_POINT('',(27.994791667,-3.145917595,4.));
#4269=CARTESIAN_POINT('',(27.996744792,-3.114449627,4.));
#4270=CARTESIAN_POINT('',(27.997395833,-3.103636007,4.));
#4271=CARTESIAN_POINT('',(27.998697917,-3.073097524,4.));
#4272=CARTESIAN_POINT('',(27.99911442,-3.0724084,4.));
#4273=CARTESIAN_POINT('',(28.,-3.000003495,4.));
#4274=CARTESIAN_POINT('',(26.,-7.,2.));
#4275=CARTESIAN_POINT('',(26.666666694,-7.,2.));
#4276=CARTESIAN_POINT('',(27.333333296,-6.849001816,2.));
#4277=CARTESIAN_POINT('',(28.333333352,-6.271651515,2.));
#4278=CARTESIAN_POINT('',(28.666666544,-6.023715923,2.));
#4279=CARTESIAN_POINT('',(29.166666728,-5.456769005,2.));
#4280=CARTESIAN_POINT('',(29.333333043,-5.237724236,2.));
#4281=CARTESIAN_POINT('',(29.583333479,-4.785875392,2.));
#4282=CARTESIAN_POINT('',(29.666666042,-4.6164494,2.));
#4283=CARTESIAN_POINT('',(29.791666979,-4.279686936,2.));
#4284=CARTESIAN_POINT('',(29.833332042,-4.154896489,2.));
#4285=CARTESIAN_POINT('',(29.895833979,-3.910786868,2.));
#4286=CARTESIAN_POINT('',(29.916664041,-3.820819452,2.));
#4287=CARTESIAN_POINT('',(29.94791798,-3.646099118,2.));
#4288=CARTESIAN_POINT('',(29.958328032,-3.581908897,2.));
#4289=CARTESIAN_POINT('',(29.973960984,-3.457579274,2.));
#4290=CARTESIAN_POINT('',(29.979155965,-3.412081468,2.));
#4291=CARTESIAN_POINT('',(29.986984518,-3.323771198,2.));
#4292=CARTESIAN_POINT('',(29.989561407,-3.291833818,2.));
#4293=CARTESIAN_POINT('',(29.993500547,-3.228899941,2.));
#4294=CARTESIAN_POINT('',(29.994743232,-3.207269872,2.));
#4295=CARTESIAN_POINT('',(29.997444268,-3.146197191,2.));
#4296=CARTESIAN_POINT('',(29.999999747,-3.144820932,2.));
#4297=CARTESIAN_POINT('',(30.,-3.00000699,2.));
#4298=B_SPLINE_SURFACE_WITH_KNOTS('',1,3,((#4250,#4251,#4252,#4253,#4254,#4255,#4256,#4257,#4258,#4259,#4260,#4261,#4262,#4263,#4264,#4265,#4266,#4267,#4268,#4269,#4270,#4271,#4272,#4273),(#4274,#4275,#4276,#4277,#4278,#4279,#4280,#4281,#4282,#4283,#4284,#4285,#4286,#4287,#4288,#4289,#4290,#4291,#4292,#4293,#4294,#4295,#4296,#4297)),.UNSPECIFIED.,.F.,.F.,.U.,(2,2),(4,2,2,2,2,2,2,2,2,2,2,4),(0.,1.),(0.875027749,0.889451893,0.896663965,0.900270001,0.902073019,0.902974528,0.903425283,0.90365066,0.903763349,0.903819693,0.903847865,0.903876037),.UNSPECIFIED.);
#4299=ORIENTED_EDGE('',*,*,#4174,.T.);
#4300=ORIENTED_EDGE('',*,*,#3650,.F.);
#4301=CARTESIAN_POINT('',(26.,-7.,2.));
#4302=VERTEX_POINT('',#4301);
#4303=CARTESIAN_POINT('',(26.,-7.,2.));
#4304=DIRECTION('',(-0.,0.707106781,0.707106781));
#4305=VECTOR('',#4304,2.828427125);
#4306=LINE('',#4303,#4305);
#4307=EDGE_CURVE('',#4302,#3633,#4306,.T.);
#4308=ORIENTED_EDGE('',*,*,#4307,.F.);
#4309=CARTESIAN_POINT('',(30.,-3.00000699,2.));
#4310=CARTESIAN_POINT('',(29.999999747,-3.144820932,2.));
#4311=CARTESIAN_POINT('',(29.997444268,-3.146197191,2.));
#4312=CARTESIAN_POINT('',(29.99609375,-3.176733532,2.));
#4313=CARTESIAN_POINT('',(29.994743232,-3.207269872,2.));
#4314=CARTESIAN_POINT('',(29.993500547,-3.228899941,2.));
#4315=CARTESIAN_POINT('',(29.9921875,-3.2498779,2.));
#4316=CARTESIAN_POINT('',(29.989561407,-3.291833818,2.));
#4317=CARTESIAN_POINT('',(29.986984518,-3.323771198,2.));
#4318=CARTESIAN_POINT('',(29.984375,-3.353207955,2.));
#4319=CARTESIAN_POINT('',(29.979155965,-3.412081468,2.));
#4320=CARTESIAN_POINT('',(29.973960984,-3.457579274,2.));
#4321=CARTESIAN_POINT('',(29.96875,-3.499022482,2.));
#4322=CARTESIAN_POINT('',(29.958328032,-3.581908897,2.));
#4323=CARTESIAN_POINT('',(29.94791798,-3.646099118,2.));
#4324=CARTESIAN_POINT('',(29.9375,-3.704339229,2.));
#4325=CARTESIAN_POINT('',(29.916664041,-3.820819452,2.));
#4326=CARTESIAN_POINT('',(29.895833979,-3.910786868,2.));
#4327=CARTESIAN_POINT('',(29.875,-3.992156742,2.));
#4328=CARTESIAN_POINT('',(29.833332042,-4.154896489,2.));
#4329=CARTESIAN_POINT('',(29.791666979,-4.279686936,2.));
#4330=CARTESIAN_POINT('',(29.75,-4.391941091,2.));
#4331=CARTESIAN_POINT('',(29.666666042,-4.6164494,2.));
#4332=CARTESIAN_POINT('',(29.583333479,-4.785875392,2.));
#4333=CARTESIAN_POINT('',(29.5,-4.936491673,2.));
#4334=CARTESIAN_POINT('',(29.333333043,-5.237724236,2.));
#4335=CARTESIAN_POINT('',(29.166666728,-5.456769005,2.));
#4336=CARTESIAN_POINT('',(29.,-5.645751311,2.));
#4337=CARTESIAN_POINT('',(28.666666544,-6.023715923,2.));
#4338=CARTESIAN_POINT('',(28.333333352,-6.271651515,2.));
#4339=CARTESIAN_POINT('',(28.,-6.464101615,2.));
#4340=CARTESIAN_POINT('',(27.333333296,-6.849001816,2.));
#4341=CARTESIAN_POINT('',(26.666666694,-7.,2.));
#4342=CARTESIAN_POINT('',(26.,-7.,2.));
#4343=B_SPLINE_CURVE_WITH_KNOTS('',3,(#4309,#4310,#4311,#4312,#4313,#4314,#4315,#4316,#4317,#4318,#4319,#4320,#4321,#4322,#4323,#4324,#4325,#4326,#4327,#4328,#4329,#4330,#4331,#4332,#4333,#4334,
#4335,#4336,#4337,#4338,#4339,#4340,#4341,#4342),.UNSPECIFIED.,.F.,.F.,(4,3,3,3,3,3,3,3,3,3,3,4),(0.,0.000976562,0.001953125,0.00390625,0.0078125,0.015625,0.03125,0.0625,0.125,0.25,0.5,1.),.UNSPECIFIED.);
#4344=EDGE_CURVE('',#4170,#4302,#4343,.T.);
#4345=ORIENTED_EDGE('',*,*,#4344,.F.);
#4346=EDGE_LOOP('',(#4299,#4300,#4308,#4345));
#4347=FACE_BOUND('',#4346,.T.);
#4348=ADVANCED_FACE('',(#4347),#4298,.T.);
#4349=CARTESIAN_POINT('',(28.,0.,0.));
#4350=DIRECTION('',(0.707106781,0.,-0.707106781));
#4351=DIRECTION('',(0.,1.,0.));
#4352=AXIS2_PLACEMENT_3D('',#4349,#4350,#4351);
#4353=PLANE('',#4352);
#4354=ORIENTED_EDGE('',*,*,#4244,.T.);
#4355=ORIENTED_EDGE('',*,*,#4180,.T.);
#4356=CARTESIAN_POINT('',(28.,-3.,-0.));
#4357=DIRECTION('',(0.707106781,0.,0.707106781));
#4358=VECTOR('',#4357,2.828427125);
#4359=LINE('',#4356,#4358);
#4360=EDGE_CURVE('',#3352,#4170,#4359,.T.);
#4361=ORIENTED_EDGE('',*,*,#4360,.F.);
#4362=ORIENTED_EDGE('',*,*,#3357,.F.);
#4363=EDGE_LOOP('',(#4354,#4355,#4361,#4362));
#4364=FACE_BOUND('',#4363,.T.);
#4365=ADVANCED_FACE('',(#4364),#4353,.T.);
#4366=CARTESIAN_POINT('',(394.,-5.,4.));
#4367=DIRECTION('',(0.,0.707106781,-0.707106781));
#4368=DIRECTION('',(1.,0.,0.));
#4369=AXIS2_PLACEMENT_3D('',#4366,#4367,#4368);
#4370=PLANE('',#4369);
#4371=ORIENTED_EDGE('',*,*,#4307,.T.);
#4372=ORIENTED_EDGE('',*,*,#3638,.F.);
#4373=CARTESIAN_POINT('',(-26.,-7.,2.));
#4374=VERTEX_POINT('',#4373);
#4375=CARTESIAN_POINT('',(-26.000006957,-7.,2.));
#4376=CARTESIAN_POINT('',(-26.000003478,-5.,4.));
#4377=B_SPLINE_CURVE_WITH_KNOTS('',1,(#4375,#4376),.UNSPECIFIED.,.F.,.F.,(2,2),(0.,1.),.UNSPECIFIED.);
#4378=EDGE_CURVE('',#4374,#3621,#4377,.T.);
#4379=ORIENTED_EDGE('',*,*,#4378,.F.);
#4380=CARTESIAN_POINT('',(26.,-7.,2.));
#4381=DIRECTION('',(-1.,-0.,-0.));
#4382=VECTOR('',#4381,52.);
#4383=LINE('',#4380,#4382);
#4384=EDGE_CURVE('',#4302,#4374,#4383,.T.);
#4385=ORIENTED_EDGE('',*,*,#4384,.F.);
#4386=EDGE_LOOP('',(#4371,#4372,#4379,#4385));
#4387=FACE_BOUND('',#4386,.T.);
#4388=ADVANCED_FACE('',(#4387),#4370,.F.);
#4389=CARTESIAN_POINT('',(28.,-3.,0.));
#4390=CARTESIAN_POINT('',(28.,-3.333333333,0.));
#4391=CARTESIAN_POINT('',(27.92450094,-3.666666667,0.));
#4392=CARTESIAN_POINT('',(27.635825741,-4.166666667,0.));
#4393=CARTESIAN_POINT('',(27.511858015,-4.333333333,0.));
#4394=CARTESIAN_POINT('',(27.228384476,-4.583333333,0.));
#4395=CARTESIAN_POINT('',(27.118862198,-4.666666667,0.));
#4396=CARTESIAN_POINT('',(26.892937656,-4.791666667,0.));
#4397=CARTESIAN_POINT('',(26.808224816,-4.833333333,0.));
#4398=CARTESIAN_POINT('',(26.63984341,-4.895833333,0.));
#4399=CARTESIAN_POINT('',(26.57744841,-4.916666667,0.));
#4400=CARTESIAN_POINT('',(26.455393351,-4.947916667,0.));
#4401=CARTESIAN_POINT('',(26.410409961,-4.958333333,0.));
#4402=CARTESIAN_POINT('',(26.323049442,-4.973958333,0.));
#4403=CARTESIAN_POINT('',(26.290954782,-4.979166667,0.));
#4404=CARTESIAN_POINT('',(26.228789471,-4.986979167,0.));
#4405=CARTESIAN_POINT('',(26.206041208,-4.989583333,0.));
#4406=CARTESIAN_POINT('',(26.161885362,-4.993489583,0.));
#4407=CARTESIAN_POINT('',(26.145917595,-4.994791667,0.));
#4408=CARTESIAN_POINT('',(26.114449627,-4.996744792,0.));
#4409=CARTESIAN_POINT('',(26.103636007,-4.997395833,0.));
#4410=CARTESIAN_POINT('',(26.073097524,-4.998697917,0.));
#4411=CARTESIAN_POINT('',(26.072408386,-4.99911442,0.));
#4412=CARTESIAN_POINT('',(26.000003513,-5.,0.));
#4413=CARTESIAN_POINT('',(30.,-3.,2.));
#4414=CARTESIAN_POINT('',(30.,-3.666666694,2.));
#4415=CARTESIAN_POINT('',(29.849001816,-4.333333296,2.));
#4416=CARTESIAN_POINT('',(29.271651515,-5.333333352,2.));
#4417=CARTESIAN_POINT('',(29.023715923,-5.666666544,2.));
#4418=CARTESIAN_POINT('',(28.456769005,-6.166666728,2.));
#4419=CARTESIAN_POINT('',(28.237724236,-6.333333043,2.));
#4420=CARTESIAN_POINT('',(27.785875392,-6.583333479,2.));
#4421=CARTESIAN_POINT('',(27.6164494,-6.666666042,2.));
#4422=CARTESIAN_POINT('',(27.279686936,-6.791666979,2.));
#4423=CARTESIAN_POINT('',(27.154896489,-6.833332042,2.));
#4424=CARTESIAN_POINT('',(26.910786868,-6.895833979,2.));
#4425=CARTESIAN_POINT('',(26.820819452,-6.916664041,2.));
#4426=CARTESIAN_POINT('',(26.646099118,-6.94791798,2.));
#4427=CARTESIAN_POINT('',(26.581908897,-6.958328032,2.));
#4428=CARTESIAN_POINT('',(26.457579274,-6.973960984,2.));
#4429=CARTESIAN_POINT('',(26.412081468,-6.979155965,2.));
#4430=CARTESIAN_POINT('',(26.323771198,-6.986984518,2.));
#4431=CARTESIAN_POINT('',(26.291833818,-6.989561407,2.));
#4432=CARTESIAN_POINT('',(26.228899941,-6.993500547,2.));
#4433=CARTESIAN_POINT('',(26.207269872,-6.994743232,2.));
#4434=CARTESIAN_POINT('',(26.146197191,-6.997444268,2.));
#4435=CARTESIAN_POINT('',(26.144820903,-6.999999746,2.));
#4436=CARTESIAN_POINT('',(26.000007026,-7.,2.));
#4437=B_SPLINE_SURFACE_WITH_KNOTS('',1,3,((#4389,#4390,#4391,#4392,#4393,#4394,#4395,#4396,#4397,#4398,#4399,#4400,#4401,#4402,#4403,#4404,#4405,#4406,#4407,#4408,#4409,#4410,#4411,#4412),(#4413,#4414,#4415,#4416,#4417,#4418,#4419,#4420,#4421,#4422,#4423,#4424,#4425,#4426,#4427,#4428,#4429,#4430,#4431,#4432,#4433,#4434,#4435,#4436)),.UNSPECIFIED.,.F.,.F.,.U.,(2,2),(4,2,2,2,2,2,2,2,2,2,2,4),(0.,1.),(0.974632886,0.980071686,0.982791085,0.984150785,0.984830635,0.98517056,0.985340523,0.985425504,0.985467995,0.98548924,0.985499863,0.985510485),.UNSPECIFIED.);
#4438=ORIENTED_EDGE('',*,*,#4360,.T.);
#4439=ORIENTED_EDGE('',*,*,#4344,.T.);
#4440=CARTESIAN_POINT('',(26.,-5.,0.));
#4441=DIRECTION('',(-0.,-0.707106781,0.707106781));
#4442=VECTOR('',#4441,2.828427125);
#4443=LINE('',#4440,#4442);
#4444=EDGE_CURVE('',#3360,#4302,#4443,.T.);
#4445=ORIENTED_EDGE('',*,*,#4444,.F.);
#4446=ORIENTED_EDGE('',*,*,#3369,.F.);
#4447=EDGE_LOOP('',(#4438,#4439,#4445,#4446));
#4448=FACE_BOUND('',#4447,.T.);
#4449=ADVANCED_FACE('',(#4448),#4437,.T.);
#4450=CARTESIAN_POINT('',(-28.,-3.,4.));
#4451=CARTESIAN_POINT('',(-28.,-3.333333333,4.));
#4452=CARTESIAN_POINT('',(-27.92450094,-3.666666667,4.));
#4453=CARTESIAN_POINT('',(-27.635825741,-4.166666667,4.));
#4454=CARTESIAN_POINT('',(-27.511858015,-4.333333333,4.));
#4455=CARTESIAN_POINT('',(-27.228384476,-4.583333333,4.));
#4456=CARTESIAN_POINT('',(-27.118862198,-4.666666667,4.));
#4457=CARTESIAN_POINT('',(-26.892937656,-4.791666667,4.));
#4458=CARTESIAN_POINT('',(-26.808224816,-4.833333333,4.));
#4459=CARTESIAN_POINT('',(-26.63984341,-4.895833333,4.));
#4460=CARTESIAN_POINT('',(-26.57744841,-4.916666667,4.));
#4461=CARTESIAN_POINT('',(-26.455393351,-4.947916667,4.));
#4462=CARTESIAN_POINT('',(-26.410409961,-4.958333333,4.));
#4463=CARTESIAN_POINT('',(-26.323049442,-4.973958333,4.));
#4464=CARTESIAN_POINT('',(-26.290954782,-4.979166667,4.));
#4465=CARTESIAN_POINT('',(-26.228789471,-4.986979167,4.));
#4466=CARTESIAN_POINT('',(-26.206041208,-4.989583333,4.));
#4467=CARTESIAN_POINT('',(-26.161885362,-4.993489583,4.));
#4468=CARTESIAN_POINT('',(-26.145917595,-4.994791667,4.));
#4469=CARTESIAN_POINT('',(-26.114449627,-4.996744792,4.));
#4470=CARTESIAN_POINT('',(-26.103636007,-4.997395833,4.));
#4471=CARTESIAN_POINT('',(-26.073097524,-4.998697917,4.));
#4472=CARTESIAN_POINT('',(-26.072408414,-4.99911442,4.));
#4473=CARTESIAN_POINT('',(-26.000003478,-5.,4.));
#4474=CARTESIAN_POINT('',(-30.,-3.,2.));
#4475=CARTESIAN_POINT('',(-30.,-3.666666694,2.));
#4476=CARTESIAN_POINT('',(-29.849001816,-4.333333296,2.));
#4477=CARTESIAN_POINT('',(-29.271651515,-5.333333352,2.));
#4478=CARTESIAN_POINT('',(-29.023715923,-5.666666544,2.));
#4479=CARTESIAN_POINT('',(-28.456769005,-6.166666728,2.));
#4480=CARTESIAN_POINT('',(-28.237724236,-6.333333043,2.));
#4481=CARTESIAN_POINT('',(-27.785875392,-6.583333479,2.));
#4482=CARTESIAN_POINT('',(-27.6164494,-6.666666042,2.));
#4483=CARTESIAN_POINT('',(-27.279686936,-6.791666979,2.));
#4484=CARTESIAN_POINT('',(-27.154896489,-6.833332042,2.));
#4485=CARTESIAN_POINT('',(-26.910786868,-6.895833979,2.));
#4486=CARTESIAN_POINT('',(-26.820819452,-6.916664041,2.));
#4487=CARTESIAN_POINT('',(-26.646099118,-6.94791798,2.));
#4488=CARTESIAN_POINT('',(-26.581908897,-6.958328032,2.));
#4489=CARTESIAN_POINT('',(-26.457579274,-6.973960984,2.));
#4490=CARTESIAN_POINT('',(-26.412081468,-6.979155965,2.));
#4491=CARTESIAN_POINT('',(-26.323771198,-6.986984518,2.));
#4492=CARTESIAN_POINT('',(-26.291833818,-6.989561407,2.));
#4493=CARTESIAN_POINT('',(-26.228899941,-6.993500547,2.));
#4494=CARTESIAN_POINT('',(-26.207269872,-6.994743232,2.));
#4495=CARTESIAN_POINT('',(-26.146197191,-6.997444268,2.));
#4496=CARTESIAN_POINT('',(-26.144820958,-6.999999748,2.));
#4497=CARTESIAN_POINT('',(-26.000006957,-7.,2.));
#4498=B_SPLINE_SURFACE_WITH_KNOTS('',1,3,((#4450,#4451,#4452,#4453,#4454,#4455,#4456,#4457,#4458,#4459,#4460,#4461,#4462,#4463,#4464,#4465,#4466,#4467,#4468,#4469,#4470,#4471,#4472,#4473),(#4474,#4475,#4476,#4477,#4478,#4479,#4480,#4481,#4482,#4483,#4484,#4485,#4486,#4487,#4488,#4489,#4490,#4491,#4492,#4493,#4494,#4495,#4496,#4497)),.UNSPECIFIED.,.F.,.F.,.U.,(2,2),(4,2,2,2,2,2,2,2,2,2,2,4),(0.,1.),(0.974632886,0.980071686,0.982791085,0.984150785,0.984830635,0.98517056,0.985340523,0.985425504,0.985467995,0.98548924,0.985499863,0.985510485),.UNSPECIFIED.);
#4499=ORIENTED_EDGE('',*,*,#4378,.T.);
#4500=ORIENTED_EDGE('',*,*,#3630,.F.);
#4501=CARTESIAN_POINT('',(-30.,-3.,2.));
#4502=VERTEX_POINT('',#4501);
#4503=CARTESIAN_POINT('',(-30.,-3.,2.));
#4504=DIRECTION('',(0.707106781,-0.,0.707106781));
#4505=VECTOR('',#4504,2.828427125);
#4506=LINE('',#4503,#4505);
#4507=EDGE_CURVE('',#4502,#3613,#4506,.T.);
#4508=ORIENTED_EDGE('',*,*,#4507,.F.);
#4509=CARTESIAN_POINT('',(-26.000006957,-7.,2.));
#4510=CARTESIAN_POINT('',(-26.144820958,-6.999999748,2.));
#4511=CARTESIAN_POINT('',(-26.146197191,-6.997444268,2.));
#4512=CARTESIAN_POINT('',(-26.176733532,-6.99609375,2.));
#4513=CARTESIAN_POINT('',(-26.207269872,-6.994743232,2.));
#4514=CARTESIAN_POINT('',(-26.228899941,-6.993500547,2.));
#4515=CARTESIAN_POINT('',(-26.2498779,-6.9921875,2.));
#4516=CARTESIAN_POINT('',(-26.291833818,-6.989561407,2.));
#4517=CARTESIAN_POINT('',(-26.323771198,-6.986984518,2.));
#4518=CARTESIAN_POINT('',(-26.353207955,-6.984375,2.));
#4519=CARTESIAN_POINT('',(-26.412081468,-6.979155965,2.));
#4520=CARTESIAN_POINT('',(-26.457579274,-6.973960984,2.));
#4521=CARTESIAN_POINT('',(-26.499022482,-6.96875,2.));
#4522=CARTESIAN_POINT('',(-26.581908897,-6.958328032,2.));
#4523=CARTESIAN_POINT('',(-26.646099118,-6.94791798,2.));
#4524=CARTESIAN_POINT('',(-26.704339229,-6.9375,2.));
#4525=CARTESIAN_POINT('',(-26.820819452,-6.916664041,2.));
#4526=CARTESIAN_POINT('',(-26.910786868,-6.895833979,2.));
#4527=CARTESIAN_POINT('',(-26.992156742,-6.875,2.));
#4528=CARTESIAN_POINT('',(-27.154896489,-6.833332042,2.));
#4529=CARTESIAN_POINT('',(-27.279686936,-6.791666979,2.));
#4530=CARTESIAN_POINT('',(-27.391941091,-6.75,2.));
#4531=CARTESIAN_POINT('',(-27.6164494,-6.666666042,2.));
#4532=CARTESIAN_POINT('',(-27.785875392,-6.583333479,2.));
#4533=CARTESIAN_POINT('',(-27.936491673,-6.5,2.));
#4534=CARTESIAN_POINT('',(-28.237724236,-6.333333043,2.));
#4535=CARTESIAN_POINT('',(-28.456769005,-6.166666728,2.));
#4536=CARTESIAN_POINT('',(-28.645751311,-6.,2.));
#4537=CARTESIAN_POINT('',(-29.023715923,-5.666666544,2.));
#4538=CARTESIAN_POINT('',(-29.271651515,-5.333333352,2.));
#4539=CARTESIAN_POINT('',(-29.464101615,-5.,2.));
#4540=CARTESIAN_POINT('',(-29.849001816,-4.333333296,2.));
#4541=CARTESIAN_POINT('',(-30.,-3.666666694,2.));
#4542=CARTESIAN_POINT('',(-30.,-3.,2.));
#4543=B_SPLINE_CURVE_WITH_KNOTS('',3,(#4509,#4510,#4511,#4512,#4513,#4514,#4515,#4516,#4517,#4518,#4519,#4520,#4521,#4522,#4523,#4524,#4525,#4526,#4527,#4528,#4529,#4530,#4531,#4532,#4533,#4534,
#4535,#4536,#4537,#4538,#4539,#4540,#4541,#4542),.UNSPECIFIED.,.F.,.F.,(4,3,3,3,3,3,3,3,3,3,3,4),(0.,0.000976562,0.001953125,0.00390625,0.0078125,0.015625,0.03125,0.0625,0.125,0.25,0.5,1.),.UNSPECIFIED.);
#4544=EDGE_CURVE('',#4374,#4502,#4543,.T.);
#4545=ORIENTED_EDGE('',*,*,#4544,.F.);
#4546=EDGE_LOOP('',(#4499,#4500,#4508,#4545));
#4547=FACE_BOUND('',#4546,.T.);
#4548=ADVANCED_FACE('',(#4547),#4498,.T.);
#4549=CARTESIAN_POINT('',(-1.,-7.,2.));
#4550=DIRECTION('',(0.,-0.707106781,-0.707106781));
#4551=DIRECTION('',(-1.,0.,0.));
#4552=AXIS2_PLACEMENT_3D('',#4549,#4550,#4551);
#4553=PLANE('',#4552);
#4554=ORIENTED_EDGE('',*,*,#4444,.T.);
#4555=ORIENTED_EDGE('',*,*,#4384,.T.);
#4556=CARTESIAN_POINT('',(-26.,-5.,0.));
#4557=DIRECTION('',(-0.,-0.707106781,0.707106781));
#4558=VECTOR('',#4557,2.828427125);
#4559=LINE('',#4556,#4558);
#4560=EDGE_CURVE('',#3372,#4374,#4559,.T.);
#4561=ORIENTED_EDGE('',*,*,#4560,.F.);
#4562=ORIENTED_EDGE('',*,*,#3377,.F.);
#4563=EDGE_LOOP('',(#4554,#4555,#4561,#4562));
#4564=FACE_BOUND('',#4563,.T.);
#4565=ADVANCED_FACE('',(#4564),#4553,.T.);
#4566=CARTESIAN_POINT('',(394.,15.,4.));
#4567=DIRECTION('',(0.,0.707106781,-0.707106781));
#4568=DIRECTION('',(1.,0.,0.));
#4569=AXIS2_PLACEMENT_3D('',#4566,#4567,#4568);
#4570=PLANE('',#4569);
#4571=ORIENTED_EDGE('',*,*,#3598,.F.);
#4572=ORIENTED_EDGE('',*,*,#2792,.F.);
#4573=CARTESIAN_POINT('',(-34.,13.,2.));
#4574=VERTEX_POINT('',#4573);
#4575=CARTESIAN_POINT('',(-34.,13.,2.));
#4576=DIRECTION('',(-1.,-0.,-0.));
#4577=VECTOR('',#4576,28.);
#4578=LINE('',#4575,#4577);
#4579=EDGE_CURVE('',#4574,#2777,#4578,.T.);
#4580=ORIENTED_EDGE('',*,*,#4579,.F.);
#4581=CARTESIAN_POINT('',(-34.,15.,4.));
#4582=DIRECTION('',(0.,-0.707106781,-0.707106781));
#4583=VECTOR('',#4582,2.828427125);
#4584=LINE('',#4581,#4583);
#4585=EDGE_CURVE('',#3593,#4574,#4584,.T.);
#4586=ORIENTED_EDGE('',*,*,#4585,.F.);
#4587=EDGE_LOOP('',(#4571,#4572,#4580,#4586));
#4588=FACE_BOUND('',#4587,.T.);
#4589=ADVANCED_FACE('',(#4588),#4570,.F.);
#4590=CARTESIAN_POINT('',(-28.,0.,4.));
#4591=DIRECTION('',(0.707106781,0.,-0.707106781));
#4592=DIRECTION('',(0.,-1.,0.));
#4593=AXIS2_PLACEMENT_3D('',#4590,#4591,#4592);
#4594=PLANE('',#4593);
#4595=ORIENTED_EDGE('',*,*,#4507,.T.);
#4596=ORIENTED_EDGE('',*,*,#3618,.F.);
#4597=CARTESIAN_POINT('',(-30.,9.,2.));
#4598=VERTEX_POINT('',#4597);
#4599=CARTESIAN_POINT('',(-30.,9.000002088,2.));
#4600=CARTESIAN_POINT('',(-28.,9.000003131,4.));
#4601=B_SPLINE_CURVE_WITH_KNOTS('',1,(#4599,#4600),.UNSPECIFIED.,.F.,.F.,(2,2),(0.,1.),.UNSPECIFIED.);
#4602=EDGE_CURVE('',#4598,#3601,#4601,.T.);
#4603=ORIENTED_EDGE('',*,*,#4602,.F.);
#4604=CARTESIAN_POINT('',(-30.,-3.,2.));
#4605=DIRECTION('',(-0.,1.,-0.));
#4606=VECTOR('',#4605,12.);
#4607=LINE('',#4604,#4606);
#4608=EDGE_CURVE('',#4502,#4598,#4607,.T.);
#4609=ORIENTED_EDGE('',*,*,#4608,.F.);
#4610=EDGE_LOOP('',(#4595,#4596,#4603,#4609));
#4611=FACE_BOUND('',#4610,.T.);
#4612=ADVANCED_FACE('',(#4611),#4594,.F.);
#4613=CARTESIAN_POINT('',(-30.,-3.000007691,2.));
#4614=CARTESIAN_POINT('',(-29.999999722,-3.144820378,2.));
#4615=CARTESIAN_POINT('',(-29.997444268,-3.146197191,2.));
#4616=CARTESIAN_POINT('',(-29.994743232,-3.207269872,2.));
#4617=CARTESIAN_POINT('',(-29.993500547,-3.228899941,2.));
#4618=CARTESIAN_POINT('',(-29.989561407,-3.291833818,2.));
#4619=CARTESIAN_POINT('',(-29.986984518,-3.323771198,2.));
#4620=CARTESIAN_POINT('',(-29.979155965,-3.412081468,2.));
#4621=CARTESIAN_POINT('',(-29.973960984,-3.457579274,2.));
#4622=CARTESIAN_POINT('',(-29.958328032,-3.581908897,2.));
#4623=CARTESIAN_POINT('',(-29.94791798,-3.646099118,2.));
#4624=CARTESIAN_POINT('',(-29.916664041,-3.820819452,2.));
#4625=CARTESIAN_POINT('',(-29.895833979,-3.910786868,2.));
#4626=CARTESIAN_POINT('',(-29.833332042,-4.154896489,2.));
#4627=CARTESIAN_POINT('',(-29.791666979,-4.279686936,2.));
#4628=CARTESIAN_POINT('',(-29.666666042,-4.6164494,2.));
#4629=CARTESIAN_POINT('',(-29.583333479,-4.785875392,2.));
#4630=CARTESIAN_POINT('',(-29.333333043,-5.237724236,2.));
#4631=CARTESIAN_POINT('',(-29.166666728,-5.456769005,2.));
#4632=CARTESIAN_POINT('',(-28.666666544,-6.023715923,2.));
#4633=CARTESIAN_POINT('',(-28.333333352,-6.271651515,2.));
#4634=CARTESIAN_POINT('',(-27.333333296,-6.849001816,2.));
#4635=CARTESIAN_POINT('',(-26.666666694,-7.,2.));
#4636=CARTESIAN_POINT('',(-26.,-7.,2.));
#4637=CARTESIAN_POINT('',(-28.,-3.000003845,0.));
#4638=CARTESIAN_POINT('',(-27.999114422,-3.072408124,0.));
#4639=CARTESIAN_POINT('',(-27.998697917,-3.073097524,0.));
#4640=CARTESIAN_POINT('',(-27.997395833,-3.103636007,0.));
#4641=CARTESIAN_POINT('',(-27.996744792,-3.114449627,0.));
#4642=CARTESIAN_POINT('',(-27.994791667,-3.145917595,0.));
#4643=CARTESIAN_POINT('',(-27.993489583,-3.161885362,0.));
#4644=CARTESIAN_POINT('',(-27.989583333,-3.206041208,0.));
#4645=CARTESIAN_POINT('',(-27.986979167,-3.228789471,0.));
#4646=CARTESIAN_POINT('',(-27.979166667,-3.290954782,0.));
#4647=CARTESIAN_POINT('',(-27.973958333,-3.323049442,0.));
#4648=CARTESIAN_POINT('',(-27.958333333,-3.410409961,0.));
#4649=CARTESIAN_POINT('',(-27.947916667,-3.455393351,0.));
#4650=CARTESIAN_POINT('',(-27.916666667,-3.57744841,0.));
#4651=CARTESIAN_POINT('',(-27.895833333,-3.63984341,0.));
#4652=CARTESIAN_POINT('',(-27.833333333,-3.808224816,0.));
#4653=CARTESIAN_POINT('',(-27.791666667,-3.892937656,0.));
#4654=CARTESIAN_POINT('',(-27.666666667,-4.118862198,0.));
#4655=CARTESIAN_POINT('',(-27.583333333,-4.228384476,0.));
#4656=CARTESIAN_POINT('',(-27.333333333,-4.511858015,0.));
#4657=CARTESIAN_POINT('',(-27.166666667,-4.635825741,0.));
#4658=CARTESIAN_POINT('',(-26.666666667,-4.92450094,0.));
#4659=CARTESIAN_POINT('',(-26.333333333,-5.,0.));
#4660=CARTESIAN_POINT('',(-26.,-5.,0.));
#4661=B_SPLINE_SURFACE_WITH_KNOTS('',1,3,((#4613,#4614,#4615,#4616,#4617,#4618,#4619,#4620,#4621,#4622,#4623,#4624,#4625,#4626,#4627,#4628,#4629,#4630,#4631,#4632,#4633,#4634,#4635,#4636),(#4637,#4638,#4639,#4640,#4641,#4642,#4643,#4644,#4645,#4646,#4647,#4648,#4649,#4650,#4651,#4652,#4653,#4654,#4655,#4656,#4657,#4658,#4659,#4660)),.UNSPECIFIED.,.F.,.F.,.U.,(2,2),(4,2,2,2,2,2,2,2,2,2,2,4),(0.,1.),(0.096123963,0.096152135,0.096180307,0.096236651,0.09634934,0.096574717,0.097025472,0.097926981,0.099729999,0.103336035,0.110548107,0.124972251),.UNSPECIFIED.);
#4662=ORIENTED_EDGE('',*,*,#4560,.T.);
#4663=ORIENTED_EDGE('',*,*,#4544,.T.);
#4664=CARTESIAN_POINT('',(-28.,-3.,0.));
#4665=DIRECTION('',(-0.707106781,-0.,0.707106781));
#4666=VECTOR('',#4665,2.828427125);
#4667=LINE('',#4664,#4666);
#4668=EDGE_CURVE('',#3380,#4502,#4667,.T.);
#4669=ORIENTED_EDGE('',*,*,#4668,.F.);
#4670=ORIENTED_EDGE('',*,*,#3389,.F.);
#4671=EDGE_LOOP('',(#4662,#4663,#4669,#4670));
#4672=FACE_BOUND('',#4671,.T.);
#4673=ADVANCED_FACE('',(#4672),#4661,.T.);
#4674=CARTESIAN_POINT('',(-48.5,13.,2.));
#4675=DIRECTION('',(0.,-0.707106781,-0.707106781));
#4676=DIRECTION('',(-1.,0.,0.));
#4677=AXIS2_PLACEMENT_3D('',#4674,#4675,#4676);
#4678=PLANE('',#4677);
#4679=ORIENTED_EDGE('',*,*,#2783,.F.);
#4680=ORIENTED_EDGE('',*,*,#3246,.F.);
#4681=CARTESIAN_POINT('',(-34.,13.,2.));
#4682=CARTESIAN_POINT('',(-33.999999999,15.000000087,-0.000000087));
#4683=B_SPLINE_CURVE_WITH_KNOTS('',1,(#4681,#4682),.UNSPECIFIED.,.F.,.F.,(2,2),(0.,1.),.UNSPECIFIED.);
#4684=EDGE_CURVE('',#4574,#3231,#4683,.T.);
#4685=ORIENTED_EDGE('',*,*,#4684,.F.);
#4686=ORIENTED_EDGE('',*,*,#4579,.T.);
#4687=EDGE_LOOP('',(#4679,#4680,#4685,#4686));
#4688=FACE_BOUND('',#4687,.T.);
#4689=ADVANCED_FACE('',(#4688),#4678,.T.);
#4690=CARTESIAN_POINT('',(-34.,15.,4.));
#4691=CARTESIAN_POINT('',(-33.,15.,4.));
#4692=CARTESIAN_POINT('',(-32.,14.773502706,4.));
#4693=CARTESIAN_POINT('',(-30.5,13.907477281,4.));
#4694=CARTESIAN_POINT('',(-30.,13.535573717,4.));
#4695=CARTESIAN_POINT('',(-29.25,12.685153591,4.));
#4696=CARTESIAN_POINT('',(-29.,12.356585681,4.));
#4697=CARTESIAN_POINT('',(-28.625,11.678813424,4.));
#4698=CARTESIAN_POINT('',(-28.5,11.424671896,4.));
#4699=CARTESIAN_POINT('',(-28.3125,10.919531506,4.));
#4700=CARTESIAN_POINT('',(-28.25,10.732338064,4.));
#4701=CARTESIAN_POINT('',(-28.15625,10.366183637,4.));
#4702=CARTESIAN_POINT('',(-28.125,10.231209681,4.));
#4703=CARTESIAN_POINT('',(-28.078125,9.969158426,4.));
#4704=CARTESIAN_POINT('',(-28.0625,9.872807232,4.));
#4705=CARTESIAN_POINT('',(-28.0390625,9.686396968,4.));
#4706=CARTESIAN_POINT('',(-28.03125,9.617961268,4.));
#4707=CARTESIAN_POINT('',(-28.01953125,9.485737265,4.));
#4708=CARTESIAN_POINT('',(-28.015625,9.437282358,4.));
#4709=CARTESIAN_POINT('',(-28.009765625,9.343584095,4.));
#4710=CARTESIAN_POINT('',(-28.0078125,9.309425128,4.));
#4711=CARTESIAN_POINT('',(-28.004882812,9.242937882,4.));
#4712=CARTESIAN_POINT('',(-28.00390625,9.219195761,4.));
#4713=CARTESIAN_POINT('',(-28.001953125,9.155758459,4.));
#4714=CARTESIAN_POINT('',(-28.001081017,9.153098895,4.));
#4715=CARTESIAN_POINT('',(-28.,9.000003131,4.));
#4716=CARTESIAN_POINT('',(-34.,13.,2.));
#4717=CARTESIAN_POINT('',(-33.33333333,13.,2.));
#4718=CARTESIAN_POINT('',(-32.666666671,12.849001797,2.));
#4719=CARTESIAN_POINT('',(-31.666666665,12.271651524,2.));
#4720=CARTESIAN_POINT('',(-31.333333347,12.023715799,2.));
#4721=CARTESIAN_POINT('',(-30.833333327,11.456769067,2.));
#4722=CARTESIAN_POINT('',(-30.666666699,11.237723769,2.));
#4723=CARTESIAN_POINT('',(-30.416666651,10.785875625,2.));
#4724=CARTESIAN_POINT('',(-30.333333403,10.616447905,2.));
#4725=CARTESIAN_POINT('',(-30.208333299,10.279687683,2.));
#4726=CARTESIAN_POINT('',(-30.16666681,10.154892006,2.));
#4727=CARTESIAN_POINT('',(-30.104166595,9.91078911,2.));
#4728=CARTESIAN_POINT('',(-30.083333625,9.820806402,2.));
#4729=CARTESIAN_POINT('',(-30.052083188,9.646105643,2.));
#4730=CARTESIAN_POINT('',(-30.041667255,9.581871414,2.));
#4731=CARTESIAN_POINT('',(-30.026041373,9.457598016,2.));
#4732=CARTESIAN_POINT('',(-30.020834515,9.411974074,2.));
#4733=CARTESIAN_POINT('',(-30.013020243,9.323824895,2.));
#4734=CARTESIAN_POINT('',(-30.01041904,9.291521424,2.));
#4735=CARTESIAN_POINT('',(-30.00650923,9.229056138,2.));
#4736=CARTESIAN_POINT('',(-30.005213131,9.206283206,2.));
#4737=CARTESIAN_POINT('',(-30.00325281,9.161958694,2.));
#4738=CARTESIAN_POINT('',(-30.002614163,9.146130195,2.));
#4739=CARTESIAN_POINT('',(-30.001292087,9.103839285,2.));
#4740=CARTESIAN_POINT('',(-30.000000053,9.102066187,2.));
#4741=CARTESIAN_POINT('',(-30.,9.000002088,2.));
#4742=B_SPLINE_SURFACE_WITH_KNOTS('',1,3,((#4690,#4691,#4692,#4693,#4694,#4695,#4696,#4697,#4698,#4699,#4700,#4701,#4702,#4703,#4704,#4705,#4706,#4707,#4708,#4709,#4710,#4711,#4712,#4713,#4714,#4715),(#4716,#4717,#4718,#4719,#4720,#4721,#4722,#4723,#4724,#4725,#4726,#4727,#4728,#4729,#4730,#4731,#4732,#4733,#4734,#4735,#4736,#4737,#4738,#4739,#4740,#4741)),.UNSPECIFIED.,.F.,.F.,.U.,(2,2),(4,2,2,2,2,2,2,2,2,2,2,2,4),(0.,1.),(0.250967205,0.272940687,0.283927428,0.289420799,0.292167484,0.293540826,0.294227498,0.294570833,0.294742501,0.294828335,0.294871252,0.294892711,0.294914169),.UNSPECIFIED.);
#4743=ORIENTED_EDGE('',*,*,#3610,.F.);
#4744=ORIENTED_EDGE('',*,*,#4585,.T.);
#4745=CARTESIAN_POINT('',(-30.,9.000002088,2.));
#4746=CARTESIAN_POINT('',(-30.000000053,9.102065847,2.));
#4747=CARTESIAN_POINT('',(-30.001292079,9.103839274,2.));
#4748=CARTESIAN_POINT('',(-30.001953118,9.124984529,2.));
#4749=CARTESIAN_POINT('',(-30.002614158,9.146129784,2.));
#4750=CARTESIAN_POINT('',(-30.003252799,9.161958434,2.));
#4751=CARTESIAN_POINT('',(-30.003906237,9.176733236,2.));
#4752=CARTESIAN_POINT('',(-30.005213113,9.20628284,2.));
#4753=CARTESIAN_POINT('',(-30.006509208,9.229055764,2.));
#4754=CARTESIAN_POINT('',(-30.007812474,9.249877483,2.));
#4755=CARTESIAN_POINT('',(-30.010419005,9.29152092,2.));
#4756=CARTESIAN_POINT('',(-30.013020199,9.323824366,2.));
#4757=CARTESIAN_POINT('',(-30.015624948,9.353207367,2.));
#4758=CARTESIAN_POINT('',(-30.020834445,9.411973367,2.));
#4759=CARTESIAN_POINT('',(-30.026041286,9.457597269,2.));
#4760=CARTESIAN_POINT('',(-30.031249896,9.499021652,2.));
#4761=CARTESIAN_POINT('',(-30.041667116,9.58187042,2.));
#4762=CARTESIAN_POINT('',(-30.052083014,9.646104591,2.));
#4763=CARTESIAN_POINT('',(-30.062499791,9.704338063,2.));
#4764=CARTESIAN_POINT('',(-30.083333347,9.820805007,2.));
#4765=CARTESIAN_POINT('',(-30.104166247,9.910787637,2.));
#4766=CARTESIAN_POINT('',(-30.124999583,9.992155112,2.));
#4767=CARTESIAN_POINT('',(-30.166666254,10.154890063,2.));
#4768=CARTESIAN_POINT('',(-30.208332603,10.279685643,2.));
#4769=CARTESIAN_POINT('',(-30.249999166,10.391938843,2.));
#4770=CARTESIAN_POINT('',(-30.33333229,10.616445243,2.));
#4771=CARTESIAN_POINT('',(-30.41666526,10.785872861,2.));
#4772=CARTESIAN_POINT('',(-30.499998331,10.936488657,2.));
#4773=CARTESIAN_POINT('',(-30.666664474,11.237720251,2.));
#4774=CARTESIAN_POINT('',(-30.833330545,11.456765512,2.));
#4775=CARTESIAN_POINT('',(-30.999996663,11.645747527,2.));
#4776=CARTESIAN_POINT('',(-31.333328897,12.023711557,2.));
#4777=CARTESIAN_POINT('',(-31.666661102,12.271647572,2.));
#4778=CARTESIAN_POINT('',(-31.999993325,12.464097762,2.));
#4779=CARTESIAN_POINT('',(-32.666657771,12.84899814,2.));
#4780=CARTESIAN_POINT('',(-33.333322206,12.999997984,2.));
#4781=CARTESIAN_POINT('',(-33.999986651,13.,2.));
#4782=B_SPLINE_CURVE_WITH_KNOTS('',3,(#4745,#4746,#4747,#4748,#4749,#4750,#4751,#4752,#4753,#4754,#4755,#4756,#4757,#4758,#4759,#4760,#4761,#4762,#4763,#4764,#4765,#4766,#4767,#4768,#4769,#4770,
#4771,#4772,#4773,#4774,#4775,#4776,#4777,#4778,#4779,#4780,#4781),.UNSPECIFIED.,.F.,.F.,(4,3,3,3,3,3,3,3,3,3,3,3,4),(0.,0.000488281,0.000976562,0.001953125,0.00390625,0.0078125,0.015625,0.03125,0.0625,0.125,0.25,0.5,1.),.UNSPECIFIED.);
#4783=EDGE_CURVE('',#4598,#4574,#4782,.T.);
#4784=ORIENTED_EDGE('',*,*,#4783,.F.);
#4785=ORIENTED_EDGE('',*,*,#4602,.T.);
#4786=EDGE_LOOP('',(#4743,#4744,#4784,#4785));
#4787=FACE_BOUND('',#4786,.T.);
#4788=ADVANCED_FACE('',(#4787),#4742,.T.);
#4789=CARTESIAN_POINT('',(-30.,3.,2.));
#4790=DIRECTION('',(-0.707106781,0.,-0.707106781));
#4791=DIRECTION('',(0.,1.,0.));
#4792=AXIS2_PLACEMENT_3D('',#4789,#4790,#4791);
#4793=PLANE('',#4792);
#4794=ORIENTED_EDGE('',*,*,#4668,.T.);
#4795=ORIENTED_EDGE('',*,*,#4608,.T.);
#4796=CARTESIAN_POINT('',(-28.,9.,0.));
#4797=DIRECTION('',(-0.707106781,-0.,0.707106781));
#4798=VECTOR('',#4797,2.828427125);
#4799=LINE('',#4796,#4798);
#4800=EDGE_CURVE('',#3229,#4598,#4799,.T.);
#4801=ORIENTED_EDGE('',*,*,#4800,.F.);
#4802=ORIENTED_EDGE('',*,*,#3395,.F.);
#4803=EDGE_LOOP('',(#4794,#4795,#4801,#4802));
#4804=FACE_BOUND('',#4803,.T.);
#4805=ADVANCED_FACE('',(#4804),#4793,.T.);
#4806=CARTESIAN_POINT('',(-33.999986651,13.,2.));
#4807=CARTESIAN_POINT('',(-33.897599743,12.999999658,2.));
#4808=CARTESIAN_POINT('',(-33.89661517,12.99872212,2.));
#4809=CARTESIAN_POINT('',(-33.853415211,12.997371626,2.));
#4810=CARTESIAN_POINT('',(-33.838111132,12.996750279,2.));
#4811=CARTESIAN_POINT('',(-33.793577139,12.994780693,2.));
#4812=CARTESIAN_POINT('',(-33.770966042,12.993492163,2.));
#4813=CARTESIAN_POINT('',(-33.708431577,12.989578009,2.));
#4814=CARTESIAN_POINT('',(-33.676183417,12.986980494,2.));
#4815=CARTESIAN_POINT('',(-33.588009257,12.979164007,2.));
#4816=CARTESIAN_POINT('',(-33.542404908,12.973958995,2.));
#4817=CARTESIAN_POINT('',(-33.418122737,12.95833201,2.));
#4818=CARTESIAN_POINT('',(-33.353894938,12.94791692,2.));
#4819=CARTESIAN_POINT('',(-33.179191792,12.916666045,2.));
#4820=CARTESIAN_POINT('',(-33.089211238,12.895833494,2.));
#4821=CARTESIAN_POINT('',(-32.845107296,12.833333011,2.));
#4822=CARTESIAN_POINT('',(-32.720312429,12.791666743,2.));
#4823=CARTESIAN_POINT('',(-32.383551862,12.666666511,2.));
#4824=CARTESIAN_POINT('',(-32.214124411,12.58333337,2.));
#4825=CARTESIAN_POINT('',(-31.762276158,12.333333261,2.));
#4826=CARTESIAN_POINT('',(-31.543230943,12.166666682,2.));
#4827=CARTESIAN_POINT('',(-30.976284181,11.666666636,2.));
#4828=CARTESIAN_POINT('',(-30.728348474,11.333333332,2.));
#4829=CARTESIAN_POINT('',(-30.150998204,10.333333331,2.));
#4830=CARTESIAN_POINT('',(-30.,9.666666542,2.));
#4831=CARTESIAN_POINT('',(-30.,9.,2.));
#4832=CARTESIAN_POINT('',(-33.999979976,15.,0.));
#4833=CARTESIAN_POINT('',(-33.846401807,14.99867159,0.));
#4834=CARTESIAN_POINT('',(-33.844923891,14.998046846,0.));
#4835=CARTESIAN_POINT('',(-33.78012168,14.996093772,0.));
#4836=CARTESIAN_POINT('',(-33.757167062,14.995117187,0.));
#4837=CARTESIAN_POINT('',(-33.69036498,14.9921875,0.));
#4838=CARTESIAN_POINT('',(-33.656449314,14.990234225,0.));
#4839=CARTESIAN_POINT('',(-33.562646863,14.984375052,0.));
#4840=CARTESIAN_POINT('',(-33.514275303,14.980468746,0.));
#4841=CARTESIAN_POINT('',(-33.382013532,14.968750002,0.));
#4842=CARTESIAN_POINT('',(-33.313607487,14.9609375,0.));
#4843=CARTESIAN_POINT('',(-33.127183856,14.9375,0.));
#4844=CARTESIAN_POINT('',(-33.030842496,14.921874888,0.));
#4845=CARTESIAN_POINT('',(-32.768787512,14.875000052,0.));
#4846=CARTESIAN_POINT('',(-32.633816918,14.843749999,0.));
#4847=CARTESIAN_POINT('',(-32.26766082,14.750000001,0.));
#4848=CARTESIAN_POINT('',(-32.080468688,14.687499998,0.));
#4849=CARTESIAN_POINT('',(-31.575327707,14.5,0.));
#4850=CARTESIAN_POINT('',(-31.321186647,14.375,0.));
#4851=CARTESIAN_POINT('',(-30.643414176,14.,0.));
#4852=CARTESIAN_POINT('',(-30.314846434,13.75,0.));
#4853=CARTESIAN_POINT('',(-29.464426231,13.,0.));
#4854=CARTESIAN_POINT('',(-29.092522723,12.499999991,0.));
#4855=CARTESIAN_POINT('',(-28.226497282,11.00000001,0.));
#4856=CARTESIAN_POINT('',(-28.,9.999999802,0.));
#4857=CARTESIAN_POINT('',(-28.,9.,0.));
#4858=B_SPLINE_SURFACE_WITH_KNOTS('',1,3,((#4806,#4807,#4808,#4809,#4810,#4811,#4812,#4813,#4814,#4815,#4816,#4817,#4818,#4819,#4820,#4821,#4822,#4823,#4824,#4825,#4826,#4827,#4828,#4829,#4830,#4831),(#4832,#4833,#4834,#4835,#4836,#4837,#4838,#4839,#4840,#4841,#4842,#4843,#4844,#4845,#4846,#4847,#4848,#4849,#4850,#4851,#4852,#4853,#4854,#4855,#4856,#4857)),.UNSPECIFIED.,.F.,.F.,.U.,(2,2),(4,2,2,2,2,2,2,2,2,2,2,2,4),(0.,1.),(0.887612093,0.887622715,0.887633338,0.887654583,0.887697074,0.887782055,0.887952018,0.888291943,0.888971793,0.890331492,0.893050892,0.898489692,0.909367291),.UNSPECIFIED.);
#4859=ORIENTED_EDGE('',*,*,#4684,.T.);
#4860=ORIENTED_EDGE('',*,*,#3240,.F.);
#4861=ORIENTED_EDGE('',*,*,#4800,.T.);
#4862=ORIENTED_EDGE('',*,*,#4783,.T.);
#4863=EDGE_LOOP('',(#4859,#4860,#4861,#4862));
#4864=FACE_BOUND('',#4863,.T.);
#4865=ADVANCED_FACE('',(#4864),#4858,.T.);
#4866=CLOSED_SHELL('',(#2811,#2842,#2875,#2906,#2939,#2970,#3012,#3054,#3096,#3138,#3180,#3222,#3483,#3750,#3772,#3804,#3821,#3838,#3855,#3872,#3889,#3906,#3923,#3940,#3957,#3974,
#3991,#4003,#4015,#4038,#4144,#4161,#4184,#4249,#4348,#4365,#4388,#4449,#4548,#4565,#4589,#4612,#4673,#4689,#4788,#4805,#4865));
#4867=MANIFOLD_SOLID_BREP('Body 01 (1)',#4866);
#2759=STYLED_ITEM('',(#1395),#4867);
#4868=(NAMED_UNIT(*)PLANE_ANGLE_UNIT()SI_UNIT($,.RADIAN.));
#4869=PLANE_ANGLE_MEASURE_WITH_UNIT(PLANE_ANGLE_MEASURE(0.0174532925),#4868);
#4870=(CONVERSION_BASED_UNIT('DEGREE',#4869)NAMED_UNIT(#4871)PLANE_ANGLE_UNIT());
#4871=DIMENSIONAL_EXPONENTS(0.,0.,0.,0.,0.,0.,0.);
#4872=(NAMED_UNIT(*)SI_UNIT($,.STERADIAN.)SOLID_ANGLE_UNIT());
#4873=(LENGTH_UNIT()NAMED_UNIT(*)SI_UNIT(.MILLI.,.METRE.));
#4874=UNCERTAINTY_MEASURE_WITH_UNIT(LENGTH_MEASURE(1.000000E-03),#4873,'DISTANCE_ACCURACY_VALUE','Maximum Tolerance applied to model');
#4875=(GEOMETRIC_REPRESENTATION_CONTEXT(3)GLOBAL_UNCERTAINTY_ASSIGNED_CONTEXT((#4874))GLOBAL_UNIT_ASSIGNED_CONTEXT((#4873,#4870,#4872))REPRESENTATION_CONTEXT('','obj_1_BMW CSL style wheel 3mm offset.obj.stl'));
#4887=CARTESIAN_POINT('',(0.,0.,0.));
#4888=DIRECTION('',(0.,0.,1.));
#4889=DIRECTION('',(1.,0.,-0.));
#4890=AXIS2_PLACEMENT_3D('',#4887,#4888,#4889);
#4891=ITEM_DEFINED_TRANSFORMATION('','',#4890,#15);
#4892=(REPRESENTATION_RELATIONSHIP('','',#4877,#16)REPRESENTATION_RELATIONSHIP_WITH_TRANSFORMATION(#4891)SHAPE_REPRESENTATION_RELATIONSHIP());
#4893=NEXT_ASSEMBLY_USAGE_OCCURRENCE('obj_1_BMW CSL style wheel 3mm offset.obj.stl_1','obj_1_BMW CSL style wheel 3mm offset.obj.stl','obj_1_BMW CSL style wheel 3mm offset.obj.stl',#25,#4886,$);
#4894=PRODUCT_DEFINITION_SHAPE('','',#4893);
#4895=CONTEXT_DEPENDENT_SHAPE_REPRESENTATION(#4892,#4894);
#4877=SHAPE_REPRESENTATION('obj_1_BMW CSL style wheel 3mm offset.obj.stl',(#15),#4875);
#4896=CARTESIAN_POINT('',(0.,0.,0.));
#4897=DIRECTION('',(0.,0.,1.));
#4898=DIRECTION('',(1.,0.,0.));
#4899=AXIS2_PLACEMENT_3D('',#4896,#4897,#4898);
#4901=MAPPED_ITEM('',#4900,#4899);
#4900=REPRESENTATION_MAP(#4899,#4877);
#4902=APPLICATION_CONTEXT('Managed model based 3d engineering');
#4903=APPLICATION_PROTOCOL_DEFINITION('international standard','ap242_managed_model_based_3d_engineering',2014,#4902);
#4904=PRODUCT_CONTEXT('',#4902,'mechanical');
#4905=PRODUCT_DEFINITION_CONTEXT('part definition',#4902,'design');
#4885=PRODUCT('obj_1_BMW CSL style wheel 3mm offset.obj.stl','obj_1_BMW CSL style wheel 3mm offset.obj.stl','',(#4904));
#4906=PRODUCT_RELATED_PRODUCT_CATEGORY('part','',(#4885));
#4907=PRODUCT_DEFINITION_FORMATION_WITH_SPECIFIED_SOURCE('','',#4885,.NOT_KNOWN.);
#4886=PRODUCT_DEFINITION('design','',#4907,#4905);
#4884=PRODUCT_DEFINITION_SHAPE('','',#4886);
#4908=SHAPE_DEFINITION_REPRESENTATION(#4884,#4877);
#4876=DRAUGHTING_MODEL('',(#4901),#4875);
#4909=(NAMED_UNIT(*)PLANE_ANGLE_UNIT()SI_UNIT($,.RADIAN.));
#4910=PLANE_ANGLE_MEASURE_WITH_UNIT(PLANE_ANGLE_MEASURE(0.0174532925),#4909);
#4911=(CONVERSION_BASED_UNIT('DEGREE',#4910)NAMED_UNIT(#4912)PLANE_ANGLE_UNIT());
#4912=DIMENSIONAL_EXPONENTS(0.,0.,0.,0.,0.,0.,0.);
#4913=(NAMED_UNIT(*)SI_UNIT($,.STERADIAN.)SOLID_ANGLE_UNIT());
#4914=(LENGTH_UNIT()NAMED_UNIT(*)SI_UNIT(.MILLI.,.METRE.));
#4915=UNCERTAINTY_MEASURE_WITH_UNIT(LENGTH_MEASURE(1.000000E-03),#4914,'DISTANCE_ACCURACY_VALUE','Maximum Tolerance applied to model');
#4916=(GEOMETRIC_REPRESENTATION_CONTEXT(3)GLOBAL_UNCERTAINTY_ASSIGNED_CONTEXT((#4915))GLOBAL_UNIT_ASSIGNED_CONTEXT((#4914,#4911,#4913))REPRESENTATION_CONTEXT('','Print_09-DKS_Basic_DukeDoks_Wheels.stl.stl'));
#4928=CARTESIAN_POINT('',(0.,0.,0.));
#4929=DIRECTION('',(0.,0.,1.));
#4930=DIRECTION('',(1.,0.,-0.));
#4931=AXIS2_PLACEMENT_3D('',#4928,#4929,#4930);
#4932=ITEM_DEFINED_TRANSFORMATION('','',#4931,#15);
#4933=(REPRESENTATION_RELATIONSHIP('','',#4918,#16)REPRESENTATION_RELATIONSHIP_WITH_TRANSFORMATION(#4932)SHAPE_REPRESENTATION_RELATIONSHIP());
#4934=NEXT_ASSEMBLY_USAGE_OCCURRENCE('Print_09-DKS_Basic_DukeDoks_Wheels.stl.stl_2','Print_09-DKS_Basic_DukeDoks_Wheels.stl.stl','Print_09-DKS_Basic_DukeDoks_Wheels.stl.stl',#25,#4927,$);
#4935=PRODUCT_DEFINITION_SHAPE('','',#4934);
#4936=CONTEXT_DEPENDENT_SHAPE_REPRESENTATION(#4933,#4935);
#4918=SHAPE_REPRESENTATION('Print_09-DKS_Basic_DukeDoks_Wheels.stl.stl',(#15),#4916);
#4937=CARTESIAN_POINT('',(0.,0.,0.));
#4938=DIRECTION('',(0.,0.,1.));
#4939=DIRECTION('',(1.,0.,0.));
#4940=AXIS2_PLACEMENT_3D('',#4937,#4938,#4939);
#4942=MAPPED_ITEM('',#4941,#4940);
#4941=REPRESENTATION_MAP(#4940,#4918);
#4926=PRODUCT('Print_09-DKS_Basic_DukeDoks_Wheels.stl.stl','Print_09-DKS_Basic_DukeDoks_Wheels.stl.stl','',(#4904));
#4943=PRODUCT_RELATED_PRODUCT_CATEGORY('part','',(#4926));
#4944=PRODUCT_DEFINITION_FORMATION_WITH_SPECIFIED_SOURCE('','',#4926,.NOT_KNOWN.);
#4927=PRODUCT_DEFINITION('design','',#4944,#4905);
#4925=PRODUCT_DEFINITION_SHAPE('','',#4927);
#4945=SHAPE_DEFINITION_REPRESENTATION(#4925,#4918);
#4917=DRAUGHTING_MODEL('',(#4942),#4916);
#4946=(NAMED_UNIT(*)PLANE_ANGLE_UNIT()SI_UNIT($,.RADIAN.));
#4947=PLANE_ANGLE_MEASURE_WITH_UNIT(PLANE_ANGLE_MEASURE(0.0174532925),#4946);
#4948=(CONVERSION_BASED_UNIT('DEGREE',#4947)NAMED_UNIT(#4949)PLANE_ANGLE_UNIT());
#4949=DIMENSIONAL_EXPONENTS(0.,0.,0.,0.,0.,0.,0.);
#4950=(NAMED_UNIT(*)SI_UNIT($,.STERADIAN.)SOLID_ANGLE_UNIT());
#4951=(LENGTH_UNIT()NAMED_UNIT(*)SI_UNIT(.MILLI.,.METRE.));
#4952=UNCERTAINTY_MEASURE_WITH_UNIT(LENGTH_MEASURE(1.000000E-03),#4951,'DISTANCE_ACCURACY_VALUE','Maximum Tolerance applied to model');
#4953=(GEOMETRIC_REPRESENTATION_CONTEXT(3)GLOBAL_UNCERTAINTY_ASSIGNED_CONTEXT((#4952))GLOBAL_UNIT_ASSIGNED_CONTEXT((#4951,#4948,#4950))REPRESENTATION_CONTEXT('','DKS-Basic_DukeDoks_Basic-Wheel-01-Nut.stl'));
#4965=CARTESIAN_POINT('',(0.,0.,0.));
#4966=DIRECTION('',(0.,0.,1.));
#4967=DIRECTION('',(1.,0.,-0.));
#4968=AXIS2_PLACEMENT_3D('',#4965,#4966,#4967);
#4969=ITEM_DEFINED_TRANSFORMATION('','',#4968,#15);
#4970=(REPRESENTATION_RELATIONSHIP('','',#4955,#16)REPRESENTATION_RELATIONSHIP_WITH_TRANSFORMATION(#4969)SHAPE_REPRESENTATION_RELATIONSHIP());
#4971=NEXT_ASSEMBLY_USAGE_OCCURRENCE('DKS-Basic_DukeDoks_Basic-Wheel-01-Nut.stl_3','DKS-Basic_DukeDoks_Basic-Wheel-01-Nut.stl','DKS-Basic_DukeDoks_Basic-Wheel-01-Nut.stl',#25,#4964,$);
#4972=PRODUCT_DEFINITION_SHAPE('','',#4971);
#4973=CONTEXT_DEPENDENT_SHAPE_REPRESENTATION(#4970,#4972);
#4955=SHAPE_REPRESENTATION('DKS-Basic_DukeDoks_Basic-Wheel-01-Nut.stl',(#15),#4953);
#4974=CARTESIAN_POINT('',(0.,0.,0.));
#4975=DIRECTION('',(0.,0.,1.));
#4976=DIRECTION('',(1.,0.,0.));
#4977=AXIS2_PLACEMENT_3D('',#4974,#4975,#4976);
#4979=MAPPED_ITEM('',#4978,#4977);
#4978=REPRESENTATION_MAP(#4977,#4955);
#4963=PRODUCT('DKS-Basic_DukeDoks_Basic-Wheel-01-Nut.stl','DKS-Basic_DukeDoks_Basic-Wheel-01-Nut.stl','',(#4904));
#4980=PRODUCT_RELATED_PRODUCT_CATEGORY('part','',(#4963));
#4981=PRODUCT_DEFINITION_FORMATION_WITH_SPECIFIED_SOURCE('','',#4963,.NOT_KNOWN.);
#4964=PRODUCT_DEFINITION('design','',#4981,#4905);
#4962=PRODUCT_DEFINITION_SHAPE('','',#4964);
#4982=SHAPE_DEFINITION_REPRESENTATION(#4962,#4955);
#4954=DRAUGHTING_MODEL('',(#4979),#4953);
#4983=(NAMED_UNIT(*)PLANE_ANGLE_UNIT()SI_UNIT($,.RADIAN.));
#4984=PLANE_ANGLE_MEASURE_WITH_UNIT(PLANE_ANGLE_MEASURE(0.0174532925),#4983);
#4985=(CONVERSION_BASED_UNIT('DEGREE',#4984)NAMED_UNIT(#4986)PLANE_ANGLE_UNIT());
#4986=DIMENSIONAL_EXPONENTS(0.,0.,0.,0.,0.,0.,0.);
#4987=(NAMED_UNIT(*)SI_UNIT($,.STERADIAN.)SOLID_ANGLE_UNIT());
#4988=(LENGTH_UNIT()NAMED_UNIT(*)SI_UNIT(.MILLI.,.METRE.));
#4989=UNCERTAINTY_MEASURE_WITH_UNIT(LENGTH_MEASURE(1.000000E-03),#4988,'DISTANCE_ACCURACY_VALUE','Maximum Tolerance applied to model');
#4990=(GEOMETRIC_REPRESENTATION_CONTEXT(3)GLOBAL_UNCERTAINTY_ASSIGNED_CONTEXT((#4989))GLOBAL_UNIT_ASSIGNED_CONTEXT((#4988,#4985,#4987))REPRESENTATION_CONTEXT('','DKS-Basic_DukeDoks_Chassis-2_A.stp'));
#5002=CARTESIAN_POINT('',(0.,0.,0.));
#5003=DIRECTION('',(0.,0.,1.));
#5004=DIRECTION('',(1.,0.,-0.));
#5005=AXIS2_PLACEMENT_3D('',#5002,#5003,#5004);
#5006=ITEM_DEFINED_TRANSFORMATION('','',#5005,#15);
#5007=(REPRESENTATION_RELATIONSHIP('','',#4992,#16)REPRESENTATION_RELATIONSHIP_WITH_TRANSFORMATION(#5006)SHAPE_REPRESENTATION_RELATIONSHIP());
#5008=NEXT_ASSEMBLY_USAGE_OCCURRENCE('DKS-Basic_DukeDoks_Chassis-2_A.stp_4','DKS-Basic_DukeDoks_Chassis-2_A.stp','DKS-Basic_DukeDoks_Chassis-2_A.stp',#25,#5001,$);
#5009=PRODUCT_DEFINITION_SHAPE('','',#5008);
#5010=CONTEXT_DEPENDENT_SHAPE_REPRESENTATION(#5007,#5009);
#4992=SHAPE_REPRESENTATION('DKS-Basic_DukeDoks_Chassis-2_A.stp',(#15),#4990);
#5011=CARTESIAN_POINT('',(0.,0.,0.));
#5012=DIRECTION('',(0.,0.,1.));
#5013=DIRECTION('',(1.,0.,0.));
#5014=AXIS2_PLACEMENT_3D('',#5011,#5012,#5013);
#5016=MAPPED_ITEM('',#5015,#5014);
#5015=REPRESENTATION_MAP(#5014,#4992);
#5000=PRODUCT('DKS-Basic_DukeDoks_Chassis-2_A.stp','DKS-Basic_DukeDoks_Chassis-2_A.stp','',(#4904));
#5017=PRODUCT_RELATED_PRODUCT_CATEGORY('part','',(#5000));
#5018=PRODUCT_DEFINITION_FORMATION_WITH_SPECIFIED_SOURCE('','',#5000,.NOT_KNOWN.);
#5001=PRODUCT_DEFINITION('design','',#5018,#4905);
#4999=PRODUCT_DEFINITION_SHAPE('','',#5001);
#5019=SHAPE_DEFINITION_REPRESENTATION(#4999,#4992);
#4991=DRAUGHTING_MODEL('',(#5016),#4990);
#5020=(NAMED_UNIT(*)PLANE_ANGLE_UNIT()SI_UNIT($,.RADIAN.));
#5021=PLANE_ANGLE_MEASURE_WITH_UNIT(PLANE_ANGLE_MEASURE(0.0174532925),#5020);
#5022=(CONVERSION_BASED_UNIT('DEGREE',#5021)NAMED_UNIT(#5023)PLANE_ANGLE_UNIT());
#5023=DIMENSIONAL_EXPONENTS(0.,0.,0.,0.,0.,0.,0.);
#5024=(NAMED_UNIT(*)SI_UNIT($,.STERADIAN.)SOLID_ANGLE_UNIT());
#5025=(LENGTH_UNIT()NAMED_UNIT(*)SI_UNIT(.MILLI.,.METRE.));
#5026=UNCERTAINTY_MEASURE_WITH_UNIT(LENGTH_MEASURE(1.000000E-05),#5025,'DISTANCE_ACCURACY_VALUE','Maximum Tolerance applied to model');
#5027=(GEOMETRIC_REPRESENTATION_CONTEXT(3)GLOBAL_UNCERTAINTY_ASSIGNED_CONTEXT((#5026))GLOBAL_UNIT_ASSIGNED_CONTEXT((#5025,#5022,#5024))REPRESENTATION_CONTEXT('','mount.SLDPRT (1)'));
#5039=CARTESIAN_POINT('',(0.,0.,0.));
#5040=DIRECTION('',(0.,0.,1.));
#5041=DIRECTION('',(1.,0.,-0.));
#5042=AXIS2_PLACEMENT_3D('',#5039,#5040,#5041);
#5043=ITEM_DEFINED_TRANSFORMATION('','',#5042,#15);
#5044=(REPRESENTATION_RELATIONSHIP('','',#5029,#16)REPRESENTATION_RELATIONSHIP_WITH_TRANSFORMATION(#5043)SHAPE_REPRESENTATION_RELATIONSHIP());
#5045=NEXT_ASSEMBLY_USAGE_OCCURRENCE('mount.SLDPRT (1)_5','mount.SLDPRT (1)','mount.SLDPRT (1)',#25,#5038,$);
#5046=PRODUCT_DEFINITION_SHAPE('','',#5045);
#5047=CONTEXT_DEPENDENT_SHAPE_REPRESENTATION(#5044,#5046);
#5049=CARTESIAN_POINT('',(-52.7,148.5,32.1));
#5050=DIRECTION('',(-1.,0.,-0.));
#5051=DIRECTION('',(0.,-0.,-1.));
#5052=AXIS2_PLACEMENT_3D('',#5049,#5050,#5051);
#5053=PLANE('',#5052);
#5054=CARTESIAN_POINT('',(-52.7,135.5,23.));
#5055=VERTEX_POINT('',#5054);
#5056=CARTESIAN_POINT('',(-52.7,135.5,15.2));
#5057=VERTEX_POINT('',#5056);
#5058=CARTESIAN_POINT('',(-52.7,135.5,19.1));
#5059=DIRECTION('',(1.,-0.,0.));
#5060=DIRECTION('',(0.,-0.,-1.));
#5061=AXIS2_PLACEMENT_3D('',#5058,#5059,#5060);
#5062=CIRCLE('',#5061,3.9);
#5063=EDGE_CURVE('',#5055,#5057,#5062,.T.);
#5064=ORIENTED_EDGE('',*,*,#5063,.F.);
#5065=CARTESIAN_POINT('',(-52.7,135.5,19.1));
#5066=DIRECTION('',(1.,-0.,0.));
#5067=DIRECTION('',(0.,-0.,-1.));
#5068=AXIS2_PLACEMENT_3D('',#5065,#5066,#5067);
#5069=CIRCLE('',#5068,3.9);
#5070=EDGE_CURVE('',#5057,#5055,#5069,.T.);
#5071=ORIENTED_EDGE('',*,*,#5070,.F.);
#5072=EDGE_LOOP('',(#5064,#5071));
#5073=FACE_BOUND('',#5072,.T.);
#5074=CARTESIAN_POINT('',(-52.7,127.,20.7));
#5075=VERTEX_POINT('',#5074);
#5076=CARTESIAN_POINT('',(-52.7,127.,17.5));
#5077=VERTEX_POINT('',#5076);
#5078=CARTESIAN_POINT('',(-52.7,127.,19.1));
#5079=DIRECTION('',(1.,-0.,0.));
#5080=DIRECTION('',(0.,-0.,-1.));
#5081=AXIS2_PLACEMENT_3D('',#5078,#5079,#5080);
#5082=CIRCLE('',#5081,1.6);
#5083=EDGE_CURVE('',#5075,#5077,#5082,.T.);
#5084=ORIENTED_EDGE('',*,*,#5083,.F.);
#5085=CARTESIAN_POINT('',(-52.7,127.,19.1));
#5086=DIRECTION('',(1.,-0.,0.));
#5087=DIRECTION('',(0.,-0.,-1.));
#5088=AXIS2_PLACEMENT_3D('',#5085,#5086,#5087);
#5089=CIRCLE('',#5088,1.6);
#5090=EDGE_CURVE('',#5077,#5075,#5089,.T.);
#5091=ORIENTED_EDGE('',*,*,#5090,.F.);
#5092=EDGE_LOOP('',(#5084,#5091));
#5093=FACE_BOUND('',#5092,.T.);
#5094=CARTESIAN_POINT('',(-52.7,144.,20.7));
#5095=VERTEX_POINT('',#5094);
#5096=CARTESIAN_POINT('',(-52.7,144.,17.5));
#5097=VERTEX_POINT('',#5096);
#5098=CARTESIAN_POINT('',(-52.7,144.,19.1));
#5099=DIRECTION('',(1.,-0.,0.));
#5100=DIRECTION('',(0.,-0.,-1.));
#5101=AXIS2_PLACEMENT_3D('',#5098,#5099,#5100);
#5102=CIRCLE('',#5101,1.6);
#5103=EDGE_CURVE('',#5095,#5097,#5102,.T.);
#5104=ORIENTED_EDGE('',*,*,#5103,.F.);
#5105=CARTESIAN_POINT('',(-52.7,144.,19.1));
#5106=DIRECTION('',(1.,-0.,0.));
#5107=DIRECTION('',(0.,-0.,-1.));
#5108=AXIS2_PLACEMENT_3D('',#5105,#5106,#5107);
#5109=CIRCLE('',#5108,1.6);
#5110=EDGE_CURVE('',#5097,#5095,#5109,.T.);
#5111=ORIENTED_EDGE('',*,*,#5110,.F.);
#5112=EDGE_LOOP('',(#5104,#5111));
#5113=FACE_BOUND('',#5112,.T.);
#5114=CARTESIAN_POINT('',(-52.7,146.5,11.888675135));
#5115=VERTEX_POINT('',#5114);
#5116=CARTESIAN_POINT('',(-52.7,146.5,5.1));
#5117=VERTEX_POINT('',#5116);
#5118=CARTESIAN_POINT('',(-52.7,146.5,11.888675135));
#5119=DIRECTION('',(0.,-0.,-1.));
#5120=VECTOR('',#5119,6.788675135);
#5121=LINE('',#5118,#5120);
#5122=EDGE_CURVE('',#5115,#5117,#5121,.T.);
#5123=ORIENTED_EDGE('',*,*,#5122,.F.);
#5124=CARTESIAN_POINT('',(-52.7,148.5,11.888675135));
#5125=VERTEX_POINT('',#5124);
#5126=CARTESIAN_POINT('',(-52.7,148.5,11.888675135));
#5127=DIRECTION('',(-0.,-1.,0.));
#5128=VECTOR('',#5127,2.);
#5129=LINE('',#5126,#5128);
#5130=EDGE_CURVE('',#5125,#5115,#5129,.T.);
#5131=ORIENTED_EDGE('',*,*,#5130,.F.);
#5132=CARTESIAN_POINT('',(-52.7,148.5,19.1));
#5133=VERTEX_POINT('',#5132);
#5134=CARTESIAN_POINT('',(-52.7,148.5,11.888675135));
#5135=DIRECTION('',(-0.,0.,1.));
#5136=VECTOR('',#5135,7.211324865);
#5137=LINE('',#5134,#5136);
#5138=EDGE_CURVE('',#5125,#5133,#5137,.T.);
#5139=ORIENTED_EDGE('',*,*,#5138,.T.);
#5140=CARTESIAN_POINT('',(-52.7,135.5,32.1));
#5141=VERTEX_POINT('',#5140);
#5142=CARTESIAN_POINT('',(-52.7,135.5,19.1));
#5143=DIRECTION('',(-1.,0.,-0.));
#5144=DIRECTION('',(0.,-0.,-1.));
#5145=AXIS2_PLACEMENT_3D('',#5142,#5143,#5144);
#5146=CIRCLE('',#5145,13.);
#5147=EDGE_CURVE('',#5141,#5133,#5146,.T.);
#5148=ORIENTED_EDGE('',*,*,#5147,.F.);
#5149=CARTESIAN_POINT('',(-52.7,122.5,19.1));
#5150=VERTEX_POINT('',#5149);
#5151=CARTESIAN_POINT('',(-52.7,135.5,19.1));
#5152=DIRECTION('',(-1.,0.,-0.));
#5153=DIRECTION('',(0.,-0.,-1.));
#5154=AXIS2_PLACEMENT_3D('',#5151,#5152,#5153);
#5155=CIRCLE('',#5154,13.);
#5156=EDGE_CURVE('',#5150,#5141,#5155,.T.);
#5157=ORIENTED_EDGE('',*,*,#5156,.F.);
#5158=CARTESIAN_POINT('',(-52.7,122.5,11.888675135));
#5159=VERTEX_POINT('',#5158);
#5160=CARTESIAN_POINT('',(-52.7,122.5,11.888675135));
#5161=DIRECTION('',(-0.,0.,1.));
#5162=VECTOR('',#5161,7.211324865);
#5163=LINE('',#5160,#5162);
#5164=EDGE_CURVE('',#5159,#5150,#5163,.T.);
#5165=ORIENTED_EDGE('',*,*,#5164,.F.);
#5166=CARTESIAN_POINT('',(-52.7,124.5,11.888675135));
#5167=VERTEX_POINT('',#5166);
#5168=CARTESIAN_POINT('',(-52.7,124.5,11.888675135));
#5169=DIRECTION('',(-0.,-1.,0.));
#5170=VECTOR('',#5169,2.);
#5171=LINE('',#5168,#5170);
#5172=EDGE_CURVE('',#5167,#5159,#5171,.T.);
#5173=ORIENTED_EDGE('',*,*,#5172,.F.);
#5174=CARTESIAN_POINT('',(-52.7,124.5,5.1));
#5175=VERTEX_POINT('',#5174);
#5176=CARTESIAN_POINT('',(-52.7,124.5,11.888675135));
#5177=DIRECTION('',(0.,-0.,-1.));
#5178=VECTOR('',#5177,6.788675135);
#5179=LINE('',#5176,#5178);
#5180=EDGE_CURVE('',#5167,#5175,#5179,.T.);
#5181=ORIENTED_EDGE('',*,*,#5180,.T.);
#5182=CARTESIAN_POINT('',(-52.7,146.5,5.1));
#5183=DIRECTION('',(-0.,-1.,0.));
#5184=VECTOR('',#5183,22.);
#5185=LINE('',#5182,#5184);
#5186=EDGE_CURVE('',#5117,#5175,#5185,.T.);
#5187=ORIENTED_EDGE('',*,*,#5186,.F.);
#5188=EDGE_LOOP('',(#5123,#5131,#5139,#5148,#5157,#5165,#5173,#5181,#5187));
#5189=FACE_BOUND('',#5188,.T.);
#5190=ADVANCED_FACE('',(#5073,#5093,#5113,#5189),#5053,.F.);
#5191=CARTESIAN_POINT('',(-52.7,148.5,1.6));
#5192=DIRECTION('',(0.,-0.,-1.));
#5193=DIRECTION('',(-0.,-1.,0.));
#5194=AXIS2_PLACEMENT_3D('',#5191,#5192,#5193);
#5195=PLANE('',#5194);
#5196=CARTESIAN_POINT('',(-39.2,130.5,1.6));
#5197=VERTEX_POINT('',#5196);
#5198=CARTESIAN_POINT('',(-39.2,135.5,1.6));
#5199=DIRECTION('',(-0.,0.,1.));
#5200=DIRECTION('',(-0.,-1.,0.));
#5201=AXIS2_PLACEMENT_3D('',#5198,#5199,#5200);
#5202=CIRCLE('',#5201,5.);
#5203=EDGE_CURVE('',#5197,#5197,#5202,.T.);
#5204=ORIENTED_EDGE('',*,*,#5203,.F.);
#5205=EDGE_LOOP('',(#5204));
#5206=FACE_BOUND('',#5205,.T.);
#5207=CARTESIAN_POINT('',(-46.2,145.5,1.6));
#5208=VERTEX_POINT('',#5207);
#5209=CARTESIAN_POINT('',(-46.2,141.5,1.6));
#5210=VERTEX_POINT('',#5209);
#5211=CARTESIAN_POINT('',(-46.2,143.5,1.6));
#5212=DIRECTION('',(-0.,0.,1.));
#5213=DIRECTION('',(-0.,-1.,0.));
#5214=AXIS2_PLACEMENT_3D('',#5211,#5212,#5213);
#5215=CIRCLE('',#5214,2.);
#5216=EDGE_CURVE('',#5208,#5210,#5215,.T.);
#5217=ORIENTED_EDGE('',*,*,#5216,.F.);
#5218=CARTESIAN_POINT('',(-46.2,143.5,1.6));
#5219=DIRECTION('',(-0.,0.,1.));
#5220=DIRECTION('',(-0.,-1.,0.));
#5221=AXIS2_PLACEMENT_3D('',#5218,#5219,#5220);
#5222=CIRCLE('',#5221,2.);
#5223=EDGE_CURVE('',#5210,#5208,#5222,.T.);
#5224=ORIENTED_EDGE('',*,*,#5223,.F.);
#5225=EDGE_LOOP('',(#5217,#5224));
#5226=FACE_BOUND('',#5225,.T.);
#5227=CARTESIAN_POINT('',(-46.2,129.5,1.6));
#5228=VERTEX_POINT('',#5227);
#5229=CARTESIAN_POINT('',(-46.2,125.5,1.6));
#5230=VERTEX_POINT('',#5229);
#5231=CARTESIAN_POINT('',(-46.2,127.5,1.6));
#5232=DIRECTION('',(-0.,0.,1.));
#5233=DIRECTION('',(-0.,-1.,0.));
#5234=AXIS2_PLACEMENT_3D('',#5231,#5232,#5233);
#5235=CIRCLE('',#5234,2.);
#5236=EDGE_CURVE('',#5228,#5230,#5235,.T.);
#5237=ORIENTED_EDGE('',*,*,#5236,.F.);
#5238=CARTESIAN_POINT('',(-46.2,127.5,1.6));
#5239=DIRECTION('',(-0.,0.,1.));
#5240=DIRECTION('',(-0.,-1.,0.));
#5241=AXIS2_PLACEMENT_3D('',#5238,#5239,#5240);
#5242=CIRCLE('',#5241,2.);
#5243=EDGE_CURVE('',#5230,#5228,#5242,.T.);
#5244=ORIENTED_EDGE('',*,*,#5243,.F.);
#5245=EDGE_LOOP('',(#5237,#5244));
#5246=FACE_BOUND('',#5245,.T.);
#5247=CARTESIAN_POINT('',(-32.2,129.5,1.6));
#5248=VERTEX_POINT('',#5247);
#5249=CARTESIAN_POINT('',(-32.2,125.5,1.6));
#5250=VERTEX_POINT('',#5249);
#5251=CARTESIAN_POINT('',(-32.2,127.5,1.6));
#5252=DIRECTION('',(-0.,0.,1.));
#5253=DIRECTION('',(-0.,-1.,0.));
#5254=AXIS2_PLACEMENT_3D('',#5251,#5252,#5253);
#5255=CIRCLE('',#5254,2.);
#5256=EDGE_CURVE('',#5248,#5250,#5255,.T.);
#5257=ORIENTED_EDGE('',*,*,#5256,.F.);
#5258=CARTESIAN_POINT('',(-32.2,127.5,1.6));
#5259=DIRECTION('',(-0.,0.,1.));
#5260=DIRECTION('',(-0.,-1.,0.));
#5261=AXIS2_PLACEMENT_3D('',#5258,#5259,#5260);
#5262=CIRCLE('',#5261,2.);
#5263=EDGE_CURVE('',#5250,#5248,#5262,.T.);
#5264=ORIENTED_EDGE('',*,*,#5263,.F.);
#5265=EDGE_LOOP('',(#5257,#5264));
#5266=FACE_BOUND('',#5265,.T.);
#5267=CARTESIAN_POINT('',(-32.2,145.5,1.6));
#5268=VERTEX_POINT('',#5267);
#5269=CARTESIAN_POINT('',(-32.2,141.5,1.6));
#5270=VERTEX_POINT('',#5269);
#5271=CARTESIAN_POINT('',(-32.2,143.5,1.6));
#5272=DIRECTION('',(-0.,0.,1.));
#5273=DIRECTION('',(-0.,-1.,0.));
#5274=AXIS2_PLACEMENT_3D('',#5271,#5272,#5273);
#5275=CIRCLE('',#5274,2.);
#5276=EDGE_CURVE('',#5268,#5270,#5275,.T.);
#5277=ORIENTED_EDGE('',*,*,#5276,.F.);
#5278=CARTESIAN_POINT('',(-32.2,143.5,1.6));
#5279=DIRECTION('',(-0.,0.,1.));
#5280=DIRECTION('',(-0.,-1.,0.));
#5281=AXIS2_PLACEMENT_3D('',#5278,#5279,#5280);
#5282=CIRCLE('',#5281,2.);
#5283=EDGE_CURVE('',#5270,#5268,#5282,.T.);
#5284=ORIENTED_EDGE('',*,*,#5283,.F.);
#5285=EDGE_LOOP('',(#5277,#5284));
#5286=FACE_BOUND('',#5285,.T.);
#5287=CARTESIAN_POINT('',(-49.2,124.5,1.6));
#5288=VERTEX_POINT('',#5287);
#5289=CARTESIAN_POINT('',(-35.245517328,124.5,1.6));
#5290=VERTEX_POINT('',#5289);
#5291=CARTESIAN_POINT('',(-49.2,124.5,1.6));
#5292=DIRECTION('',(1.,-0.,-0.));
#5293=VECTOR('',#5292,13.954482672);
#5294=LINE('',#5291,#5293);
#5295=EDGE_CURVE('',#5288,#5290,#5294,.T.);
#5296=ORIENTED_EDGE('',*,*,#5295,.T.);
#5297=CARTESIAN_POINT('',(-35.245517328,122.5,1.6));
#5298=VERTEX_POINT('',#5297);
#5299=CARTESIAN_POINT('',(-35.245517328,122.5,1.6));
#5300=DIRECTION('',(0.,1.,-0.));
#5301=VECTOR('',#5300,2.);
#5302=LINE('',#5299,#5301);
#5303=EDGE_CURVE('',#5298,#5290,#5302,.T.);
#5304=ORIENTED_EDGE('',*,*,#5303,.F.);
#5305=CARTESIAN_POINT('',(-28.7,122.5,1.6));
#5306=VERTEX_POINT('',#5305);
#5307=CARTESIAN_POINT('',(-28.7,122.5,1.6));
#5308=DIRECTION('',(-1.,0.,-0.));
#5309=VECTOR('',#5308,6.545517328);
#5310=LINE('',#5307,#5309);
#5311=EDGE_CURVE('',#5306,#5298,#5310,.T.);
#5312=ORIENTED_EDGE('',*,*,#5311,.F.);
#5313=CARTESIAN_POINT('',(-26.2,125.,1.6));
#5314=VERTEX_POINT('',#5313);
#5315=CARTESIAN_POINT('',(-28.7,125.,1.6));
#5316=DIRECTION('',(0.,-0.,-1.));
#5317=DIRECTION('',(-0.,-1.,0.));
#5318=AXIS2_PLACEMENT_3D('',#5315,#5316,#5317);
#5319=CIRCLE('',#5318,2.5);
#5320=EDGE_CURVE('',#5314,#5306,#5319,.T.);
#5321=ORIENTED_EDGE('',*,*,#5320,.F.);
#5322=CARTESIAN_POINT('',(-26.2,146.,1.6));
#5323=VERTEX_POINT('',#5322);
#5324=CARTESIAN_POINT('',(-26.2,146.,1.6));
#5325=DIRECTION('',(-0.,-1.,0.));
#5326=VECTOR('',#5325,21.);
#5327=LINE('',#5324,#5326);
#5328=EDGE_CURVE('',#5323,#5314,#5327,.T.);
#5329=ORIENTED_EDGE('',*,*,#5328,.F.);
#5330=CARTESIAN_POINT('',(-28.7,148.5,1.6));
#5331=VERTEX_POINT('',#5330);
#5332=CARTESIAN_POINT('',(-28.7,146.,1.6));
#5333=DIRECTION('',(0.,-0.,-1.));
#5334=DIRECTION('',(-0.,-1.,0.));
#5335=AXIS2_PLACEMENT_3D('',#5332,#5333,#5334);
#5336=CIRCLE('',#5335,2.5);
#5337=EDGE_CURVE('',#5331,#5323,#5336,.T.);
#5338=ORIENTED_EDGE('',*,*,#5337,.F.);
#5339=CARTESIAN_POINT('',(-35.245517328,148.5,1.6));
#5340=VERTEX_POINT('',#5339);
#5341=CARTESIAN_POINT('',(-28.7,148.5,1.6));
#5342=DIRECTION('',(-1.,0.,-0.));
#5343=VECTOR('',#5342,6.545517328);
#5344=LINE('',#5341,#5343);
#5345=EDGE_CURVE('',#5331,#5340,#5344,.T.);
#5346=ORIENTED_EDGE('',*,*,#5345,.T.);
#5347=CARTESIAN_POINT('',(-35.245517328,146.5,1.6));
#5348=VERTEX_POINT('',#5347);
#5349=CARTESIAN_POINT('',(-35.245517328,146.5,1.6));
#5350=DIRECTION('',(0.,1.,-0.));
#5351=VECTOR('',#5350,2.);
#5352=LINE('',#5349,#5351);
#5353=EDGE_CURVE('',#5348,#5340,#5352,.T.);
#5354=ORIENTED_EDGE('',*,*,#5353,.F.);
#5355=CARTESIAN_POINT('',(-49.2,146.5,1.6));
#5356=VERTEX_POINT('',#5355);
#5357=CARTESIAN_POINT('',(-49.2,146.5,1.6));
#5358=DIRECTION('',(1.,-0.,-0.));
#5359=VECTOR('',#5358,13.954482672);
#5360=LINE('',#5357,#5359);
#5361=EDGE_CURVE('',#5356,#5348,#5360,.T.);
#5362=ORIENTED_EDGE('',*,*,#5361,.F.);
#5363=CARTESIAN_POINT('',(-49.2,124.5,1.6));
#5364=DIRECTION('',(0.,1.,-0.));
#5365=VECTOR('',#5364,22.);
#5366=LINE('',#5363,#5365);
#5367=EDGE_CURVE('',#5288,#5356,#5366,.T.);
#5368=ORIENTED_EDGE('',*,*,#5367,.F.);
#5369=EDGE_LOOP('',(#5296,#5304,#5312,#5321,#5329,#5338,#5346,#5354,#5362,#5368));
#5370=FACE_BOUND('',#5369,.T.);
#5371=ADVANCED_FACE('',(#5206,#5226,#5246,#5266,#5286,#5370),#5195,.F.);
#5372=CARTESIAN_POINT('',(-57.2,148.5,1.6));
#5373=DIRECTION('',(1.,-0.,0.));
#5374=DIRECTION('',(-0.,-1.,0.));
#5375=AXIS2_PLACEMENT_3D('',#5372,#5373,#5374);
#5376=PLANE('',#5375);
#5377=CARTESIAN_POINT('',(-57.2,130.1,19.1));
#5378=VERTEX_POINT('',#5377);
#5379=CARTESIAN_POINT('',(-57.2,123.9,19.1));
#5380=VERTEX_POINT('',#5379);
#5381=CARTESIAN_POINT('',(-57.2,127.,19.1));
#5382=DIRECTION('',(-1.,0.,-0.));
#5383=DIRECTION('',(-0.,-1.,0.));
#5384=AXIS2_PLACEMENT_3D('',#5381,#5382,#5383);
#5385=CIRCLE('',#5384,3.1);
#5386=EDGE_CURVE('',#5378,#5380,#5385,.T.);
#5387=ORIENTED_EDGE('',*,*,#5386,.F.);
#5388=CARTESIAN_POINT('',(-57.2,127.,19.1));
#5389=DIRECTION('',(-1.,0.,-0.));
#5390=DIRECTION('',(-0.,-1.,0.));
#5391=AXIS2_PLACEMENT_3D('',#5388,#5389,#5390);
#5392=CIRCLE('',#5391,3.1);
#5393=EDGE_CURVE('',#5380,#5378,#5392,.T.);
#5394=ORIENTED_EDGE('',*,*,#5393,.F.);
#5395=EDGE_LOOP('',(#5387,#5394));
#5396=FACE_BOUND('',#5395,.T.);
#5397=CARTESIAN_POINT('',(-57.2,147.1,19.1));
#5398=VERTEX_POINT('',#5397);
#5399=CARTESIAN_POINT('',(-57.2,140.9,19.1));
#5400=VERTEX_POINT('',#5399);
#5401=CARTESIAN_POINT('',(-57.2,144.,19.1));
#5402=DIRECTION('',(-1.,0.,-0.));
#5403=DIRECTION('',(-0.,-1.,0.));
#5404=AXIS2_PLACEMENT_3D('',#5401,#5402,#5403);
#5405=CIRCLE('',#5404,3.1);
#5406=EDGE_CURVE('',#5398,#5400,#5405,.T.);
#5407=ORIENTED_EDGE('',*,*,#5406,.F.);
#5408=CARTESIAN_POINT('',(-57.2,144.,19.1));
#5409=DIRECTION('',(-1.,0.,-0.));
#5410=DIRECTION('',(-0.,-1.,0.));
#5411=AXIS2_PLACEMENT_3D('',#5408,#5409,#5410);
#5412=CIRCLE('',#5411,3.1);
#5413=EDGE_CURVE('',#5400,#5398,#5412,.T.);
#5414=ORIENTED_EDGE('',*,*,#5413,.F.);
#5415=EDGE_LOOP('',(#5407,#5414));
#5416=FACE_BOUND('',#5415,.T.);
#5417=CARTESIAN_POINT('',(-57.2,135.5,23.));
#5418=VERTEX_POINT('',#5417);
#5419=CARTESIAN_POINT('',(-57.2,131.6,19.1));
#5420=VERTEX_POINT('',#5419);
#5421=CARTESIAN_POINT('',(-57.2,135.5,19.1));
#5422=DIRECTION('',(-1.,0.,-0.));
#5423=DIRECTION('',(-0.,-1.,0.));
#5424=AXIS2_PLACEMENT_3D('',#5421,#5422,#5423);
#5425=CIRCLE('',#5424,3.9);
#5426=EDGE_CURVE('',#5418,#5420,#5425,.T.);
#5427=ORIENTED_EDGE('',*,*,#5426,.F.);
#5428=CARTESIAN_POINT('',(-57.2,135.5,19.1));
#5429=DIRECTION('',(-1.,0.,-0.));
#5430=DIRECTION('',(-0.,-1.,0.));
#5431=AXIS2_PLACEMENT_3D('',#5428,#5429,#5430);
#5432=CIRCLE('',#5431,3.9);
#5433=EDGE_CURVE('',#5420,#5418,#5432,.T.);
#5434=ORIENTED_EDGE('',*,*,#5433,.F.);
#5435=EDGE_LOOP('',(#5427,#5434));
#5436=FACE_BOUND('',#5435,.T.);
#5437=CARTESIAN_POINT('',(-57.2,135.5,32.1));
#5438=VERTEX_POINT('',#5437);
#5439=CARTESIAN_POINT('',(-57.2,122.5,19.1));
#5440=VERTEX_POINT('',#5439);
#5441=CARTESIAN_POINT('',(-57.2,135.5,19.1));
#5442=DIRECTION('',(1.,-0.,0.));
#5443=DIRECTION('',(-0.,-1.,0.));
#5444=AXIS2_PLACEMENT_3D('',#5441,#5442,#5443);
#5445=CIRCLE('',#5444,13.);
#5446=EDGE_CURVE('',#5438,#5440,#5445,.T.);
#5447=ORIENTED_EDGE('',*,*,#5446,.F.);
#5448=CARTESIAN_POINT('',(-57.2,148.5,19.1));
#5449=VERTEX_POINT('',#5448);
#5450=CARTESIAN_POINT('',(-57.2,135.5,19.1));
#5451=DIRECTION('',(1.,-0.,0.));
#5452=DIRECTION('',(-0.,-1.,0.));
#5453=AXIS2_PLACEMENT_3D('',#5450,#5451,#5452);
#5454=CIRCLE('',#5453,13.);
#5455=EDGE_CURVE('',#5449,#5438,#5454,.T.);
#5456=ORIENTED_EDGE('',*,*,#5455,.F.);
#5457=CARTESIAN_POINT('',(-57.2,148.5,1.6));
#5458=VERTEX_POINT('',#5457);
#5459=CARTESIAN_POINT('',(-57.2,148.5,19.1));
#5460=DIRECTION('',(0.,-0.,-1.));
#5461=VECTOR('',#5460,17.5);
#5462=LINE('',#5459,#5461);
#5463=EDGE_CURVE('',#5449,#5458,#5462,.T.);
#5464=ORIENTED_EDGE('',*,*,#5463,.T.);
#5465=CARTESIAN_POINT('',(-57.2,122.5,1.6));
#5466=VERTEX_POINT('',#5465);
#5467=CARTESIAN_POINT('',(-57.2,148.5,1.6));
#5468=DIRECTION('',(-0.,-1.,0.));
#5469=VECTOR('',#5468,26.);
#5470=LINE('',#5467,#5469);
#5471=EDGE_CURVE('',#5458,#5466,#5470,.T.);
#5472=ORIENTED_EDGE('',*,*,#5471,.T.);
#5473=CARTESIAN_POINT('',(-57.2,122.5,19.1));
#5474=DIRECTION('',(0.,-0.,-1.));
#5475=VECTOR('',#5474,17.5);
#5476=LINE('',#5473,#5475);
#5477=EDGE_CURVE('',#5440,#5466,#5476,.T.);
#5478=ORIENTED_EDGE('',*,*,#5477,.F.);
#5479=EDGE_LOOP('',(#5447,#5456,#5464,#5472,#5478));
#5480=FACE_BOUND('',#5479,.T.);
#5481=ADVANCED_FACE('',(#5396,#5416,#5436,#5480),#5376,.F.);
#5482=CARTESIAN_POINT('',(-54.7,122.5,1.6));
#5483=DIRECTION('',(0.,1.,-0.));
#5484=DIRECTION('',(1.,-0.,0.));
#5485=AXIS2_PLACEMENT_3D('',#5482,#5483,#5484);
#5486=PLANE('',#5485);
#5487=ORIENTED_EDGE('',*,*,#5164,.T.);
#5488=CARTESIAN_POINT('',(-52.7,122.5,19.1));
#5489=DIRECTION('',(-1.,0.,-0.));
#5490=VECTOR('',#5489,4.5);
#5491=LINE('',#5488,#5490);
#5492=EDGE_CURVE('',#5150,#5440,#5491,.T.);
#5493=ORIENTED_EDGE('',*,*,#5492,.T.);
#5494=ORIENTED_EDGE('',*,*,#5477,.T.);
#5495=CARTESIAN_POINT('',(-54.7,122.5,-0.9));
#5496=VERTEX_POINT('',#5495);
#5497=CARTESIAN_POINT('',(-54.7,122.5,1.6));
#5498=DIRECTION('',(-0.,-1.,0.));
#5499=DIRECTION('',(1.,-0.,0.));
#5500=AXIS2_PLACEMENT_3D('',#5497,#5498,#5499);
#5501=CIRCLE('',#5500,2.5);
#5502=EDGE_CURVE('',#5466,#5496,#5501,.T.);
#5503=ORIENTED_EDGE('',*,*,#5502,.T.);
#5504=CARTESIAN_POINT('',(-28.7,122.5,-0.9));
#5505=VERTEX_POINT('',#5504);
#5506=CARTESIAN_POINT('',(-54.7,122.5,-0.9));
#5507=DIRECTION('',(1.,-0.,0.));
#5508=VECTOR('',#5507,26.);
#5509=LINE('',#5506,#5508);
#5510=EDGE_CURVE('',#5496,#5505,#5509,.T.);
#5511=ORIENTED_EDGE('',*,*,#5510,.T.);
#5512=CARTESIAN_POINT('',(-28.7,122.5,1.6));
#5513=DIRECTION('',(0.,-0.,-1.));
#5514=VECTOR('',#5513,2.5);
#5515=LINE('',#5512,#5514);
#5516=EDGE_CURVE('',#5306,#5505,#5515,.T.);
#5517=ORIENTED_EDGE('',*,*,#5516,.F.);
#5518=ORIENTED_EDGE('',*,*,#5311,.T.);
#5519=CARTESIAN_POINT('',(-35.495517328,122.5,1.666987298));
#5520=VERTEX_POINT('',#5519);
#5521=CARTESIAN_POINT('',(-35.245517328,122.5,2.1));
#5522=DIRECTION('',(-0.,-1.,0.));
#5523=DIRECTION('',(1.,-0.,0.));
#5524=AXIS2_PLACEMENT_3D('',#5521,#5522,#5523);
#5525=CIRCLE('',#5524,0.5);
#5526=EDGE_CURVE('',#5520,#5298,#5525,.T.);
#5527=ORIENTED_EDGE('',*,*,#5526,.F.);
#5528=CARTESIAN_POINT('',(-52.45,122.5,11.455662433));
#5529=VERTEX_POINT('',#5528);
#5530=CARTESIAN_POINT('',(-35.495517328,122.5,1.666987298));
#5531=DIRECTION('',(-0.866025404,0.,0.5));
#5532=VECTOR('',#5531,19.577350269);
#5533=LINE('',#5530,#5532);
#5534=EDGE_CURVE('',#5520,#5529,#5533,.T.);
#5535=ORIENTED_EDGE('',*,*,#5534,.T.);
#5536=CARTESIAN_POINT('',(-52.2,122.5,11.888675135));
#5537=DIRECTION('',(-0.,-1.,0.));
#5538=DIRECTION('',(1.,-0.,0.));
#5539=AXIS2_PLACEMENT_3D('',#5536,#5537,#5538);
#5540=CIRCLE('',#5539,0.5);
#5541=EDGE_CURVE('',#5159,#5529,#5540,.T.);
#5542=ORIENTED_EDGE('',*,*,#5541,.F.);
#5543=EDGE_LOOP('',(#5487,#5493,#5494,#5503,#5511,#5517,#5518,#5527,#5535,#5542));
#5544=FACE_BOUND('',#5543,.T.);
#5545=ADVANCED_FACE('',(#5544),#5486,.F.);
#5546=CARTESIAN_POINT('',(-54.7,148.5,1.6));
#5547=DIRECTION('',(0.,1.,-0.));
#5548=DIRECTION('',(1.,-0.,0.));
#5549=AXIS2_PLACEMENT_3D('',#5546,#5547,#5548);
#5550=PLANE('',#5549);
#5551=ORIENTED_EDGE('',*,*,#5345,.F.);
#5552=CARTESIAN_POINT('',(-28.7,148.5,-0.9));
#5553=VERTEX_POINT('',#5552);
#5554=CARTESIAN_POINT('',(-28.7,148.5,-0.9));
#5555=DIRECTION('',(-0.,0.,1.));
#5556=VECTOR('',#5555,2.5);
#5557=LINE('',#5554,#5556);
#5558=EDGE_CURVE('',#5553,#5331,#5557,.T.);
#5559=ORIENTED_EDGE('',*,*,#5558,.F.);
#5560=CARTESIAN_POINT('',(-54.7,148.5,-0.9));
#5561=VERTEX_POINT('',#5560);
#5562=CARTESIAN_POINT('',(-54.7,148.5,-0.9));
#5563=DIRECTION('',(1.,-0.,0.));
#5564=VECTOR('',#5563,26.);
#5565=LINE('',#5562,#5564);
#5566=EDGE_CURVE('',#5561,#5553,#5565,.T.);
#5567=ORIENTED_EDGE('',*,*,#5566,.F.);
#5568=CARTESIAN_POINT('',(-54.7,148.5,1.6));
#5569=DIRECTION('',(-0.,-1.,0.));
#5570=DIRECTION('',(1.,-0.,0.));
#5571=AXIS2_PLACEMENT_3D('',#5568,#5569,#5570);
#5572=CIRCLE('',#5571,2.5);
#5573=EDGE_CURVE('',#5458,#5561,#5572,.T.);
#5574=ORIENTED_EDGE('',*,*,#5573,.F.);
#5575=ORIENTED_EDGE('',*,*,#5463,.F.);
#5576=CARTESIAN_POINT('',(-52.7,148.5,19.1));
#5577=DIRECTION('',(-1.,0.,-0.));
#5578=VECTOR('',#5577,4.5);
#5579=LINE('',#5576,#5578);
#5580=EDGE_CURVE('',#5133,#5449,#5579,.T.);
#5581=ORIENTED_EDGE('',*,*,#5580,.F.);
#5582=ORIENTED_EDGE('',*,*,#5138,.F.);
#5583=CARTESIAN_POINT('',(-52.45,148.5,11.455662433));
#5584=VERTEX_POINT('',#5583);
#5585=CARTESIAN_POINT('',(-52.2,148.5,11.888675135));
#5586=DIRECTION('',(0.,1.,-0.));
#5587=DIRECTION('',(1.,-0.,0.));
#5588=AXIS2_PLACEMENT_3D('',#5585,#5586,#5587);
#5589=CIRCLE('',#5588,0.5);
#5590=EDGE_CURVE('',#5584,#5125,#5589,.T.);
#5591=ORIENTED_EDGE('',*,*,#5590,.F.);
#5592=CARTESIAN_POINT('',(-35.495517328,148.5,1.666987298));
#5593=VERTEX_POINT('',#5592);
#5594=CARTESIAN_POINT('',(-35.495517328,148.5,1.666987298));
#5595=DIRECTION('',(-0.866025404,0.,0.5));
#5596=VECTOR('',#5595,19.577350269);
#5597=LINE('',#5594,#5596);
#5598=EDGE_CURVE('',#5593,#5584,#5597,.T.);
#5599=ORIENTED_EDGE('',*,*,#5598,.F.);
#5600=CARTESIAN_POINT('',(-35.245517328,148.5,2.1));
#5601=DIRECTION('',(0.,1.,-0.));
#5602=DIRECTION('',(1.,-0.,0.));
#5603=AXIS2_PLACEMENT_3D('',#5600,#5601,#5602);
#5604=CIRCLE('',#5603,0.5);
#5605=EDGE_CURVE('',#5340,#5593,#5604,.T.);
#5606=ORIENTED_EDGE('',*,*,#5605,.F.);
#5607=EDGE_LOOP('',(#5551,#5559,#5567,#5574,#5575,#5581,#5582,#5591,#5599,#5606));
#5608=FACE_BOUND('',#5607,.T.);
#5609=ADVANCED_FACE('',(#5608),#5550,.T.);
#5610=CARTESIAN_POINT('',(-54.7,148.5,1.6));
#5611=DIRECTION('',(-0.,-1.,0.));
#5612=DIRECTION('',(-1.,0.,-0.));
#5613=AXIS2_PLACEMENT_3D('',#5610,#5611,#5612);
#5614=CYLINDRICAL_SURFACE('',#5613,2.5);
#5615=ORIENTED_EDGE('',*,*,#5502,.F.);
#5616=ORIENTED_EDGE('',*,*,#5471,.F.);
#5617=ORIENTED_EDGE('',*,*,#5573,.T.);
#5618=CARTESIAN_POINT('',(-54.7,148.5,-0.9));
#5619=DIRECTION('',(-0.,-1.,0.));
#5620=VECTOR('',#5619,26.);
#5621=LINE('',#5618,#5620);
#5622=EDGE_CURVE('',#5561,#5496,#5621,.T.);
#5623=ORIENTED_EDGE('',*,*,#5622,.T.);
#5624=EDGE_LOOP('',(#5615,#5616,#5617,#5623));
#5625=FACE_BOUND('',#5624,.T.);
#5626=ADVANCED_FACE('',(#5625),#5614,.T.);
#5627=CARTESIAN_POINT('',(-26.2,148.5,-0.9));
#5628=DIRECTION('',(-0.,0.,1.));
#5629=DIRECTION('',(0.,1.,-0.));
#5630=AXIS2_PLACEMENT_3D('',#5627,#5628,#5629);
#5631=PLANE('',#5630);
#5632=CARTESIAN_POINT('',(-32.2,125.9,-0.9));
#5633=VERTEX_POINT('',#5632);
#5634=CARTESIAN_POINT('',(-32.2,129.1,-0.9));
#5635=VERTEX_POINT('',#5634);
#5636=CARTESIAN_POINT('',(-32.2,127.5,-0.9));
#5637=DIRECTION('',(0.,-0.,-1.));
#5638=DIRECTION('',(0.,1.,-0.));
#5639=AXIS2_PLACEMENT_3D('',#5636,#5637,#5638);
#5640=CIRCLE('',#5639,1.6);
#5641=EDGE_CURVE('',#5633,#5635,#5640,.T.);
#5642=ORIENTED_EDGE('',*,*,#5641,.F.);
#5643=CARTESIAN_POINT('',(-32.2,127.5,-0.9));
#5644=DIRECTION('',(0.,-0.,-1.));
#5645=DIRECTION('',(0.,1.,-0.));
#5646=AXIS2_PLACEMENT_3D('',#5643,#5644,#5645);
#5647=CIRCLE('',#5646,1.6);
#5648=EDGE_CURVE('',#5635,#5633,#5647,.T.);
#5649=ORIENTED_EDGE('',*,*,#5648,.F.);
#5650=EDGE_LOOP('',(#5642,#5649));
#5651=FACE_BOUND('',#5650,.T.);
#5652=CARTESIAN_POINT('',(-46.2,141.9,-0.9));
#5653=VERTEX_POINT('',#5652);
#5654=CARTESIAN_POINT('',(-46.2,145.1,-0.9));
#5655=VERTEX_POINT('',#5654);
#5656=CARTESIAN_POINT('',(-46.2,143.5,-0.9));
#5657=DIRECTION('',(0.,-0.,-1.));
#5658=DIRECTION('',(0.,1.,-0.));
#5659=AXIS2_PLACEMENT_3D('',#5656,#5657,#5658);
#5660=CIRCLE('',#5659,1.6);
#5661=EDGE_CURVE('',#5653,#5655,#5660,.T.);
#5662=ORIENTED_EDGE('',*,*,#5661,.F.);
#5663=CARTESIAN_POINT('',(-46.2,143.5,-0.9));
#5664=DIRECTION('',(0.,-0.,-1.));
#5665=DIRECTION('',(0.,1.,-0.));
#5666=AXIS2_PLACEMENT_3D('',#5663,#5664,#5665);
#5667=CIRCLE('',#5666,1.6);
#5668=EDGE_CURVE('',#5655,#5653,#5667,.T.);
#5669=ORIENTED_EDGE('',*,*,#5668,.F.);
#5670=EDGE_LOOP('',(#5662,#5669));
#5671=FACE_BOUND('',#5670,.T.);
#5672=CARTESIAN_POINT('',(-46.2,125.9,-0.9));
#5673=VERTEX_POINT('',#5672);
#5674=CARTESIAN_POINT('',(-46.2,129.1,-0.9));
#5675=VERTEX_POINT('',#5674);
#5676=CARTESIAN_POINT('',(-46.2,127.5,-0.9));
#5677=DIRECTION('',(0.,-0.,-1.));
#5678=DIRECTION('',(0.,1.,-0.));
#5679=AXIS2_PLACEMENT_3D('',#5676,#5677,#5678);
#5680=CIRCLE('',#5679,1.6);
#5681=EDGE_CURVE('',#5673,#5675,#5680,.T.);
#5682=ORIENTED_EDGE('',*,*,#5681,.F.);
#5683=CARTESIAN_POINT('',(-46.2,127.5,-0.9));
#5684=DIRECTION('',(0.,-0.,-1.));
#5685=DIRECTION('',(0.,1.,-0.));
#5686=AXIS2_PLACEMENT_3D('',#5683,#5684,#5685);
#5687=CIRCLE('',#5686,1.6);
#5688=EDGE_CURVE('',#5675,#5673,#5687,.T.);
#5689=ORIENTED_EDGE('',*,*,#5688,.F.);
#5690=EDGE_LOOP('',(#5682,#5689));
#5691=FACE_BOUND('',#5690,.T.);
#5692=CARTESIAN_POINT('',(-39.2,130.5,-0.9));
#5693=VERTEX_POINT('',#5692);
#5694=CARTESIAN_POINT('',(-39.2,140.5,-0.9));
#5695=VERTEX_POINT('',#5694);
#5696=CARTESIAN_POINT('',(-39.2,135.5,-0.9));
#5697=DIRECTION('',(0.,-0.,-1.));
#5698=DIRECTION('',(0.,1.,-0.));
#5699=AXIS2_PLACEMENT_3D('',#5696,#5697,#5698);
#5700=CIRCLE('',#5699,5.);
#5701=EDGE_CURVE('',#5693,#5695,#5700,.T.);
#5702=ORIENTED_EDGE('',*,*,#5701,.F.);
#5703=CARTESIAN_POINT('',(-39.2,135.5,-0.9));
#5704=DIRECTION('',(0.,-0.,-1.));
#5705=DIRECTION('',(0.,1.,-0.));
#5706=AXIS2_PLACEMENT_3D('',#5703,#5704,#5705);
#5707=CIRCLE('',#5706,5.);
#5708=EDGE_CURVE('',#5695,#5693,#5707,.T.);
#5709=ORIENTED_EDGE('',*,*,#5708,.F.);
#5710=EDGE_LOOP('',(#5702,#5709));
#5711=FACE_BOUND('',#5710,.T.);
#5712=CARTESIAN_POINT('',(-32.2,141.9,-0.9));
#5713=VERTEX_POINT('',#5712);
#5714=CARTESIAN_POINT('',(-32.2,145.1,-0.9));
#5715=VERTEX_POINT('',#5714);
#5716=CARTESIAN_POINT('',(-32.2,143.5,-0.9));
#5717=DIRECTION('',(0.,-0.,-1.));
#5718=DIRECTION('',(0.,1.,-0.));
#5719=AXIS2_PLACEMENT_3D('',#5716,#5717,#5718);
#5720=CIRCLE('',#5719,1.6);
#5721=EDGE_CURVE('',#5713,#5715,#5720,.T.);
#5722=ORIENTED_EDGE('',*,*,#5721,.F.);
#5723=CARTESIAN_POINT('',(-32.2,143.5,-0.9));
#5724=DIRECTION('',(0.,-0.,-1.));
#5725=DIRECTION('',(0.,1.,-0.));
#5726=AXIS2_PLACEMENT_3D('',#5723,#5724,#5725);
#5727=CIRCLE('',#5726,1.6);
#5728=EDGE_CURVE('',#5715,#5713,#5727,.T.);
#5729=ORIENTED_EDGE('',*,*,#5728,.F.);
#5730=EDGE_LOOP('',(#5722,#5729));
#5731=FACE_BOUND('',#5730,.T.);
#5732=ORIENTED_EDGE('',*,*,#5510,.F.);
#5733=ORIENTED_EDGE('',*,*,#5622,.F.);
#5734=ORIENTED_EDGE('',*,*,#5566,.T.);
#5735=CARTESIAN_POINT('',(-26.2,146.,-0.9));
#5736=VERTEX_POINT('',#5735);
#5737=CARTESIAN_POINT('',(-28.7,146.,-0.9));
#5738=DIRECTION('',(-0.,0.,1.));
#5739=DIRECTION('',(0.,1.,-0.));
#5740=AXIS2_PLACEMENT_3D('',#5737,#5738,#5739);
#5741=CIRCLE('',#5740,2.5);
#5742=EDGE_CURVE('',#5736,#5553,#5741,.T.);
#5743=ORIENTED_EDGE('',*,*,#5742,.F.);
#5744=CARTESIAN_POINT('',(-26.2,125.,-0.9));
#5745=VERTEX_POINT('',#5744);
#5746=CARTESIAN_POINT('',(-26.2,146.,-0.9));
#5747=DIRECTION('',(-0.,-1.,0.));
#5748=VECTOR('',#5747,21.);
#5749=LINE('',#5746,#5748);
#5750=EDGE_CURVE('',#5736,#5745,#5749,.T.);
#5751=ORIENTED_EDGE('',*,*,#5750,.T.);
#5752=CARTESIAN_POINT('',(-28.7,125.,-0.9));
#5753=DIRECTION('',(-0.,0.,1.));
#5754=DIRECTION('',(0.,1.,-0.));
#5755=AXIS2_PLACEMENT_3D('',#5752,#5753,#5754);
#5756=CIRCLE('',#5755,2.5);
#5757=EDGE_CURVE('',#5505,#5745,#5756,.T.);
#5758=ORIENTED_EDGE('',*,*,#5757,.F.);
#5759=EDGE_LOOP('',(#5732,#5733,#5734,#5743,#5751,#5758));
#5760=FACE_BOUND('',#5759,.T.);
#5761=ADVANCED_FACE('',(#5651,#5671,#5691,#5711,#5731,#5760),#5631,.F.);
#5762=CARTESIAN_POINT('',(-26.2,148.5,1.6));
#5763=DIRECTION('',(-1.,0.,-0.));
#5764=DIRECTION('',(0.,1.,-0.));
#5765=AXIS2_PLACEMENT_3D('',#5762,#5763,#5764);
#5766=PLANE('',#5765);
#5767=ORIENTED_EDGE('',*,*,#5750,.F.);
#5768=CARTESIAN_POINT('',(-26.2,146.,1.6));
#5769=DIRECTION('',(0.,-0.,-1.));
#5770=VECTOR('',#5769,2.5);
#5771=LINE('',#5768,#5770);
#5772=EDGE_CURVE('',#5323,#5736,#5771,.T.);
#5773=ORIENTED_EDGE('',*,*,#5772,.F.);
#5774=ORIENTED_EDGE('',*,*,#5328,.T.);
#5775=CARTESIAN_POINT('',(-26.2,125.,-0.9));
#5776=DIRECTION('',(-0.,0.,1.));
#5777=VECTOR('',#5776,2.5);
#5778=LINE('',#5775,#5777);
#5779=EDGE_CURVE('',#5745,#5314,#5778,.T.);
#5780=ORIENTED_EDGE('',*,*,#5779,.F.);
#5781=EDGE_LOOP('',(#5767,#5773,#5774,#5780));
#5782=FACE_BOUND('',#5781,.T.);
#5783=ADVANCED_FACE('',(#5782),#5766,.F.);
#5784=CARTESIAN_POINT('',(-28.7,125.,1.6));
#5785=DIRECTION('',(-0.,0.,1.));
#5786=DIRECTION('',(0.,1.,-0.));
#5787=AXIS2_PLACEMENT_3D('',#5784,#5785,#5786);
#5788=CYLINDRICAL_SURFACE('',#5787,2.5);
#5789=ORIENTED_EDGE('',*,*,#5757,.T.);
#5790=ORIENTED_EDGE('',*,*,#5779,.T.);
#5791=ORIENTED_EDGE('',*,*,#5320,.T.);
#5792=ORIENTED_EDGE('',*,*,#5516,.T.);
#5793=EDGE_LOOP('',(#5789,#5790,#5791,#5792));
#5794=FACE_BOUND('',#5793,.T.);
#5795=ADVANCED_FACE('',(#5794),#5788,.T.);
#5796=CARTESIAN_POINT('',(-28.7,146.,1.6));
#5797=DIRECTION('',(0.,-0.,-1.));
#5798=DIRECTION('',(-0.,-1.,0.));
#5799=AXIS2_PLACEMENT_3D('',#5796,#5797,#5798);
#5800=CYLINDRICAL_SURFACE('',#5799,2.5);
#5801=ORIENTED_EDGE('',*,*,#5742,.T.);
#5802=ORIENTED_EDGE('',*,*,#5558,.T.);
#5803=ORIENTED_EDGE('',*,*,#5337,.T.);
#5804=ORIENTED_EDGE('',*,*,#5772,.T.);
#5805=EDGE_LOOP('',(#5801,#5802,#5803,#5804));
#5806=FACE_BOUND('',#5805,.T.);
#5807=ADVANCED_FACE('',(#5806),#5800,.T.);
#5808=CARTESIAN_POINT('',(-65.7,135.5,19.1));
#5809=DIRECTION('',(1.,-0.,0.));
#5810=DIRECTION('',(-0.,0.,1.));
#5811=AXIS2_PLACEMENT_3D('',#5808,#5809,#5810);
#5812=CYLINDRICAL_SURFACE('',#5811,13.);
#5813=CARTESIAN_POINT('',(-52.7,135.5,32.1));
#5814=DIRECTION('',(-1.,0.,-0.));
#5815=VECTOR('',#5814,4.5);
#5816=LINE('',#5813,#5815);
#5817=EDGE_CURVE('',#5141,#5438,#5816,.T.);
#5818=ORIENTED_EDGE('',*,*,#5817,.T.);
#5819=ORIENTED_EDGE('',*,*,#5446,.T.);
#5820=ORIENTED_EDGE('',*,*,#5492,.F.);
#5821=ORIENTED_EDGE('',*,*,#5156,.T.);
#5822=EDGE_LOOP('',(#5818,#5819,#5820,#5821));
#5823=FACE_BOUND('',#5822,.T.);
#5824=ADVANCED_FACE('',(#5823),#5812,.T.);
#5825=CARTESIAN_POINT('',(-65.7,135.5,19.1));
#5826=DIRECTION('',(1.,-0.,0.));
#5827=DIRECTION('',(-0.,0.,1.));
#5828=AXIS2_PLACEMENT_3D('',#5825,#5826,#5827);
#5829=CYLINDRICAL_SURFACE('',#5828,3.9);
#5830=CARTESIAN_POINT('',(-52.7,135.5,23.));
#5831=DIRECTION('',(-1.,0.,-0.));
#5832=VECTOR('',#5831,4.5);
#5833=LINE('',#5830,#5832);
#5834=EDGE_CURVE('',#5055,#5418,#5833,.T.);
#5835=ORIENTED_EDGE('',*,*,#5834,.F.);
#5836=ORIENTED_EDGE('',*,*,#5063,.T.);
#5837=ORIENTED_EDGE('',*,*,#5070,.T.);
#5838=ORIENTED_EDGE('',*,*,#5834,.T.);
#5839=ORIENTED_EDGE('',*,*,#5426,.T.);
#5840=ORIENTED_EDGE('',*,*,#5433,.T.);
#5841=EDGE_LOOP('',(#5835,#5836,#5837,#5838,#5839,#5840));
#5842=FACE_BOUND('',#5841,.T.);
#5843=ADVANCED_FACE('',(#5842),#5829,.F.);
#5844=CARTESIAN_POINT('',(-65.7,127.,19.1));
#5845=DIRECTION('',(1.,-0.,0.));
#5846=DIRECTION('',(-0.,0.,1.));
#5847=AXIS2_PLACEMENT_3D('',#5844,#5845,#5846);
#5848=CYLINDRICAL_SURFACE('',#5847,1.6);
#5849=CARTESIAN_POINT('',(-55.,127.,20.7));
#5850=VERTEX_POINT('',#5849);
#5851=CARTESIAN_POINT('',(-52.7,127.,20.7));
#5852=DIRECTION('',(-1.,0.,-0.));
#5853=VECTOR('',#5852,2.3);
#5854=LINE('',#5851,#5853);
#5855=EDGE_CURVE('',#5075,#5850,#5854,.T.);
#5856=ORIENTED_EDGE('',*,*,#5855,.F.);
#5857=ORIENTED_EDGE('',*,*,#5083,.T.);
#5858=ORIENTED_EDGE('',*,*,#5090,.T.);
#5859=ORIENTED_EDGE('',*,*,#5855,.T.);
#5860=CARTESIAN_POINT('',(-55.,125.4,19.1));
#5861=VERTEX_POINT('',#5860);
#5862=CARTESIAN_POINT('',(-55.,127.,19.1));
#5863=DIRECTION('',(1.,-0.,0.));
#5864=DIRECTION('',(-0.,-1.,0.));
#5865=AXIS2_PLACEMENT_3D('',#5862,#5863,#5864);
#5866=CIRCLE('',#5865,1.6);
#5867=EDGE_CURVE('',#5861,#5850,#5866,.T.);
#5868=ORIENTED_EDGE('',*,*,#5867,.F.);
#5869=CARTESIAN_POINT('',(-55.,127.,19.1));
#5870=DIRECTION('',(1.,-0.,0.));
#5871=DIRECTION('',(-0.,-1.,0.));
#5872=AXIS2_PLACEMENT_3D('',#5869,#5870,#5871);
#5873=CIRCLE('',#5872,1.6);
#5874=EDGE_CURVE('',#5850,#5861,#5873,.T.);
#5875=ORIENTED_EDGE('',*,*,#5874,.F.);
#5876=EDGE_LOOP('',(#5856,#5857,#5858,#5859,#5868,#5875));
#5877=FACE_BOUND('',#5876,.T.);
#5878=ADVANCED_FACE('',(#5877),#5848,.F.);
#5879=CARTESIAN_POINT('',(-65.7,144.,19.1));
#5880=DIRECTION('',(1.,-0.,0.));
#5881=DIRECTION('',(-0.,0.,1.));
#5882=AXIS2_PLACEMENT_3D('',#5879,#5880,#5881);
#5883=CYLINDRICAL_SURFACE('',#5882,1.6);
#5884=CARTESIAN_POINT('',(-55.,144.,20.7));
#5885=VERTEX_POINT('',#5884);
#5886=CARTESIAN_POINT('',(-52.7,144.,20.7));
#5887=DIRECTION('',(-1.,0.,-0.));
#5888=VECTOR('',#5887,2.3);
#5889=LINE('',#5886,#5888);
#5890=EDGE_CURVE('',#5095,#5885,#5889,.T.);
#5891=ORIENTED_EDGE('',*,*,#5890,.F.);
#5892=ORIENTED_EDGE('',*,*,#5103,.T.);
#5893=ORIENTED_EDGE('',*,*,#5110,.T.);
#5894=ORIENTED_EDGE('',*,*,#5890,.T.);
#5895=CARTESIAN_POINT('',(-55.,142.4,19.1));
#5896=VERTEX_POINT('',#5895);
#5897=CARTESIAN_POINT('',(-55.,144.,19.1));
#5898=DIRECTION('',(1.,-0.,0.));
#5899=DIRECTION('',(-0.,-1.,0.));
#5900=AXIS2_PLACEMENT_3D('',#5897,#5898,#5899);
#5901=CIRCLE('',#5900,1.6);
#5902=EDGE_CURVE('',#5896,#5885,#5901,.T.);
#5903=ORIENTED_EDGE('',*,*,#5902,.F.);
#5904=CARTESIAN_POINT('',(-55.,144.,19.1));
#5905=DIRECTION('',(1.,-0.,0.));
#5906=DIRECTION('',(-0.,-1.,0.));
#5907=AXIS2_PLACEMENT_3D('',#5904,#5905,#5906);
#5908=CIRCLE('',#5907,1.6);
#5909=EDGE_CURVE('',#5885,#5896,#5908,.T.);
#5910=ORIENTED_EDGE('',*,*,#5909,.F.);
#5911=EDGE_LOOP('',(#5891,#5892,#5893,#5894,#5903,#5910));
#5912=FACE_BOUND('',#5911,.T.);
#5913=ADVANCED_FACE('',(#5912),#5883,.F.);
#5914=CARTESIAN_POINT('',(-32.2,143.5,12.1));
#5915=DIRECTION('',(0.,-0.,-1.));
#5916=DIRECTION('',(-0.,-1.,0.));
#5917=AXIS2_PLACEMENT_3D('',#5914,#5915,#5916);
#5918=CYLINDRICAL_SURFACE('',#5917,1.6);
#5919=CARTESIAN_POINT('',(-32.2,141.9,1.2));
#5920=VERTEX_POINT('',#5919);
#5921=CARTESIAN_POINT('',(-32.2,141.9,-0.9));
#5922=DIRECTION('',(-0.,0.,1.));
#5923=VECTOR('',#5922,2.1);
#5924=LINE('',#5921,#5923);
#5925=EDGE_CURVE('',#5713,#5920,#5924,.T.);
#5926=ORIENTED_EDGE('',*,*,#5925,.F.);
#5927=ORIENTED_EDGE('',*,*,#5721,.T.);
#5928=ORIENTED_EDGE('',*,*,#5728,.T.);
#5929=ORIENTED_EDGE('',*,*,#5925,.T.);
#5930=CARTESIAN_POINT('',(-32.2,145.1,1.2));
#5931=VERTEX_POINT('',#5930);
#5932=CARTESIAN_POINT('',(-32.2,143.5,1.2));
#5933=DIRECTION('',(0.,-0.,-1.));
#5934=DIRECTION('',(-0.,-1.,0.));
#5935=AXIS2_PLACEMENT_3D('',#5932,#5933,#5934);
#5936=CIRCLE('',#5935,1.6);
#5937=EDGE_CURVE('',#5931,#5920,#5936,.T.);
#5938=ORIENTED_EDGE('',*,*,#5937,.F.);
#5939=CARTESIAN_POINT('',(-32.2,143.5,1.2));
#5940=DIRECTION('',(0.,-0.,-1.));
#5941=DIRECTION('',(-0.,-1.,0.));
#5942=AXIS2_PLACEMENT_3D('',#5939,#5940,#5941);
#5943=CIRCLE('',#5942,1.6);
#5944=EDGE_CURVE('',#5920,#5931,#5943,.T.);
#5945=ORIENTED_EDGE('',*,*,#5944,.F.);
#5946=EDGE_LOOP('',(#5926,#5927,#5928,#5929,#5938,#5945));
#5947=FACE_BOUND('',#5946,.T.);
#5948=ADVANCED_FACE('',(#5947),#5918,.F.);
#5949=CARTESIAN_POINT('',(-39.2,135.5,12.1));
#5950=DIRECTION('',(0.,-0.,-1.));
#5951=DIRECTION('',(-0.,-1.,0.));
#5952=AXIS2_PLACEMENT_3D('',#5949,#5950,#5951);
#5953=CYLINDRICAL_SURFACE('',#5952,5.);
#5954=CARTESIAN_POINT('',(-39.2,130.5,-0.9));
#5955=DIRECTION('',(-0.,0.,1.));
#5956=VECTOR('',#5955,2.5);
#5957=LINE('',#5954,#5956);
#5958=EDGE_CURVE('',#5693,#5197,#5957,.T.);
#5959=ORIENTED_EDGE('',*,*,#5958,.F.);
#5960=ORIENTED_EDGE('',*,*,#5701,.T.);
#5961=ORIENTED_EDGE('',*,*,#5708,.T.);
#5962=ORIENTED_EDGE('',*,*,#5958,.T.);
#5963=ORIENTED_EDGE('',*,*,#5203,.T.);
#5964=EDGE_LOOP('',(#5959,#5960,#5961,#5962,#5963));
#5965=FACE_BOUND('',#5964,.T.);
#5966=ADVANCED_FACE('',(#5965),#5953,.F.);
#5967=CARTESIAN_POINT('',(-46.2,127.5,12.1));
#5968=DIRECTION('',(0.,-0.,-1.));
#5969=DIRECTION('',(-0.,-1.,0.));
#5970=AXIS2_PLACEMENT_3D('',#5967,#5968,#5969);
#5971=CYLINDRICAL_SURFACE('',#5970,1.6);
#5972=CARTESIAN_POINT('',(-46.2,125.9,1.2));
#5973=VERTEX_POINT('',#5972);
#5974=CARTESIAN_POINT('',(-46.2,125.9,-0.9));
#5975=DIRECTION('',(-0.,0.,1.));
#5976=VECTOR('',#5975,2.1);
#5977=LINE('',#5974,#5976);
#5978=EDGE_CURVE('',#5673,#5973,#5977,.T.);
#5979=ORIENTED_EDGE('',*,*,#5978,.F.);
#5980=ORIENTED_EDGE('',*,*,#5681,.T.);
#5981=ORIENTED_EDGE('',*,*,#5688,.T.);
#5982=ORIENTED_EDGE('',*,*,#5978,.T.);
#5983=CARTESIAN_POINT('',(-46.2,129.1,1.2));
#5984=VERTEX_POINT('',#5983);
#5985=CARTESIAN_POINT('',(-46.2,127.5,1.2));
#5986=DIRECTION('',(0.,-0.,-1.));
#5987=DIRECTION('',(-0.,-1.,0.));
#5988=AXIS2_PLACEMENT_3D('',#5985,#5986,#5987);
#5989=CIRCLE('',#5988,1.6);
#5990=EDGE_CURVE('',#5984,#5973,#5989,.T.);
#5991=ORIENTED_EDGE('',*,*,#5990,.F.);
#5992=CARTESIAN_POINT('',(-46.2,127.5,1.2));
#5993=DIRECTION('',(0.,-0.,-1.));
#5994=DIRECTION('',(-0.,-1.,0.));
#5995=AXIS2_PLACEMENT_3D('',#5992,#5993,#5994);
#5996=CIRCLE('',#5995,1.6);
#5997=EDGE_CURVE('',#5973,#5984,#5996,.T.);
#5998=ORIENTED_EDGE('',*,*,#5997,.F.);
#5999=EDGE_LOOP('',(#5979,#5980,#5981,#5982,#5991,#5998));
#6000=FACE_BOUND('',#5999,.T.);
#6001=ADVANCED_FACE('',(#6000),#5971,.F.);
#6002=CARTESIAN_POINT('',(-46.2,143.5,12.1));
#6003=DIRECTION('',(0.,-0.,-1.));
#6004=DIRECTION('',(-0.,-1.,0.));
#6005=AXIS2_PLACEMENT_3D('',#6002,#6003,#6004);
#6006=CYLINDRICAL_SURFACE('',#6005,1.6);
#6007=CARTESIAN_POINT('',(-46.2,141.9,1.2));
#6008=VERTEX_POINT('',#6007);
#6009=CARTESIAN_POINT('',(-46.2,141.9,-0.9));
#6010=DIRECTION('',(-0.,0.,1.));
#6011=VECTOR('',#6010,2.1);
#6012=LINE('',#6009,#6011);
#6013=EDGE_CURVE('',#5653,#6008,#6012,.T.);
#6014=ORIENTED_EDGE('',*,*,#6013,.F.);
#6015=ORIENTED_EDGE('',*,*,#5661,.T.);
#6016=ORIENTED_EDGE('',*,*,#5668,.T.);
#6017=ORIENTED_EDGE('',*,*,#6013,.T.);
#6018=CARTESIAN_POINT('',(-46.2,145.1,1.2));
#6019=VERTEX_POINT('',#6018);
#6020=CARTESIAN_POINT('',(-46.2,143.5,1.2));
#6021=DIRECTION('',(0.,-0.,-1.));
#6022=DIRECTION('',(-0.,-1.,0.));
#6023=AXIS2_PLACEMENT_3D('',#6020,#6021,#6022);
#6024=CIRCLE('',#6023,1.6);
#6025=EDGE_CURVE('',#6019,#6008,#6024,.T.);
#6026=ORIENTED_EDGE('',*,*,#6025,.F.);
#6027=CARTESIAN_POINT('',(-46.2,143.5,1.2));
#6028=DIRECTION('',(0.,-0.,-1.));
#6029=DIRECTION('',(-0.,-1.,0.));
#6030=AXIS2_PLACEMENT_3D('',#6027,#6028,#6029);
#6031=CIRCLE('',#6030,1.6);
#6032=EDGE_CURVE('',#6008,#6019,#6031,.T.);
#6033=ORIENTED_EDGE('',*,*,#6032,.F.);
#6034=EDGE_LOOP('',(#6014,#6015,#6016,#6017,#6026,#6033));
#6035=FACE_BOUND('',#6034,.T.);
#6036=ADVANCED_FACE('',(#6035),#6006,.F.);
#6037=CARTESIAN_POINT('',(-32.2,127.5,12.1));
#6038=DIRECTION('',(0.,-0.,-1.));
#6039=DIRECTION('',(-0.,-1.,0.));
#6040=AXIS2_PLACEMENT_3D('',#6037,#6038,#6039);
#6041=CYLINDRICAL_SURFACE('',#6040,1.6);
#6042=CARTESIAN_POINT('',(-32.2,125.9,1.2));
#6043=VERTEX_POINT('',#6042);
#6044=CARTESIAN_POINT('',(-32.2,125.9,-0.9));
#6045=DIRECTION('',(-0.,0.,1.));
#6046=VECTOR('',#6045,2.1);
#6047=LINE('',#6044,#6046);
#6048=EDGE_CURVE('',#5633,#6043,#6047,.T.);
#6049=ORIENTED_EDGE('',*,*,#6048,.F.);
#6050=ORIENTED_EDGE('',*,*,#5641,.T.);
#6051=ORIENTED_EDGE('',*,*,#5648,.T.);
#6052=ORIENTED_EDGE('',*,*,#6048,.T.);
#6053=CARTESIAN_POINT('',(-32.2,129.1,1.2));
#6054=VERTEX_POINT('',#6053);
#6055=CARTESIAN_POINT('',(-32.2,127.5,1.2));
#6056=DIRECTION('',(0.,-0.,-1.));
#6057=DIRECTION('',(-0.,-1.,0.));
#6058=AXIS2_PLACEMENT_3D('',#6055,#6056,#6057);
#6059=CIRCLE('',#6058,1.6);
#6060=EDGE_CURVE('',#6054,#6043,#6059,.T.);
#6061=ORIENTED_EDGE('',*,*,#6060,.F.);
#6062=CARTESIAN_POINT('',(-32.2,127.5,1.2));
#6063=DIRECTION('',(0.,-0.,-1.));
#6064=DIRECTION('',(-0.,-1.,0.));
#6065=AXIS2_PLACEMENT_3D('',#6062,#6063,#6064);
#6066=CIRCLE('',#6065,1.6);
#6067=EDGE_CURVE('',#6043,#6054,#6066,.T.);
#6068=ORIENTED_EDGE('',*,*,#6067,.F.);
#6069=EDGE_LOOP('',(#6049,#6050,#6051,#6052,#6061,#6068));
#6070=FACE_BOUND('',#6069,.T.);
#6071=ADVANCED_FACE('',(#6070),#6041,.F.);
#6072=CARTESIAN_POINT('',(-55.,144.,19.1));
#6073=DIRECTION('',(1.,-0.,0.));
#6074=DIRECTION('',(-0.,-1.,0.));
#6075=AXIS2_PLACEMENT_3D('',#6072,#6073,#6074);
#6076=PLANE('',#6075);
#6077=CARTESIAN_POINT('',(-55.,141.3,19.1));
#6078=VERTEX_POINT('',#6077);
#6079=CARTESIAN_POINT('',(-55.,146.7,19.1));
#6080=VERTEX_POINT('',#6079);
#6081=CARTESIAN_POINT('',(-55.,144.,19.1));
#6082=DIRECTION('',(-1.,0.,-0.));
#6083=DIRECTION('',(-0.,-1.,0.));
#6084=AXIS2_PLACEMENT_3D('',#6081,#6082,#6083);
#6085=CIRCLE('',#6084,2.7);
#6086=EDGE_CURVE('',#6078,#6080,#6085,.T.);
#6087=ORIENTED_EDGE('',*,*,#6086,.T.);
#6088=CARTESIAN_POINT('',(-55.,144.,19.1));
#6089=DIRECTION('',(-1.,0.,-0.));
#6090=DIRECTION('',(-0.,-1.,0.));
#6091=AXIS2_PLACEMENT_3D('',#6088,#6089,#6090);
#6092=CIRCLE('',#6091,2.7);
#6093=EDGE_CURVE('',#6080,#6078,#6092,.T.);
#6094=ORIENTED_EDGE('',*,*,#6093,.T.);
#6095=EDGE_LOOP('',(#6087,#6094));
#6096=FACE_BOUND('',#6095,.T.);
#6097=ORIENTED_EDGE('',*,*,#5902,.T.);
#6098=ORIENTED_EDGE('',*,*,#5909,.T.);
#6099=EDGE_LOOP('',(#6097,#6098));
#6100=FACE_BOUND('',#6099,.T.);
#6101=ADVANCED_FACE('',(#6096,#6100),#6076,.F.);
#6102=CARTESIAN_POINT('',(-55.,144.,19.1));
#6103=DIRECTION('',(-1.,0.,-0.));
#6104=DIRECTION('',(0.,1.,-0.));
#6105=AXIS2_PLACEMENT_3D('',#6102,#6103,#6104);
#6106=CYLINDRICAL_SURFACE('',#6105,2.7);
#6107=CARTESIAN_POINT('',(-56.8,146.7,19.1));
#6108=VERTEX_POINT('',#6107);
#6109=CARTESIAN_POINT('',(-56.8,146.7,19.1));
#6110=DIRECTION('',(1.,-0.,0.));
#6111=VECTOR('',#6110,1.8);
#6112=LINE('',#6109,#6111);
#6113=EDGE_CURVE('',#6108,#6080,#6112,.T.);
#6114=ORIENTED_EDGE('',*,*,#6113,.F.);
#6115=CARTESIAN_POINT('',(-56.8,141.3,19.1));
#6116=VERTEX_POINT('',#6115);
#6117=CARTESIAN_POINT('',(-56.8,144.,19.1));
#6118=DIRECTION('',(1.,-0.,0.));
#6119=DIRECTION('',(-0.,-1.,0.));
#6120=AXIS2_PLACEMENT_3D('',#6117,#6118,#6119);
#6121=CIRCLE('',#6120,2.7);
#6122=EDGE_CURVE('',#6116,#6108,#6121,.T.);
#6123=ORIENTED_EDGE('',*,*,#6122,.F.);
#6124=CARTESIAN_POINT('',(-56.8,144.,19.1));
#6125=DIRECTION('',(1.,-0.,0.));
#6126=DIRECTION('',(-0.,-1.,0.));
#6127=AXIS2_PLACEMENT_3D('',#6124,#6125,#6126);
#6128=CIRCLE('',#6127,2.7);
#6129=EDGE_CURVE('',#6108,#6116,#6128,.T.);
#6130=ORIENTED_EDGE('',*,*,#6129,.F.);
#6131=ORIENTED_EDGE('',*,*,#6113,.T.);
#6132=ORIENTED_EDGE('',*,*,#6086,.F.);
#6133=ORIENTED_EDGE('',*,*,#6093,.F.);
#6134=EDGE_LOOP('',(#6114,#6123,#6130,#6131,#6132,#6133));
#6135=FACE_BOUND('',#6134,.T.);
#6136=ADVANCED_FACE('',(#6135),#6106,.F.);
#6137=CARTESIAN_POINT('',(-55.,127.,19.1));
#6138=DIRECTION('',(1.,-0.,0.));
#6139=DIRECTION('',(-0.,-1.,0.));
#6140=AXIS2_PLACEMENT_3D('',#6137,#6138,#6139);
#6141=PLANE('',#6140);
#6142=CARTESIAN_POINT('',(-55.,124.3,19.1));
#6143=VERTEX_POINT('',#6142);
#6144=CARTESIAN_POINT('',(-55.,129.7,19.1));
#6145=VERTEX_POINT('',#6144);
#6146=CARTESIAN_POINT('',(-55.,127.,19.1));
#6147=DIRECTION('',(-1.,0.,-0.));
#6148=DIRECTION('',(-0.,-1.,0.));
#6149=AXIS2_PLACEMENT_3D('',#6146,#6147,#6148);
#6150=CIRCLE('',#6149,2.7);
#6151=EDGE_CURVE('',#6143,#6145,#6150,.T.);
#6152=ORIENTED_EDGE('',*,*,#6151,.T.);
#6153=CARTESIAN_POINT('',(-55.,127.,19.1));
#6154=DIRECTION('',(-1.,0.,-0.));
#6155=DIRECTION('',(-0.,-1.,0.));
#6156=AXIS2_PLACEMENT_3D('',#6153,#6154,#6155);
#6157=CIRCLE('',#6156,2.7);
#6158=EDGE_CURVE('',#6145,#6143,#6157,.T.);
#6159=ORIENTED_EDGE('',*,*,#6158,.T.);
#6160=EDGE_LOOP('',(#6152,#6159));
#6161=FACE_BOUND('',#6160,.T.);
#6162=ORIENTED_EDGE('',*,*,#5867,.T.);
#6163=ORIENTED_EDGE('',*,*,#5874,.T.);
#6164=EDGE_LOOP('',(#6162,#6163));
#6165=FACE_BOUND('',#6164,.T.);
#6166=ADVANCED_FACE('',(#6161,#6165),#6141,.F.);
#6167=CARTESIAN_POINT('',(-55.,127.,19.1));
#6168=DIRECTION('',(-1.,0.,-0.));
#6169=DIRECTION('',(0.,1.,-0.));
#6170=AXIS2_PLACEMENT_3D('',#6167,#6168,#6169);
#6171=CYLINDRICAL_SURFACE('',#6170,2.7);
#6172=CARTESIAN_POINT('',(-56.8,129.7,19.1));
#6173=VERTEX_POINT('',#6172);
#6174=CARTESIAN_POINT('',(-56.8,129.7,19.1));
#6175=DIRECTION('',(1.,-0.,0.));
#6176=VECTOR('',#6175,1.8);
#6177=LINE('',#6174,#6176);
#6178=EDGE_CURVE('',#6173,#6145,#6177,.T.);
#6179=ORIENTED_EDGE('',*,*,#6178,.F.);
#6180=CARTESIAN_POINT('',(-56.8,124.3,19.1));
#6181=VERTEX_POINT('',#6180);
#6182=CARTESIAN_POINT('',(-56.8,127.,19.1));
#6183=DIRECTION('',(1.,-0.,0.));
#6184=DIRECTION('',(-0.,-1.,0.));
#6185=AXIS2_PLACEMENT_3D('',#6182,#6183,#6184);
#6186=CIRCLE('',#6185,2.7);
#6187=EDGE_CURVE('',#6181,#6173,#6186,.T.);
#6188=ORIENTED_EDGE('',*,*,#6187,.F.);
#6189=CARTESIAN_POINT('',(-56.8,127.,19.1));
#6190=DIRECTION('',(1.,-0.,0.));
#6191=DIRECTION('',(-0.,-1.,0.));
#6192=AXIS2_PLACEMENT_3D('',#6189,#6190,#6191);
#6193=CIRCLE('',#6192,2.7);
#6194=EDGE_CURVE('',#6173,#6181,#6193,.T.);
#6195=ORIENTED_EDGE('',*,*,#6194,.F.);
#6196=ORIENTED_EDGE('',*,*,#6178,.T.);
#6197=ORIENTED_EDGE('',*,*,#6151,.F.);
#6198=ORIENTED_EDGE('',*,*,#6158,.F.);
#6199=EDGE_LOOP('',(#6179,#6188,#6195,#6196,#6197,#6198));
#6200=FACE_BOUND('',#6199,.T.);
#6201=ADVANCED_FACE('',(#6200),#6171,.F.);
#6202=CARTESIAN_POINT('',(-32.2,143.5,1.6));
#6203=DIRECTION('',(-0.,0.,1.));
#6204=DIRECTION('',(0.,1.,-0.));
#6205=AXIS2_PLACEMENT_3D('',#6202,#6203,#6204);
#6206=CONICAL_SURFACE('',#6205,2.,45.);
#6207=CARTESIAN_POINT('',(-32.2,145.5,1.6));
#6208=DIRECTION('',(0.,-0.707106781,-0.707106781));
#6209=VECTOR('',#6208,0.565685425);
#6210=LINE('',#6207,#6209);
#6211=EDGE_CURVE('',#5268,#5931,#6210,.T.);
#6212=ORIENTED_EDGE('',*,*,#6211,.F.);
#6213=ORIENTED_EDGE('',*,*,#5276,.T.);
#6214=ORIENTED_EDGE('',*,*,#5283,.T.);
#6215=ORIENTED_EDGE('',*,*,#6211,.T.);
#6216=ORIENTED_EDGE('',*,*,#5937,.T.);
#6217=ORIENTED_EDGE('',*,*,#5944,.T.);
#6218=EDGE_LOOP('',(#6212,#6213,#6214,#6215,#6216,#6217));
#6219=FACE_BOUND('',#6218,.T.);
#6220=ADVANCED_FACE('',(#6219),#6206,.F.);
#6221=CARTESIAN_POINT('',(-32.2,127.5,1.6));
#6222=DIRECTION('',(-0.,0.,1.));
#6223=DIRECTION('',(0.,1.,-0.));
#6224=AXIS2_PLACEMENT_3D('',#6221,#6222,#6223);
#6225=CONICAL_SURFACE('',#6224,2.,45.);
#6226=CARTESIAN_POINT('',(-32.2,129.5,1.6));
#6227=DIRECTION('',(0.,-0.707106781,-0.707106781));
#6228=VECTOR('',#6227,0.565685425);
#6229=LINE('',#6226,#6228);
#6230=EDGE_CURVE('',#5248,#6054,#6229,.T.);
#6231=ORIENTED_EDGE('',*,*,#6230,.F.);
#6232=ORIENTED_EDGE('',*,*,#5256,.T.);
#6233=ORIENTED_EDGE('',*,*,#5263,.T.);
#6234=ORIENTED_EDGE('',*,*,#6230,.T.);
#6235=ORIENTED_EDGE('',*,*,#6060,.T.);
#6236=ORIENTED_EDGE('',*,*,#6067,.T.);
#6237=EDGE_LOOP('',(#6231,#6232,#6233,#6234,#6235,#6236));
#6238=FACE_BOUND('',#6237,.T.);
#6239=ADVANCED_FACE('',(#6238),#6225,.F.);
#6240=CARTESIAN_POINT('',(-46.2,127.5,1.6));
#6241=DIRECTION('',(-0.,0.,1.));
#6242=DIRECTION('',(0.,1.,-0.));
#6243=AXIS2_PLACEMENT_3D('',#6240,#6241,#6242);
#6244=CONICAL_SURFACE('',#6243,2.,45.);
#6245=CARTESIAN_POINT('',(-46.2,129.5,1.6));
#6246=DIRECTION('',(0.,-0.707106781,-0.707106781));
#6247=VECTOR('',#6246,0.565685425);
#6248=LINE('',#6245,#6247);
#6249=EDGE_CURVE('',#5228,#5984,#6248,.T.);
#6250=ORIENTED_EDGE('',*,*,#6249,.F.);
#6251=ORIENTED_EDGE('',*,*,#5236,.T.);
#6252=ORIENTED_EDGE('',*,*,#5243,.T.);
#6253=ORIENTED_EDGE('',*,*,#6249,.T.);
#6254=ORIENTED_EDGE('',*,*,#5990,.T.);
#6255=ORIENTED_EDGE('',*,*,#5997,.T.);
#6256=EDGE_LOOP('',(#6250,#6251,#6252,#6253,#6254,#6255));
#6257=FACE_BOUND('',#6256,.T.);
#6258=ADVANCED_FACE('',(#6257),#6244,.F.);
#6259=CARTESIAN_POINT('',(-46.2,143.5,1.6));
#6260=DIRECTION('',(-0.,0.,1.));
#6261=DIRECTION('',(0.,1.,-0.));
#6262=AXIS2_PLACEMENT_3D('',#6259,#6260,#6261);
#6263=CONICAL_SURFACE('',#6262,2.,45.);
#6264=CARTESIAN_POINT('',(-46.2,145.5,1.6));
#6265=DIRECTION('',(0.,-0.707106781,-0.707106781));
#6266=VECTOR('',#6265,0.565685425);
#6267=LINE('',#6264,#6266);
#6268=EDGE_CURVE('',#5208,#6019,#6267,.T.);
#6269=ORIENTED_EDGE('',*,*,#6268,.F.);
#6270=ORIENTED_EDGE('',*,*,#5216,.T.);
#6271=ORIENTED_EDGE('',*,*,#5223,.T.);
#6272=ORIENTED_EDGE('',*,*,#6268,.T.);
#6273=ORIENTED_EDGE('',*,*,#6025,.T.);
#6274=ORIENTED_EDGE('',*,*,#6032,.T.);
#6275=EDGE_LOOP('',(#6269,#6270,#6271,#6272,#6273,#6274));
#6276=FACE_BOUND('',#6275,.T.);
#6277=ADVANCED_FACE('',(#6276),#6263,.F.);
#6278=CARTESIAN_POINT('',(-57.2,127.,19.1));
#6279=DIRECTION('',(-1.,0.,-0.));
#6280=DIRECTION('',(0.,1.,-0.));
#6281=AXIS2_PLACEMENT_3D('',#6278,#6279,#6280);
#6282=CONICAL_SURFACE('',#6281,3.1,45.);
#6283=CARTESIAN_POINT('',(-57.2,130.1,19.1));
#6284=DIRECTION('',(0.707106781,-0.707106781,0.));
#6285=VECTOR('',#6284,0.565685425);
#6286=LINE('',#6283,#6285);
#6287=EDGE_CURVE('',#5378,#6173,#6286,.T.);
#6288=ORIENTED_EDGE('',*,*,#6287,.F.);
#6289=ORIENTED_EDGE('',*,*,#5386,.T.);
#6290=ORIENTED_EDGE('',*,*,#5393,.T.);
#6291=ORIENTED_EDGE('',*,*,#6287,.T.);
#6292=ORIENTED_EDGE('',*,*,#6194,.T.);
#6293=ORIENTED_EDGE('',*,*,#6187,.T.);
#6294=EDGE_LOOP('',(#6288,#6289,#6290,#6291,#6292,#6293));
#6295=FACE_BOUND('',#6294,.T.);
#6296=ADVANCED_FACE('',(#6295),#6282,.F.);
#6297=CARTESIAN_POINT('',(-57.2,144.,19.1));
#6298=DIRECTION('',(-1.,0.,-0.));
#6299=DIRECTION('',(0.,1.,-0.));
#6300=AXIS2_PLACEMENT_3D('',#6297,#6298,#6299);
#6301=CONICAL_SURFACE('',#6300,3.1,45.);
#6302=CARTESIAN_POINT('',(-57.2,147.1,19.1));
#6303=DIRECTION('',(0.707106781,-0.707106781,0.));
#6304=VECTOR('',#6303,0.565685425);
#6305=LINE('',#6302,#6304);
#6306=EDGE_CURVE('',#5398,#6108,#6305,.T.);
#6307=ORIENTED_EDGE('',*,*,#6306,.F.);
#6308=ORIENTED_EDGE('',*,*,#5406,.T.);
#6309=ORIENTED_EDGE('',*,*,#5413,.T.);
#6310=ORIENTED_EDGE('',*,*,#6306,.T.);
#6311=ORIENTED_EDGE('',*,*,#6129,.T.);
#6312=ORIENTED_EDGE('',*,*,#6122,.T.);
#6313=EDGE_LOOP('',(#6307,#6308,#6309,#6310,#6311,#6312));
#6314=FACE_BOUND('',#6313,.T.);
#6315=ADVANCED_FACE('',(#6314),#6301,.F.);
#6316=CARTESIAN_POINT('',(-52.7,146.5,11.6));
#6317=DIRECTION('',(0.5,0.,0.866025404));
#6318=DIRECTION('',(-0.866025404,0.,0.5));
#6319=AXIS2_PLACEMENT_3D('',#6316,#6317,#6318);
#6320=PLANE('',#6319);
#6321=CARTESIAN_POINT('',(-35.495517328,146.5,1.666987298));
#6322=VERTEX_POINT('',#6321);
#6323=CARTESIAN_POINT('',(-52.45,146.5,11.455662433));
#6324=VERTEX_POINT('',#6323);
#6325=CARTESIAN_POINT('',(-35.495517328,146.5,1.666987298));
#6326=DIRECTION('',(-0.866025404,0.,0.5));
#6327=VECTOR('',#6326,19.577350269);
#6328=LINE('',#6325,#6327);
#6329=EDGE_CURVE('',#6322,#6324,#6328,.T.);
#6330=ORIENTED_EDGE('',*,*,#6329,.F.);
#6331=CARTESIAN_POINT('',(-35.495517328,148.5,1.666987298));
#6332=DIRECTION('',(-0.,-1.,0.));
#6333=VECTOR('',#6332,2.);
#6334=LINE('',#6331,#6333);
#6335=EDGE_CURVE('',#5593,#6322,#6334,.T.);
#6336=ORIENTED_EDGE('',*,*,#6335,.F.);
#6337=ORIENTED_EDGE('',*,*,#5598,.T.);
#6338=CARTESIAN_POINT('',(-52.45,146.5,11.455662433));
#6339=DIRECTION('',(0.,1.,-0.));
#6340=VECTOR('',#6339,2.);
#6341=LINE('',#6338,#6340);
#6342=EDGE_CURVE('',#6324,#5584,#6341,.T.);
#6343=ORIENTED_EDGE('',*,*,#6342,.F.);
#6344=EDGE_LOOP('',(#6330,#6336,#6337,#6343));
#6345=FACE_BOUND('',#6344,.T.);
#6346=ADVANCED_FACE('',(#6345),#6320,.T.);
#6347=CARTESIAN_POINT('',(-57.2,146.5,-0.9));
#6348=DIRECTION('',(0.,1.,-0.));
#6349=DIRECTION('',(1.,-0.,0.));
#6350=AXIS2_PLACEMENT_3D('',#6347,#6348,#6349);
#6351=PLANE('',#6350);
#6352=ORIENTED_EDGE('',*,*,#5361,.T.);
#6353=CARTESIAN_POINT('',(-35.245517328,146.5,2.1));
#6354=DIRECTION('',(-0.,-1.,0.));
#6355=DIRECTION('',(1.,-0.,0.));
#6356=AXIS2_PLACEMENT_3D('',#6353,#6354,#6355);
#6357=CIRCLE('',#6356,0.5);
#6358=EDGE_CURVE('',#6322,#5348,#6357,.T.);
#6359=ORIENTED_EDGE('',*,*,#6358,.F.);
#6360=ORIENTED_EDGE('',*,*,#6329,.T.);
#6361=CARTESIAN_POINT('',(-52.2,146.5,11.888675135));
#6362=DIRECTION('',(-0.,-1.,0.));
#6363=DIRECTION('',(1.,-0.,0.));
#6364=AXIS2_PLACEMENT_3D('',#6361,#6362,#6363);
#6365=CIRCLE('',#6364,0.5);
#6366=EDGE_CURVE('',#5115,#6324,#6365,.T.);
#6367=ORIENTED_EDGE('',*,*,#6366,.F.);
#6368=ORIENTED_EDGE('',*,*,#5122,.T.);
#6369=CARTESIAN_POINT('',(-49.2,146.5,1.6));
#6370=DIRECTION('',(-0.707106781,0.,0.707106781));
#6371=VECTOR('',#6370,4.949747468);
#6372=LINE('',#6369,#6371);
#6373=EDGE_CURVE('',#5356,#5117,#6372,.T.);
#6374=ORIENTED_EDGE('',*,*,#6373,.F.);
#6375=EDGE_LOOP('',(#6352,#6359,#6360,#6367,#6368,#6374));
#6376=FACE_BOUND('',#6375,.T.);
#6377=ADVANCED_FACE('',(#6376),#6351,.F.);
#6378=CARTESIAN_POINT('',(-52.7,124.5,11.6));
#6379=DIRECTION('',(-0.5,-0.,-0.866025404));
#6380=DIRECTION('',(0.866025404,-0.,-0.5));
#6381=AXIS2_PLACEMENT_3D('',#6378,#6379,#6380);
#6382=PLANE('',#6381);
#6383=CARTESIAN_POINT('',(-35.495517328,124.5,1.666987298));
#6384=VERTEX_POINT('',#6383);
#6385=CARTESIAN_POINT('',(-52.45,124.5,11.455662433));
#6386=VERTEX_POINT('',#6385);
#6387=CARTESIAN_POINT('',(-35.495517328,124.5,1.666987298));
#6388=DIRECTION('',(-0.866025404,0.,0.5));
#6389=VECTOR('',#6388,19.577350269);
#6390=LINE('',#6387,#6389);
#6391=EDGE_CURVE('',#6384,#6386,#6390,.T.);
#6392=ORIENTED_EDGE('',*,*,#6391,.T.);
#6393=CARTESIAN_POINT('',(-52.45,122.5,11.455662433));
#6394=DIRECTION('',(0.,1.,-0.));
#6395=VECTOR('',#6394,2.);
#6396=LINE('',#6393,#6395);
#6397=EDGE_CURVE('',#5529,#6386,#6396,.T.);
#6398=ORIENTED_EDGE('',*,*,#6397,.F.);
#6399=ORIENTED_EDGE('',*,*,#5534,.F.);
#6400=CARTESIAN_POINT('',(-35.495517328,124.5,1.666987298));
#6401=DIRECTION('',(-0.,-1.,0.));
#6402=VECTOR('',#6401,2.);
#6403=LINE('',#6400,#6402);
#6404=EDGE_CURVE('',#6384,#5520,#6403,.T.);
#6405=ORIENTED_EDGE('',*,*,#6404,.F.);
#6406=EDGE_LOOP('',(#6392,#6398,#6399,#6405));
#6407=FACE_BOUND('',#6406,.T.);
#6408=ADVANCED_FACE('',(#6407),#6382,.F.);
#6409=CARTESIAN_POINT('',(-57.2,124.5,-0.9));
#6410=DIRECTION('',(-0.,-1.,0.));
#6411=DIRECTION('',(1.,-0.,0.));
#6412=AXIS2_PLACEMENT_3D('',#6409,#6410,#6411);
#6413=PLANE('',#6412);
#6414=ORIENTED_EDGE('',*,*,#5180,.F.);
#6415=CARTESIAN_POINT('',(-52.2,124.5,11.888675135));
#6416=DIRECTION('',(0.,1.,-0.));
#6417=DIRECTION('',(-1.,0.,-0.));
#6418=AXIS2_PLACEMENT_3D('',#6415,#6416,#6417);
#6419=CIRCLE('',#6418,0.5);
#6420=EDGE_CURVE('',#6386,#5167,#6419,.T.);
#6421=ORIENTED_EDGE('',*,*,#6420,.F.);
#6422=ORIENTED_EDGE('',*,*,#6391,.F.);
#6423=CARTESIAN_POINT('',(-35.245517328,124.5,2.1));
#6424=DIRECTION('',(0.,1.,-0.));
#6425=DIRECTION('',(-1.,0.,-0.));
#6426=AXIS2_PLACEMENT_3D('',#6423,#6424,#6425);
#6427=CIRCLE('',#6426,0.5);
#6428=EDGE_CURVE('',#5290,#6384,#6427,.T.);
#6429=ORIENTED_EDGE('',*,*,#6428,.F.);
#6430=ORIENTED_EDGE('',*,*,#5295,.F.);
#6431=CARTESIAN_POINT('',(-52.7,124.5,5.1));
#6432=DIRECTION('',(0.707106781,-0.,-0.707106781));
#6433=VECTOR('',#6432,4.949747468);
#6434=LINE('',#6431,#6433);
#6435=EDGE_CURVE('',#5175,#5288,#6434,.T.);
#6436=ORIENTED_EDGE('',*,*,#6435,.F.);
#6437=EDGE_LOOP('',(#6414,#6421,#6422,#6429,#6430,#6436));
#6438=FACE_BOUND('',#6437,.T.);
#6439=ADVANCED_FACE('',(#6438),#6413,.F.);
#6440=CARTESIAN_POINT('',(-35.245517328,124.5,2.1));
#6441=DIRECTION('',(0.,1.,-0.));
#6442=DIRECTION('',(1.,-0.,0.));
#6443=AXIS2_PLACEMENT_3D('',#6440,#6441,#6442);
#6444=CYLINDRICAL_SURFACE('',#6443,0.5);
#6445=ORIENTED_EDGE('',*,*,#6428,.T.);
#6446=ORIENTED_EDGE('',*,*,#6404,.T.);
#6447=ORIENTED_EDGE('',*,*,#5526,.T.);
#6448=ORIENTED_EDGE('',*,*,#5303,.T.);
#6449=EDGE_LOOP('',(#6445,#6446,#6447,#6448));
#6450=FACE_BOUND('',#6449,.T.);
#6451=ADVANCED_FACE('',(#6450),#6444,.F.);
#6452=CARTESIAN_POINT('',(-52.2,148.5,11.888675135));
#6453=DIRECTION('',(0.,1.,-0.));
#6454=DIRECTION('',(1.,-0.,0.));
#6455=AXIS2_PLACEMENT_3D('',#6452,#6453,#6454);
#6456=CYLINDRICAL_SURFACE('',#6455,0.5);
#6457=ORIENTED_EDGE('',*,*,#6420,.T.);
#6458=ORIENTED_EDGE('',*,*,#5172,.T.);
#6459=ORIENTED_EDGE('',*,*,#5541,.T.);
#6460=ORIENTED_EDGE('',*,*,#6397,.T.);
#6461=EDGE_LOOP('',(#6457,#6458,#6459,#6460));
#6462=FACE_BOUND('',#6461,.T.);
#6463=ADVANCED_FACE('',(#6462),#6456,.F.);
#6464=CARTESIAN_POINT('',(-52.2,146.5,11.888675135));
#6465=DIRECTION('',(0.,1.,-0.));
#6466=DIRECTION('',(1.,-0.,0.));
#6467=AXIS2_PLACEMENT_3D('',#6464,#6465,#6466);
#6468=CYLINDRICAL_SURFACE('',#6467,0.5);
#6469=ORIENTED_EDGE('',*,*,#6366,.T.);
#6470=ORIENTED_EDGE('',*,*,#6342,.T.);
#6471=ORIENTED_EDGE('',*,*,#5590,.T.);
#6472=ORIENTED_EDGE('',*,*,#5130,.T.);
#6473=EDGE_LOOP('',(#6469,#6470,#6471,#6472));
#6474=FACE_BOUND('',#6473,.T.);
#6475=ADVANCED_FACE('',(#6474),#6468,.F.);
#6476=CARTESIAN_POINT('',(-35.245517328,148.5,2.1));
#6477=DIRECTION('',(0.,1.,-0.));
#6478=DIRECTION('',(1.,-0.,0.));
#6479=AXIS2_PLACEMENT_3D('',#6476,#6477,#6478);
#6480=CYLINDRICAL_SURFACE('',#6479,0.5);
#6481=ORIENTED_EDGE('',*,*,#6358,.T.);
#6482=ORIENTED_EDGE('',*,*,#5353,.T.);
#6483=ORIENTED_EDGE('',*,*,#5605,.T.);
#6484=ORIENTED_EDGE('',*,*,#6335,.T.);
#6485=EDGE_LOOP('',(#6481,#6482,#6483,#6484));
#6486=FACE_BOUND('',#6485,.T.);
#6487=ADVANCED_FACE('',(#6486),#6480,.F.);
#6488=CARTESIAN_POINT('',(-52.7,148.5,5.1));
#6489=DIRECTION('',(0.707106781,-0.,0.707106781));
#6490=DIRECTION('',(0.,1.,-0.));
#6491=AXIS2_PLACEMENT_3D('',#6488,#6489,#6490);
#6492=PLANE('',#6491);
#6493=ORIENTED_EDGE('',*,*,#6373,.T.);
#6494=ORIENTED_EDGE('',*,*,#5186,.T.);
#6495=ORIENTED_EDGE('',*,*,#6435,.T.);
#6496=ORIENTED_EDGE('',*,*,#5367,.T.);
#6497=EDGE_LOOP('',(#6493,#6494,#6495,#6496));
#6498=FACE_BOUND('',#6497,.T.);
#6499=ADVANCED_FACE('',(#6498),#6492,.T.);
#6500=CARTESIAN_POINT('',(-65.7,135.5,19.1));
#6501=DIRECTION('',(1.,-0.,0.));
#6502=DIRECTION('',(-0.,0.,1.));
#6503=AXIS2_PLACEMENT_3D('',#6500,#6501,#6502);
#6504=CYLINDRICAL_SURFACE('',#6503,13.);
#6505=ORIENTED_EDGE('',*,*,#5817,.F.);
#6506=ORIENTED_EDGE('',*,*,#5147,.T.);
#6507=ORIENTED_EDGE('',*,*,#5580,.T.);
#6508=ORIENTED_EDGE('',*,*,#5455,.T.);
#6509=EDGE_LOOP('',(#6505,#6506,#6507,#6508));
#6510=FACE_BOUND('',#6509,.T.);
#6511=ADVANCED_FACE('',(#6510),#6504,.T.);
#6512=CLOSED_SHELL('',(#5190,#5371,#5481,#5545,#5609,#5626,#5761,#5783,#5795,#5807,#5824,#5843,#5878,#5913,#5948,#5966,#6001,#6036,#6071,#6101,#6136,#6166,#6201,#6220,#6239,#6258,
#6277,#6296,#6315,#6346,#6377,#6408,#6439,#6451,#6463,#6475,#6487,#6499,#6511));
#6513=MANIFOLD_SOLID_BREP('Imported 01 (1)',#6512);
#6514=COLOUR_RGB('',0.698039234,0.698039234,0.698039234);
#6515=FILL_AREA_STYLE_COLOUR('',#6514);
#6516=FILL_AREA_STYLE('',(#6515));
#6517=SURFACE_STYLE_FILL_AREA(#6516);
#6518=SURFACE_SIDE_STYLE('',(#6517));
#6519=SURFACE_STYLE_USAGE(.BOTH.,#6518);
#6520=PRESENTATION_STYLE_ASSIGNMENT((#6519));
#5048=STYLED_ITEM('',(#6520),#6513);
#5029=SHAPE_REPRESENTATION('mount.SLDPRT (1)',(#15),#5027);
#5030=ADVANCED_BREP_SHAPE_REPRESENTATION('mount.SLDPRT (1)',(#6513),#5027);
#6528=SHAPE_REPRESENTATION_RELATIONSHIP('','',#5029,#5030);
#6529=CARTESIAN_POINT('',(0.,0.,0.));
#6530=DIRECTION('',(0.,0.,1.));
#6531=DIRECTION('',(1.,0.,0.));
#6532=AXIS2_PLACEMENT_3D('',#6529,#6530,#6531);
#6534=MAPPED_ITEM('',#6533,#6532);
#6533=REPRESENTATION_MAP(#6532,#5029);
#5037=PRODUCT('mount.SLDPRT (1)','mount.SLDPRT (1)','',(#4904));
#6535=PRODUCT_RELATED_PRODUCT_CATEGORY('part','',(#5037));
#6536=PRODUCT_DEFINITION_FORMATION_WITH_SPECIFIED_SOURCE('','',#5037,.NOT_KNOWN.);
#5038=PRODUCT_DEFINITION('design','',#6536,#4905);
#5036=PRODUCT_DEFINITION_SHAPE('','',#5038);
#6537=SHAPE_DEFINITION_REPRESENTATION(#5036,#5029);
#5028=DRAUGHTING_MODEL('',(#6534),#5027);
#6538=(NAMED_UNIT(*)PLANE_ANGLE_UNIT()SI_UNIT($,.RADIAN.));
#6539=PLANE_ANGLE_MEASURE_WITH_UNIT(PLANE_ANGLE_MEASURE(0.0174532925),#6538);
#6540=(CONVERSION_BASED_UNIT('DEGREE',#6539)NAMED_UNIT(#6541)PLANE_ANGLE_UNIT());
#6541=DIMENSIONAL_EXPONENTS(0.,0.,0.,0.,0.,0.,0.);
#6542=(NAMED_UNIT(*)SI_UNIT($,.STERADIAN.)SOLID_ANGLE_UNIT());
#6543=(LENGTH_UNIT()NAMED_UNIT(*)SI_UNIT(.MILLI.,.METRE.));
#6544=UNCERTAINTY_MEASURE_WITH_UNIT(LENGTH_MEASURE(1.000000E-05),#6543,'DISTANCE_ACCURACY_VALUE','Maximum Tolerance applied to model');
#6545=(GEOMETRIC_REPRESENTATION_CONTEXT(3)GLOBAL_UNCERTAINTY_ASSIGNED_CONTEXT((#6544))GLOBAL_UNIT_ASSIGNED_CONTEXT((#6543,#6540,#6542))REPRESENTATION_CONTEXT('','mount.SLDPRT'));
#6557=CARTESIAN_POINT('',(0.,0.,0.));
#6558=DIRECTION('',(0.,0.,1.));
#6559=DIRECTION('',(1.,0.,-0.));
#6560=AXIS2_PLACEMENT_3D('',#6557,#6558,#6559);
#6561=ITEM_DEFINED_TRANSFORMATION('','',#6560,#15);
#6562=(REPRESENTATION_RELATIONSHIP('','',#6547,#16)REPRESENTATION_RELATIONSHIP_WITH_TRANSFORMATION(#6561)SHAPE_REPRESENTATION_RELATIONSHIP());
#6563=NEXT_ASSEMBLY_USAGE_OCCURRENCE('mount.SLDPRT_6','mount.SLDPRT','mount.SLDPRT',#25,#6556,$);
#6564=PRODUCT_DEFINITION_SHAPE('','',#6563);
#6565=CONTEXT_DEPENDENT_SHAPE_REPRESENTATION(#6562,#6564);
#6567=CARTESIAN_POINT('',(52.8,148.5,31.1));
#6568=DIRECTION('',(1.,0.,-0.));
#6569=DIRECTION('',(-0.,-0.,-1.));
#6570=AXIS2_PLACEMENT_3D('',#6567,#6568,#6569);
#6571=PLANE('',#6570);
#6572=CARTESIAN_POINT('',(52.8,135.5,14.2));
#6573=VERTEX_POINT('',#6572);
#6574=CARTESIAN_POINT('',(52.8,135.5,22.));
#6575=VERTEX_POINT('',#6574);
#6576=CARTESIAN_POINT('',(52.8,135.5,18.1));
#6577=DIRECTION('',(1.,0.,-0.));
#6578=DIRECTION('',(-0.,-0.,-1.));
#6579=AXIS2_PLACEMENT_3D('',#6576,#6577,#6578);
#6580=CIRCLE('',#6579,3.9);
#6581=EDGE_CURVE('',#6573,#6575,#6580,.T.);
#6582=ORIENTED_EDGE('',*,*,#6581,.T.);
#6583=CARTESIAN_POINT('',(52.8,135.5,18.1));
#6584=DIRECTION('',(1.,0.,-0.));
#6585=DIRECTION('',(-0.,-0.,-1.));
#6586=AXIS2_PLACEMENT_3D('',#6583,#6584,#6585);
#6587=CIRCLE('',#6586,3.9);
#6588=EDGE_CURVE('',#6575,#6573,#6587,.T.);
#6589=ORIENTED_EDGE('',*,*,#6588,.T.);
#6590=EDGE_LOOP('',(#6582,#6589));
#6591=FACE_BOUND('',#6590,.T.);
#6592=CARTESIAN_POINT('',(52.8,127.,16.5));
#6593=VERTEX_POINT('',#6592);
#6594=CARTESIAN_POINT('',(52.8,127.,19.7));
#6595=VERTEX_POINT('',#6594);
#6596=CARTESIAN_POINT('',(52.8,127.,18.1));
#6597=DIRECTION('',(1.,0.,-0.));
#6598=DIRECTION('',(-0.,-0.,-1.));
#6599=AXIS2_PLACEMENT_3D('',#6596,#6597,#6598);
#6600=CIRCLE('',#6599,1.6);
#6601=EDGE_CURVE('',#6593,#6595,#6600,.T.);
#6602=ORIENTED_EDGE('',*,*,#6601,.T.);
#6603=CARTESIAN_POINT('',(52.8,127.,18.1));
#6604=DIRECTION('',(1.,0.,-0.));
#6605=DIRECTION('',(-0.,-0.,-1.));
#6606=AXIS2_PLACEMENT_3D('',#6603,#6604,#6605);
#6607=CIRCLE('',#6606,1.6);
#6608=EDGE_CURVE('',#6595,#6593,#6607,.T.);
#6609=ORIENTED_EDGE('',*,*,#6608,.T.);
#6610=EDGE_LOOP('',(#6602,#6609));
#6611=FACE_BOUND('',#6610,.T.);
#6612=CARTESIAN_POINT('',(52.8,144.,16.5));
#6613=VERTEX_POINT('',#6612);
#6614=CARTESIAN_POINT('',(52.8,144.,19.7));
#6615=VERTEX_POINT('',#6614);
#6616=CARTESIAN_POINT('',(52.8,144.,18.1));
#6617=DIRECTION('',(1.,0.,-0.));
#6618=DIRECTION('',(-0.,-0.,-1.));
#6619=AXIS2_PLACEMENT_3D('',#6616,#6617,#6618);
#6620=CIRCLE('',#6619,1.6);
#6621=EDGE_CURVE('',#6613,#6615,#6620,.T.);
#6622=ORIENTED_EDGE('',*,*,#6621,.T.);
#6623=CARTESIAN_POINT('',(52.8,144.,18.1));
#6624=DIRECTION('',(1.,0.,-0.));
#6625=DIRECTION('',(-0.,-0.,-1.));
#6626=AXIS2_PLACEMENT_3D('',#6623,#6624,#6625);
#6627=CIRCLE('',#6626,1.6);
#6628=EDGE_CURVE('',#6615,#6613,#6627,.T.);
#6629=ORIENTED_EDGE('',*,*,#6628,.T.);
#6630=EDGE_LOOP('',(#6622,#6629));
#6631=FACE_BOUND('',#6630,.T.);
#6632=CARTESIAN_POINT('',(52.8,146.5,10.888675135));
#6633=VERTEX_POINT('',#6632);
#6634=CARTESIAN_POINT('',(52.8,146.5,4.1));
#6635=VERTEX_POINT('',#6634);
#6636=CARTESIAN_POINT('',(52.8,146.5,10.888675135));
#6637=DIRECTION('',(-0.,-0.,-1.));
#6638=VECTOR('',#6637,6.788675135);
#6639=LINE('',#6636,#6638);
#6640=EDGE_CURVE('',#6633,#6635,#6639,.T.);
#6641=ORIENTED_EDGE('',*,*,#6640,.T.);
#6642=CARTESIAN_POINT('',(52.8,124.5,4.1));
#6643=VERTEX_POINT('',#6642);
#6644=CARTESIAN_POINT('',(52.8,146.5,4.1));
#6645=DIRECTION('',(0.,-1.,0.));
#6646=VECTOR('',#6645,22.);
#6647=LINE('',#6644,#6646);
#6648=EDGE_CURVE('',#6635,#6643,#6647,.T.);
#6649=ORIENTED_EDGE('',*,*,#6648,.T.);
#6650=CARTESIAN_POINT('',(52.8,124.5,10.888675135));
#6651=VERTEX_POINT('',#6650);
#6652=CARTESIAN_POINT('',(52.8,124.5,10.888675135));
#6653=DIRECTION('',(-0.,-0.,-1.));
#6654=VECTOR('',#6653,6.788675135);
#6655=LINE('',#6652,#6654);
#6656=EDGE_CURVE('',#6651,#6643,#6655,.T.);
#6657=ORIENTED_EDGE('',*,*,#6656,.F.);
#6658=CARTESIAN_POINT('',(52.8,122.5,10.888675135));
#6659=VERTEX_POINT('',#6658);
#6660=CARTESIAN_POINT('',(52.8,124.5,10.888675135));
#6661=DIRECTION('',(0.,-1.,0.));
#6662=VECTOR('',#6661,2.);
#6663=LINE('',#6660,#6662);
#6664=EDGE_CURVE('',#6651,#6659,#6663,.T.);
#6665=ORIENTED_EDGE('',*,*,#6664,.T.);
#6666=CARTESIAN_POINT('',(52.8,122.5,18.1));
#6667=VERTEX_POINT('',#6666);
#6668=CARTESIAN_POINT('',(52.8,122.5,10.888675135));
#6669=DIRECTION('',(0.,0.,1.));
#6670=VECTOR('',#6669,7.211324865);
#6671=LINE('',#6668,#6670);
#6672=EDGE_CURVE('',#6659,#6667,#6671,.T.);
#6673=ORIENTED_EDGE('',*,*,#6672,.T.);
#6674=CARTESIAN_POINT('',(52.8,135.5,31.1));
#6675=VERTEX_POINT('',#6674);
#6676=CARTESIAN_POINT('',(52.8,135.5,18.1));
#6677=DIRECTION('',(-1.,-0.,0.));
#6678=DIRECTION('',(-0.,-0.,-1.));
#6679=AXIS2_PLACEMENT_3D('',#6676,#6677,#6678);
#6680=CIRCLE('',#6679,13.);
#6681=EDGE_CURVE('',#6667,#6675,#6680,.T.);
#6682=ORIENTED_EDGE('',*,*,#6681,.T.);
#6683=CARTESIAN_POINT('',(52.8,148.5,18.1));
#6684=VERTEX_POINT('',#6683);
#6685=CARTESIAN_POINT('',(52.8,135.5,18.1));
#6686=DIRECTION('',(-1.,-0.,0.));
#6687=DIRECTION('',(-0.,-0.,-1.));
#6688=AXIS2_PLACEMENT_3D('',#6685,#6686,#6687);
#6689=CIRCLE('',#6688,13.);
#6690=EDGE_CURVE('',#6675,#6684,#6689,.T.);
#6691=ORIENTED_EDGE('',*,*,#6690,.T.);
#6692=CARTESIAN_POINT('',(52.8,148.5,10.888675135));
#6693=VERTEX_POINT('',#6692);
#6694=CARTESIAN_POINT('',(52.8,148.5,10.888675135));
#6695=DIRECTION('',(0.,0.,1.));
#6696=VECTOR('',#6695,7.211324865);
#6697=LINE('',#6694,#6696);
#6698=EDGE_CURVE('',#6693,#6684,#6697,.T.);
#6699=ORIENTED_EDGE('',*,*,#6698,.F.);
#6700=CARTESIAN_POINT('',(52.8,148.5,10.888675135));
#6701=DIRECTION('',(0.,-1.,0.));
#6702=VECTOR('',#6701,2.);
#6703=LINE('',#6700,#6702);
#6704=EDGE_CURVE('',#6693,#6633,#6703,.T.);
#6705=ORIENTED_EDGE('',*,*,#6704,.T.);
#6706=EDGE_LOOP('',(#6641,#6649,#6657,#6665,#6673,#6682,#6691,#6699,#6705));
#6707=FACE_BOUND('',#6706,.T.);
#6708=ADVANCED_FACE('',(#6591,#6611,#6631,#6707),#6571,.F.);
#6709=CARTESIAN_POINT('',(52.8,148.5,0.6));
#6710=DIRECTION('',(-0.,-0.,-1.));
#6711=DIRECTION('',(0.,-1.,0.));
#6712=AXIS2_PLACEMENT_3D('',#6709,#6710,#6711);
#6713=PLANE('',#6712);
#6714=CARTESIAN_POINT('',(39.3,130.5,0.6));
#6715=VERTEX_POINT('',#6714);
#6716=CARTESIAN_POINT('',(39.3,135.5,0.6));
#6717=DIRECTION('',(-0.,-0.,-1.));
#6718=DIRECTION('',(0.,-1.,0.));
#6719=AXIS2_PLACEMENT_3D('',#6716,#6717,#6718);
#6720=CIRCLE('',#6719,5.);
#6721=EDGE_CURVE('',#6715,#6715,#6720,.T.);
#6722=ORIENTED_EDGE('',*,*,#6721,.T.);
#6723=EDGE_LOOP('',(#6722));
#6724=FACE_BOUND('',#6723,.T.);
#6725=CARTESIAN_POINT('',(46.3,141.5,0.6));
#6726=VERTEX_POINT('',#6725);
#6727=CARTESIAN_POINT('',(46.3,145.5,0.6));
#6728=VERTEX_POINT('',#6727);
#6729=CARTESIAN_POINT('',(46.3,143.5,0.6));
#6730=DIRECTION('',(-0.,-0.,-1.));
#6731=DIRECTION('',(0.,-1.,0.));
#6732=AXIS2_PLACEMENT_3D('',#6729,#6730,#6731);
#6733=CIRCLE('',#6732,2.);
#6734=EDGE_CURVE('',#6726,#6728,#6733,.T.);
#6735=ORIENTED_EDGE('',*,*,#6734,.T.);
#6736=CARTESIAN_POINT('',(46.3,143.5,0.6));
#6737=DIRECTION('',(-0.,-0.,-1.));
#6738=DIRECTION('',(0.,-1.,0.));
#6739=AXIS2_PLACEMENT_3D('',#6736,#6737,#6738);
#6740=CIRCLE('',#6739,2.);
#6741=EDGE_CURVE('',#6728,#6726,#6740,.T.);
#6742=ORIENTED_EDGE('',*,*,#6741,.T.);
#6743=EDGE_LOOP('',(#6735,#6742));
#6744=FACE_BOUND('',#6743,.T.);
#6745=CARTESIAN_POINT('',(46.3,125.5,0.6));
#6746=VERTEX_POINT('',#6745);
#6747=CARTESIAN_POINT('',(46.3,129.5,0.6));
#6748=VERTEX_POINT('',#6747);
#6749=CARTESIAN_POINT('',(46.3,127.5,0.6));
#6750=DIRECTION('',(-0.,-0.,-1.));
#6751=DIRECTION('',(0.,-1.,0.));
#6752=AXIS2_PLACEMENT_3D('',#6749,#6750,#6751);
#6753=CIRCLE('',#6752,2.);
#6754=EDGE_CURVE('',#6746,#6748,#6753,.T.);
#6755=ORIENTED_EDGE('',*,*,#6754,.T.);
#6756=CARTESIAN_POINT('',(46.3,127.5,0.6));
#6757=DIRECTION('',(-0.,-0.,-1.));
#6758=DIRECTION('',(0.,-1.,0.));
#6759=AXIS2_PLACEMENT_3D('',#6756,#6757,#6758);
#6760=CIRCLE('',#6759,2.);
#6761=EDGE_CURVE('',#6748,#6746,#6760,.T.);
#6762=ORIENTED_EDGE('',*,*,#6761,.T.);
#6763=EDGE_LOOP('',(#6755,#6762));
#6764=FACE_BOUND('',#6763,.T.);
#6765=CARTESIAN_POINT('',(32.3,125.5,0.6));
#6766=VERTEX_POINT('',#6765);
#6767=CARTESIAN_POINT('',(32.3,129.5,0.6));
#6768=VERTEX_POINT('',#6767);
#6769=CARTESIAN_POINT('',(32.3,127.5,0.6));
#6770=DIRECTION('',(-0.,-0.,-1.));
#6771=DIRECTION('',(0.,-1.,0.));
#6772=AXIS2_PLACEMENT_3D('',#6769,#6770,#6771);
#6773=CIRCLE('',#6772,2.);
#6774=EDGE_CURVE('',#6766,#6768,#6773,.T.);
#6775=ORIENTED_EDGE('',*,*,#6774,.T.);
#6776=CARTESIAN_POINT('',(32.3,127.5,0.6));
#6777=DIRECTION('',(-0.,-0.,-1.));
#6778=DIRECTION('',(0.,-1.,0.));
#6779=AXIS2_PLACEMENT_3D('',#6776,#6777,#6778);
#6780=CIRCLE('',#6779,2.);
#6781=EDGE_CURVE('',#6768,#6766,#6780,.T.);
#6782=ORIENTED_EDGE('',*,*,#6781,.T.);
#6783=EDGE_LOOP('',(#6775,#6782));
#6784=FACE_BOUND('',#6783,.T.);
#6785=CARTESIAN_POINT('',(32.3,141.5,0.6));
#6786=VERTEX_POINT('',#6785);
#6787=CARTESIAN_POINT('',(32.3,145.5,0.6));
#6788=VERTEX_POINT('',#6787);
#6789=CARTESIAN_POINT('',(32.3,143.5,0.6));
#6790=DIRECTION('',(-0.,-0.,-1.));
#6791=DIRECTION('',(0.,-1.,0.));
#6792=AXIS2_PLACEMENT_3D('',#6789,#6790,#6791);
#6793=CIRCLE('',#6792,2.);
#6794=EDGE_CURVE('',#6786,#6788,#6793,.T.);
#6795=ORIENTED_EDGE('',*,*,#6794,.T.);
#6796=CARTESIAN_POINT('',(32.3,143.5,0.6));
#6797=DIRECTION('',(-0.,-0.,-1.));
#6798=DIRECTION('',(0.,-1.,0.));
#6799=AXIS2_PLACEMENT_3D('',#6796,#6797,#6798);
#6800=CIRCLE('',#6799,2.);
#6801=EDGE_CURVE('',#6788,#6786,#6800,.T.);
#6802=ORIENTED_EDGE('',*,*,#6801,.T.);
#6803=EDGE_LOOP('',(#6795,#6802));
#6804=FACE_BOUND('',#6803,.T.);
#6805=CARTESIAN_POINT('',(49.3,124.5,0.6));
#6806=VERTEX_POINT('',#6805);
#6807=CARTESIAN_POINT('',(35.345517328,124.5,0.6));
#6808=VERTEX_POINT('',#6807);
#6809=CARTESIAN_POINT('',(49.3,124.5,0.6));
#6810=DIRECTION('',(-1.,-0.,-0.));
#6811=VECTOR('',#6810,13.954482672);
#6812=LINE('',#6809,#6811);
#6813=EDGE_CURVE('',#6806,#6808,#6812,.T.);
#6814=ORIENTED_EDGE('',*,*,#6813,.F.);
#6815=CARTESIAN_POINT('',(49.3,146.5,0.6));
#6816=VERTEX_POINT('',#6815);
#6817=CARTESIAN_POINT('',(49.3,124.5,0.6));
#6818=DIRECTION('',(-0.,1.,-0.));
#6819=VECTOR('',#6818,22.);
#6820=LINE('',#6817,#6819);
#6821=EDGE_CURVE('',#6806,#6816,#6820,.T.);
#6822=ORIENTED_EDGE('',*,*,#6821,.T.);
#6823=CARTESIAN_POINT('',(35.345517328,146.5,0.6));
#6824=VERTEX_POINT('',#6823);
#6825=CARTESIAN_POINT('',(49.3,146.5,0.6));
#6826=DIRECTION('',(-1.,-0.,-0.));
#6827=VECTOR('',#6826,13.954482672);
#6828=LINE('',#6825,#6827);
#6829=EDGE_CURVE('',#6816,#6824,#6828,.T.);
#6830=ORIENTED_EDGE('',*,*,#6829,.T.);
#6831=CARTESIAN_POINT('',(35.345517328,148.5,0.6));
#6832=VERTEX_POINT('',#6831);
#6833=CARTESIAN_POINT('',(35.345517328,146.5,0.6));
#6834=DIRECTION('',(-0.,1.,-0.));
#6835=VECTOR('',#6834,2.);
#6836=LINE('',#6833,#6835);
#6837=EDGE_CURVE('',#6824,#6832,#6836,.T.);
#6838=ORIENTED_EDGE('',*,*,#6837,.T.);
#6839=CARTESIAN_POINT('',(28.8,148.5,0.6));
#6840=VERTEX_POINT('',#6839);
#6841=CARTESIAN_POINT('',(28.8,148.5,0.6));
#6842=DIRECTION('',(1.,0.,-0.));
#6843=VECTOR('',#6842,6.545517328);
#6844=LINE('',#6841,#6843);
#6845=EDGE_CURVE('',#6840,#6832,#6844,.T.);
#6846=ORIENTED_EDGE('',*,*,#6845,.F.);
#6847=CARTESIAN_POINT('',(26.3,146.,0.6));
#6848=VERTEX_POINT('',#6847);
#6849=CARTESIAN_POINT('',(28.8,146.,0.6));
#6850=DIRECTION('',(0.,0.,1.));
#6851=DIRECTION('',(0.,-1.,0.));
#6852=AXIS2_PLACEMENT_3D('',#6849,#6850,#6851);
#6853=CIRCLE('',#6852,2.5);
#6854=EDGE_CURVE('',#6840,#6848,#6853,.T.);
#6855=ORIENTED_EDGE('',*,*,#6854,.T.);
#6856=CARTESIAN_POINT('',(26.3,125.,0.6));
#6857=VERTEX_POINT('',#6856);
#6858=CARTESIAN_POINT('',(26.3,146.,0.6));
#6859=DIRECTION('',(0.,-1.,0.));
#6860=VECTOR('',#6859,21.);
#6861=LINE('',#6858,#6860);
#6862=EDGE_CURVE('',#6848,#6857,#6861,.T.);
#6863=ORIENTED_EDGE('',*,*,#6862,.T.);
#6864=CARTESIAN_POINT('',(28.8,122.5,0.6));
#6865=VERTEX_POINT('',#6864);
#6866=CARTESIAN_POINT('',(28.8,125.,0.6));
#6867=DIRECTION('',(0.,0.,1.));
#6868=DIRECTION('',(0.,-1.,0.));
#6869=AXIS2_PLACEMENT_3D('',#6866,#6867,#6868);
#6870=CIRCLE('',#6869,2.5);
#6871=EDGE_CURVE('',#6857,#6865,#6870,.T.);
#6872=ORIENTED_EDGE('',*,*,#6871,.T.);
#6873=CARTESIAN_POINT('',(35.345517328,122.5,0.6));
#6874=VERTEX_POINT('',#6873);
#6875=CARTESIAN_POINT('',(28.8,122.5,0.6));
#6876=DIRECTION('',(1.,0.,-0.));
#6877=VECTOR('',#6876,6.545517328);
#6878=LINE('',#6875,#6877);
#6879=EDGE_CURVE('',#6865,#6874,#6878,.T.);
#6880=ORIENTED_EDGE('',*,*,#6879,.T.);
#6881=CARTESIAN_POINT('',(35.345517328,122.5,0.6));
#6882=DIRECTION('',(-0.,1.,-0.));
#6883=VECTOR('',#6882,2.);
#6884=LINE('',#6881,#6883);
#6885=EDGE_CURVE('',#6874,#6808,#6884,.T.);
#6886=ORIENTED_EDGE('',*,*,#6885,.T.);
#6887=EDGE_LOOP('',(#6814,#6822,#6830,#6838,#6846,#6855,#6863,#6872,#6880,#6886));
#6888=FACE_BOUND('',#6887,.T.);
#6889=ADVANCED_FACE('',(#6724,#6744,#6764,#6784,#6804,#6888),#6713,.F.);
#6890=CARTESIAN_POINT('',(57.3,148.5,0.6));
#6891=DIRECTION('',(-1.,-0.,0.));
#6892=DIRECTION('',(0.,-1.,0.));
#6893=AXIS2_PLACEMENT_3D('',#6890,#6891,#6892);
#6894=PLANE('',#6893);
#6895=CARTESIAN_POINT('',(57.3,123.9,18.1));
#6896=VERTEX_POINT('',#6895);
#6897=CARTESIAN_POINT('',(57.3,130.1,18.1));
#6898=VERTEX_POINT('',#6897);
#6899=CARTESIAN_POINT('',(57.3,127.,18.1));
#6900=DIRECTION('',(-1.,-0.,0.));
#6901=DIRECTION('',(0.,-1.,0.));
#6902=AXIS2_PLACEMENT_3D('',#6899,#6900,#6901);
#6903=CIRCLE('',#6902,3.1);
#6904=EDGE_CURVE('',#6896,#6898,#6903,.T.);
#6905=ORIENTED_EDGE('',*,*,#6904,.T.);
#6906=CARTESIAN_POINT('',(57.3,127.,18.1));
#6907=DIRECTION('',(-1.,-0.,0.));
#6908=DIRECTION('',(0.,-1.,0.));
#6909=AXIS2_PLACEMENT_3D('',#6906,#6907,#6908);
#6910=CIRCLE('',#6909,3.1);
#6911=EDGE_CURVE('',#6898,#6896,#6910,.T.);
#6912=ORIENTED_EDGE('',*,*,#6911,.T.);
#6913=EDGE_LOOP('',(#6905,#6912));
#6914=FACE_BOUND('',#6913,.T.);
#6915=CARTESIAN_POINT('',(57.3,140.9,18.1));
#6916=VERTEX_POINT('',#6915);
#6917=CARTESIAN_POINT('',(57.3,147.1,18.1));
#6918=VERTEX_POINT('',#6917);
#6919=CARTESIAN_POINT('',(57.3,144.,18.1));
#6920=DIRECTION('',(-1.,-0.,0.));
#6921=DIRECTION('',(0.,-1.,0.));
#6922=AXIS2_PLACEMENT_3D('',#6919,#6920,#6921);
#6923=CIRCLE('',#6922,3.1);
#6924=EDGE_CURVE('',#6916,#6918,#6923,.T.);
#6925=ORIENTED_EDGE('',*,*,#6924,.T.);
#6926=CARTESIAN_POINT('',(57.3,144.,18.1));
#6927=DIRECTION('',(-1.,-0.,0.));
#6928=DIRECTION('',(0.,-1.,0.));
#6929=AXIS2_PLACEMENT_3D('',#6926,#6927,#6928);
#6930=CIRCLE('',#6929,3.1);
#6931=EDGE_CURVE('',#6918,#6916,#6930,.T.);
#6932=ORIENTED_EDGE('',*,*,#6931,.T.);
#6933=EDGE_LOOP('',(#6925,#6932));
#6934=FACE_BOUND('',#6933,.T.);
#6935=CARTESIAN_POINT('',(57.3,131.6,18.1));
#6936=VERTEX_POINT('',#6935);
#6937=CARTESIAN_POINT('',(57.3,135.5,22.));
#6938=VERTEX_POINT('',#6937);
#6939=CARTESIAN_POINT('',(57.3,135.5,18.1));
#6940=DIRECTION('',(-1.,-0.,0.));
#6941=DIRECTION('',(0.,-1.,0.));
#6942=AXIS2_PLACEMENT_3D('',#6939,#6940,#6941);
#6943=CIRCLE('',#6942,3.9);
#6944=EDGE_CURVE('',#6936,#6938,#6943,.T.);
#6945=ORIENTED_EDGE('',*,*,#6944,.T.);
#6946=CARTESIAN_POINT('',(57.3,135.5,18.1));
#6947=DIRECTION('',(-1.,-0.,0.));
#6948=DIRECTION('',(0.,-1.,0.));
#6949=AXIS2_PLACEMENT_3D('',#6946,#6947,#6948);
#6950=CIRCLE('',#6949,3.9);
#6951=EDGE_CURVE('',#6938,#6936,#6950,.T.);
#6952=ORIENTED_EDGE('',*,*,#6951,.T.);
#6953=EDGE_LOOP('',(#6945,#6952));
#6954=FACE_BOUND('',#6953,.T.);
#6955=CARTESIAN_POINT('',(57.3,148.5,18.1));
#6956=VERTEX_POINT('',#6955);
#6957=CARTESIAN_POINT('',(57.3,135.5,31.1));
#6958=VERTEX_POINT('',#6957);
#6959=CARTESIAN_POINT('',(57.3,135.5,18.1));
#6960=DIRECTION('',(1.,0.,-0.));
#6961=DIRECTION('',(0.,-1.,0.));
#6962=AXIS2_PLACEMENT_3D('',#6959,#6960,#6961);
#6963=CIRCLE('',#6962,13.);
#6964=EDGE_CURVE('',#6956,#6958,#6963,.T.);
#6965=ORIENTED_EDGE('',*,*,#6964,.T.);
#6966=CARTESIAN_POINT('',(57.3,122.5,18.1));
#6967=VERTEX_POINT('',#6966);
#6968=CARTESIAN_POINT('',(57.3,135.5,18.1));
#6969=DIRECTION('',(1.,0.,-0.));
#6970=DIRECTION('',(0.,-1.,0.));
#6971=AXIS2_PLACEMENT_3D('',#6968,#6969,#6970);
#6972=CIRCLE('',#6971,13.);
#6973=EDGE_CURVE('',#6958,#6967,#6972,.T.);
#6974=ORIENTED_EDGE('',*,*,#6973,.T.);
#6975=CARTESIAN_POINT('',(57.3,122.5,0.6));
#6976=VERTEX_POINT('',#6975);
#6977=CARTESIAN_POINT('',(57.3,122.5,18.1));
#6978=DIRECTION('',(-0.,-0.,-1.));
#6979=VECTOR('',#6978,17.5);
#6980=LINE('',#6977,#6979);
#6981=EDGE_CURVE('',#6967,#6976,#6980,.T.);
#6982=ORIENTED_EDGE('',*,*,#6981,.T.);
#6983=CARTESIAN_POINT('',(57.3,148.5,0.6));
#6984=VERTEX_POINT('',#6983);
#6985=CARTESIAN_POINT('',(57.3,148.5,0.6));
#6986=DIRECTION('',(0.,-1.,0.));
#6987=VECTOR('',#6986,26.);
#6988=LINE('',#6985,#6987);
#6989=EDGE_CURVE('',#6984,#6976,#6988,.T.);
#6990=ORIENTED_EDGE('',*,*,#6989,.F.);
#6991=CARTESIAN_POINT('',(57.3,148.5,18.1));
#6992=DIRECTION('',(-0.,-0.,-1.));
#6993=VECTOR('',#6992,17.5);
#6994=LINE('',#6991,#6993);
#6995=EDGE_CURVE('',#6956,#6984,#6994,.T.);
#6996=ORIENTED_EDGE('',*,*,#6995,.F.);
#6997=EDGE_LOOP('',(#6965,#6974,#6982,#6990,#6996));
#6998=FACE_BOUND('',#6997,.T.);
#6999=ADVANCED_FACE('',(#6914,#6934,#6954,#6998),#6894,.F.);
#7000=CARTESIAN_POINT('',(54.8,122.5,0.6));
#7001=DIRECTION('',(-0.,1.,-0.));
#7002=DIRECTION('',(-1.,-0.,0.));
#7003=AXIS2_PLACEMENT_3D('',#7000,#7001,#7002);
#7004=PLANE('',#7003);
#7005=ORIENTED_EDGE('',*,*,#6672,.F.);
#7006=CARTESIAN_POINT('',(52.55,122.5,10.455662433));
#7007=VERTEX_POINT('',#7006);
#7008=CARTESIAN_POINT('',(52.3,122.5,10.888675135));
#7009=DIRECTION('',(-0.,1.,-0.));
#7010=DIRECTION('',(-1.,-0.,0.));
#7011=AXIS2_PLACEMENT_3D('',#7008,#7009,#7010);
#7012=CIRCLE('',#7011,0.5);
#7013=EDGE_CURVE('',#6659,#7007,#7012,.T.);
#7014=ORIENTED_EDGE('',*,*,#7013,.T.);
#7015=CARTESIAN_POINT('',(35.595517328,122.5,0.666987298));
#7016=VERTEX_POINT('',#7015);
#7017=CARTESIAN_POINT('',(35.595517328,122.5,0.666987298));
#7018=DIRECTION('',(0.866025404,0.,0.5));
#7019=VECTOR('',#7018,19.577350269);
#7020=LINE('',#7017,#7019);
#7021=EDGE_CURVE('',#7016,#7007,#7020,.T.);
#7022=ORIENTED_EDGE('',*,*,#7021,.F.);
#7023=CARTESIAN_POINT('',(35.345517328,122.5,1.1));
#7024=DIRECTION('',(-0.,1.,-0.));
#7025=DIRECTION('',(-1.,-0.,0.));
#7026=AXIS2_PLACEMENT_3D('',#7023,#7024,#7025);
#7027=CIRCLE('',#7026,0.5);
#7028=EDGE_CURVE('',#7016,#6874,#7027,.T.);
#7029=ORIENTED_EDGE('',*,*,#7028,.T.);
#7030=ORIENTED_EDGE('',*,*,#6879,.F.);
#7031=CARTESIAN_POINT('',(28.8,122.5,-1.9));
#7032=VERTEX_POINT('',#7031);
#7033=CARTESIAN_POINT('',(28.8,122.5,0.6));
#7034=DIRECTION('',(-0.,-0.,-1.));
#7035=VECTOR('',#7034,2.5);
#7036=LINE('',#7033,#7035);
#7037=EDGE_CURVE('',#6865,#7032,#7036,.T.);
#7038=ORIENTED_EDGE('',*,*,#7037,.T.);
#7039=CARTESIAN_POINT('',(54.8,122.5,-1.9));
#7040=VERTEX_POINT('',#7039);
#7041=CARTESIAN_POINT('',(54.8,122.5,-1.9));
#7042=DIRECTION('',(-1.,-0.,0.));
#7043=VECTOR('',#7042,26.);
#7044=LINE('',#7041,#7043);
#7045=EDGE_CURVE('',#7040,#7032,#7044,.T.);
#7046=ORIENTED_EDGE('',*,*,#7045,.F.);
#7047=CARTESIAN_POINT('',(54.8,122.5,0.6));
#7048=DIRECTION('',(-0.,1.,-0.));
#7049=DIRECTION('',(-1.,-0.,0.));
#7050=AXIS2_PLACEMENT_3D('',#7047,#7048,#7049);
#7051=CIRCLE('',#7050,2.5);
#7052=EDGE_CURVE('',#6976,#7040,#7051,.T.);
#7053=ORIENTED_EDGE('',*,*,#7052,.F.);
#7054=ORIENTED_EDGE('',*,*,#6981,.F.);
#7055=CARTESIAN_POINT('',(52.8,122.5,18.1));
#7056=DIRECTION('',(1.,0.,-0.));
#7057=VECTOR('',#7056,4.5);
#7058=LINE('',#7055,#7057);
#7059=EDGE_CURVE('',#6667,#6967,#7058,.T.);
#7060=ORIENTED_EDGE('',*,*,#7059,.F.);
#7061=EDGE_LOOP('',(#7005,#7014,#7022,#7029,#7030,#7038,#7046,#7053,#7054,#7060));
#7062=FACE_BOUND('',#7061,.T.);
#7063=ADVANCED_FACE('',(#7062),#7004,.F.);
#7064=CARTESIAN_POINT('',(54.8,148.5,0.6));
#7065=DIRECTION('',(-0.,1.,-0.));
#7066=DIRECTION('',(-1.,-0.,0.));
#7067=AXIS2_PLACEMENT_3D('',#7064,#7065,#7066);
#7068=PLANE('',#7067);
#7069=ORIENTED_EDGE('',*,*,#6845,.T.);
#7070=CARTESIAN_POINT('',(35.595517328,148.5,0.666987298));
#7071=VERTEX_POINT('',#7070);
#7072=CARTESIAN_POINT('',(35.345517328,148.5,1.1));
#7073=DIRECTION('',(0.,-1.,0.));
#7074=DIRECTION('',(-1.,-0.,0.));
#7075=AXIS2_PLACEMENT_3D('',#7072,#7073,#7074);
#7076=CIRCLE('',#7075,0.5);
#7077=EDGE_CURVE('',#6832,#7071,#7076,.T.);
#7078=ORIENTED_EDGE('',*,*,#7077,.T.);
#7079=CARTESIAN_POINT('',(52.55,148.5,10.455662433));
#7080=VERTEX_POINT('',#7079);
#7081=CARTESIAN_POINT('',(35.595517328,148.5,0.666987298));
#7082=DIRECTION('',(0.866025404,0.,0.5));
#7083=VECTOR('',#7082,19.577350269);
#7084=LINE('',#7081,#7083);
#7085=EDGE_CURVE('',#7071,#7080,#7084,.T.);
#7086=ORIENTED_EDGE('',*,*,#7085,.T.);
#7087=CARTESIAN_POINT('',(52.3,148.5,10.888675135));
#7088=DIRECTION('',(0.,-1.,0.));
#7089=DIRECTION('',(-1.,-0.,0.));
#7090=AXIS2_PLACEMENT_3D('',#7087,#7088,#7089);
#7091=CIRCLE('',#7090,0.5);
#7092=EDGE_CURVE('',#7080,#6693,#7091,.T.);
#7093=ORIENTED_EDGE('',*,*,#7092,.T.);
#7094=ORIENTED_EDGE('',*,*,#6698,.T.);
#7095=CARTESIAN_POINT('',(52.8,148.5,18.1));
#7096=DIRECTION('',(1.,0.,-0.));
#7097=VECTOR('',#7096,4.5);
#7098=LINE('',#7095,#7097);
#7099=EDGE_CURVE('',#6684,#6956,#7098,.T.);
#7100=ORIENTED_EDGE('',*,*,#7099,.T.);
#7101=ORIENTED_EDGE('',*,*,#6995,.T.);
#7102=CARTESIAN_POINT('',(54.8,148.5,-1.9));
#7103=VERTEX_POINT('',#7102);
#7104=CARTESIAN_POINT('',(54.8,148.5,0.6));
#7105=DIRECTION('',(-0.,1.,-0.));
#7106=DIRECTION('',(-1.,-0.,0.));
#7107=AXIS2_PLACEMENT_3D('',#7104,#7105,#7106);
#7108=CIRCLE('',#7107,2.5);
#7109=EDGE_CURVE('',#6984,#7103,#7108,.T.);
#7110=ORIENTED_EDGE('',*,*,#7109,.T.);
#7111=CARTESIAN_POINT('',(28.8,148.5,-1.9));
#7112=VERTEX_POINT('',#7111);
#7113=CARTESIAN_POINT('',(54.8,148.5,-1.9));
#7114=DIRECTION('',(-1.,-0.,0.));
#7115=VECTOR('',#7114,26.);
#7116=LINE('',#7113,#7115);
#7117=EDGE_CURVE('',#7103,#7112,#7116,.T.);
#7118=ORIENTED_EDGE('',*,*,#7117,.T.);
#7119=CARTESIAN_POINT('',(28.8,148.5,-1.9));
#7120=DIRECTION('',(0.,0.,1.));
#7121=VECTOR('',#7120,2.5);
#7122=LINE('',#7119,#7121);
#7123=EDGE_CURVE('',#7112,#6840,#7122,.T.);
#7124=ORIENTED_EDGE('',*,*,#7123,.T.);
#7125=EDGE_LOOP('',(#7069,#7078,#7086,#7093,#7094,#7100,#7101,#7110,#7118,#7124));
#7126=FACE_BOUND('',#7125,.T.);
#7127=ADVANCED_FACE('',(#7126),#7068,.T.);
#7128=CARTESIAN_POINT('',(54.8,148.5,0.6));
#7129=DIRECTION('',(0.,-1.,0.));
#7130=DIRECTION('',(1.,0.,-0.));
#7131=AXIS2_PLACEMENT_3D('',#7128,#7129,#7130);
#7132=CYLINDRICAL_SURFACE('',#7131,2.5);
#7133=ORIENTED_EDGE('',*,*,#7052,.T.);
#7134=CARTESIAN_POINT('',(54.8,148.5,-1.9));
#7135=DIRECTION('',(0.,-1.,0.));
#7136=VECTOR('',#7135,26.);
#7137=LINE('',#7134,#7136);
#7138=EDGE_CURVE('',#7103,#7040,#7137,.T.);
#7139=ORIENTED_EDGE('',*,*,#7138,.F.);
#7140=ORIENTED_EDGE('',*,*,#7109,.F.);
#7141=ORIENTED_EDGE('',*,*,#6989,.T.);
#7142=EDGE_LOOP('',(#7133,#7139,#7140,#7141));
#7143=FACE_BOUND('',#7142,.T.);
#7144=ADVANCED_FACE('',(#7143),#7132,.T.);
#7145=CARTESIAN_POINT('',(26.3,148.5,-1.9));
#7146=DIRECTION('',(0.,0.,1.));
#7147=DIRECTION('',(-0.,1.,-0.));
#7148=AXIS2_PLACEMENT_3D('',#7145,#7146,#7147);
#7149=PLANE('',#7148);
#7150=CARTESIAN_POINT('',(32.3,129.1,-1.9));
#7151=VERTEX_POINT('',#7150);
#7152=CARTESIAN_POINT('',(32.3,125.9,-1.9));
#7153=VERTEX_POINT('',#7152);
#7154=CARTESIAN_POINT('',(32.3,127.5,-1.9));
#7155=DIRECTION('',(0.,0.,1.));
#7156=DIRECTION('',(-0.,1.,-0.));
#7157=AXIS2_PLACEMENT_3D('',#7154,#7155,#7156);
#7158=CIRCLE('',#7157,1.6);
#7159=EDGE_CURVE('',#7151,#7153,#7158,.T.);
#7160=ORIENTED_EDGE('',*,*,#7159,.T.);
#7161=CARTESIAN_POINT('',(32.3,127.5,-1.9));
#7162=DIRECTION('',(0.,0.,1.));
#7163=DIRECTION('',(-0.,1.,-0.));
#7164=AXIS2_PLACEMENT_3D('',#7161,#7162,#7163);
#7165=CIRCLE('',#7164,1.6);
#7166=EDGE_CURVE('',#7153,#7151,#7165,.T.);
#7167=ORIENTED_EDGE('',*,*,#7166,.T.);
#7168=EDGE_LOOP('',(#7160,#7167));
#7169=FACE_BOUND('',#7168,.T.);
#7170=CARTESIAN_POINT('',(46.3,145.1,-1.9));
#7171=VERTEX_POINT('',#7170);
#7172=CARTESIAN_POINT('',(46.3,141.9,-1.9));
#7173=VERTEX_POINT('',#7172);
#7174=CARTESIAN_POINT('',(46.3,143.5,-1.9));
#7175=DIRECTION('',(0.,0.,1.));
#7176=DIRECTION('',(-0.,1.,-0.));
#7177=AXIS2_PLACEMENT_3D('',#7174,#7175,#7176);
#7178=CIRCLE('',#7177,1.6);
#7179=EDGE_CURVE('',#7171,#7173,#7178,.T.);
#7180=ORIENTED_EDGE('',*,*,#7179,.T.);
#7181=CARTESIAN_POINT('',(46.3,143.5,-1.9));
#7182=DIRECTION('',(0.,0.,1.));
#7183=DIRECTION('',(-0.,1.,-0.));
#7184=AXIS2_PLACEMENT_3D('',#7181,#7182,#7183);
#7185=CIRCLE('',#7184,1.6);
#7186=EDGE_CURVE('',#7173,#7171,#7185,.T.);
#7187=ORIENTED_EDGE('',*,*,#7186,.T.);
#7188=EDGE_LOOP('',(#7180,#7187));
#7189=FACE_BOUND('',#7188,.T.);
#7190=CARTESIAN_POINT('',(46.3,129.1,-1.9));
#7191=VERTEX_POINT('',#7190);
#7192=CARTESIAN_POINT('',(46.3,125.9,-1.9));
#7193=VERTEX_POINT('',#7192);
#7194=CARTESIAN_POINT('',(46.3,127.5,-1.9));
#7195=DIRECTION('',(0.,0.,1.));
#7196=DIRECTION('',(-0.,1.,-0.));
#7197=AXIS2_PLACEMENT_3D('',#7194,#7195,#7196);
#7198=CIRCLE('',#7197,1.6);
#7199=EDGE_CURVE('',#7191,#7193,#7198,.T.);
#7200=ORIENTED_EDGE('',*,*,#7199,.T.);
#7201=CARTESIAN_POINT('',(46.3,127.5,-1.9));
#7202=DIRECTION('',(0.,0.,1.));
#7203=DIRECTION('',(-0.,1.,-0.));
#7204=AXIS2_PLACEMENT_3D('',#7201,#7202,#7203);
#7205=CIRCLE('',#7204,1.6);
#7206=EDGE_CURVE('',#7193,#7191,#7205,.T.);
#7207=ORIENTED_EDGE('',*,*,#7206,.T.);
#7208=EDGE_LOOP('',(#7200,#7207));
#7209=FACE_BOUND('',#7208,.T.);
#7210=CARTESIAN_POINT('',(39.3,140.5,-1.9));
#7211=VERTEX_POINT('',#7210);
#7212=CARTESIAN_POINT('',(39.3,130.5,-1.9));
#7213=VERTEX_POINT('',#7212);
#7214=CARTESIAN_POINT('',(39.3,135.5,-1.9));
#7215=DIRECTION('',(0.,0.,1.));
#7216=DIRECTION('',(-0.,1.,-0.));
#7217=AXIS2_PLACEMENT_3D('',#7214,#7215,#7216);
#7218=CIRCLE('',#7217,5.);
#7219=EDGE_CURVE('',#7211,#7213,#7218,.T.);
#7220=ORIENTED_EDGE('',*,*,#7219,.T.);
#7221=CARTESIAN_POINT('',(39.3,135.5,-1.9));
#7222=DIRECTION('',(0.,0.,1.));
#7223=DIRECTION('',(-0.,1.,-0.));
#7224=AXIS2_PLACEMENT_3D('',#7221,#7222,#7223);
#7225=CIRCLE('',#7224,5.);
#7226=EDGE_CURVE('',#7213,#7211,#7225,.T.);
#7227=ORIENTED_EDGE('',*,*,#7226,.T.);
#7228=EDGE_LOOP('',(#7220,#7227));
#7229=FACE_BOUND('',#7228,.T.);
#7230=CARTESIAN_POINT('',(32.3,145.1,-1.9));
#7231=VERTEX_POINT('',#7230);
#7232=CARTESIAN_POINT('',(32.3,141.9,-1.9));
#7233=VERTEX_POINT('',#7232);
#7234=CARTESIAN_POINT('',(32.3,143.5,-1.9));
#7235=DIRECTION('',(0.,0.,1.));
#7236=DIRECTION('',(-0.,1.,-0.));
#7237=AXIS2_PLACEMENT_3D('',#7234,#7235,#7236);
#7238=CIRCLE('',#7237,1.6);
#7239=EDGE_CURVE('',#7231,#7233,#7238,.T.);
#7240=ORIENTED_EDGE('',*,*,#7239,.T.);
#7241=CARTESIAN_POINT('',(32.3,143.5,-1.9));
#7242=DIRECTION('',(0.,0.,1.));
#7243=DIRECTION('',(-0.,1.,-0.));
#7244=AXIS2_PLACEMENT_3D('',#7241,#7242,#7243);
#7245=CIRCLE('',#7244,1.6);
#7246=EDGE_CURVE('',#7233,#7231,#7245,.T.);
#7247=ORIENTED_EDGE('',*,*,#7246,.T.);
#7248=EDGE_LOOP('',(#7240,#7247));
#7249=FACE_BOUND('',#7248,.T.);
#7250=ORIENTED_EDGE('',*,*,#7045,.T.);
#7251=CARTESIAN_POINT('',(26.3,125.,-1.9));
#7252=VERTEX_POINT('',#7251);
#7253=CARTESIAN_POINT('',(28.8,125.,-1.9));
#7254=DIRECTION('',(-0.,-0.,-1.));
#7255=DIRECTION('',(-0.,1.,-0.));
#7256=AXIS2_PLACEMENT_3D('',#7253,#7254,#7255);
#7257=CIRCLE('',#7256,2.5);
#7258=EDGE_CURVE('',#7032,#7252,#7257,.T.);
#7259=ORIENTED_EDGE('',*,*,#7258,.T.);
#7260=CARTESIAN_POINT('',(26.3,146.,-1.9));
#7261=VERTEX_POINT('',#7260);
#7262=CARTESIAN_POINT('',(26.3,146.,-1.9));
#7263=DIRECTION('',(0.,-1.,0.));
#7264=VECTOR('',#7263,21.);
#7265=LINE('',#7262,#7264);
#7266=EDGE_CURVE('',#7261,#7252,#7265,.T.);
#7267=ORIENTED_EDGE('',*,*,#7266,.F.);
#7268=CARTESIAN_POINT('',(28.8,146.,-1.9));
#7269=DIRECTION('',(-0.,-0.,-1.));
#7270=DIRECTION('',(-0.,1.,-0.));
#7271=AXIS2_PLACEMENT_3D('',#7268,#7269,#7270);
#7272=CIRCLE('',#7271,2.5);
#7273=EDGE_CURVE('',#7261,#7112,#7272,.T.);
#7274=ORIENTED_EDGE('',*,*,#7273,.T.);
#7275=ORIENTED_EDGE('',*,*,#7117,.F.);
#7276=ORIENTED_EDGE('',*,*,#7138,.T.);
#7277=EDGE_LOOP('',(#7250,#7259,#7267,#7274,#7275,#7276));
#7278=FACE_BOUND('',#7277,.T.);
#7279=ADVANCED_FACE('',(#7169,#7189,#7209,#7229,#7249,#7278),#7149,.F.);
#7280=CARTESIAN_POINT('',(26.3,148.5,0.6));
#7281=DIRECTION('',(1.,0.,-0.));
#7282=DIRECTION('',(-0.,1.,-0.));
#7283=AXIS2_PLACEMENT_3D('',#7280,#7281,#7282);
#7284=PLANE('',#7283);
#7285=ORIENTED_EDGE('',*,*,#7266,.T.);
#7286=CARTESIAN_POINT('',(26.3,125.,-1.9));
#7287=DIRECTION('',(0.,0.,1.));
#7288=VECTOR('',#7287,2.5);
#7289=LINE('',#7286,#7288);
#7290=EDGE_CURVE('',#7252,#6857,#7289,.T.);
#7291=ORIENTED_EDGE('',*,*,#7290,.T.);
#7292=ORIENTED_EDGE('',*,*,#6862,.F.);
#7293=CARTESIAN_POINT('',(26.3,146.,0.6));
#7294=DIRECTION('',(-0.,-0.,-1.));
#7295=VECTOR('',#7294,2.5);
#7296=LINE('',#7293,#7295);
#7297=EDGE_CURVE('',#6848,#7261,#7296,.T.);
#7298=ORIENTED_EDGE('',*,*,#7297,.T.);
#7299=EDGE_LOOP('',(#7285,#7291,#7292,#7298));
#7300=FACE_BOUND('',#7299,.T.);
#7301=ADVANCED_FACE('',(#7300),#7284,.F.);
#7302=CARTESIAN_POINT('',(28.8,125.,0.6));
#7303=DIRECTION('',(0.,0.,1.));
#7304=DIRECTION('',(-0.,1.,-0.));
#7305=AXIS2_PLACEMENT_3D('',#7302,#7303,#7304);
#7306=CYLINDRICAL_SURFACE('',#7305,2.5);
#7307=ORIENTED_EDGE('',*,*,#7258,.F.);
#7308=ORIENTED_EDGE('',*,*,#7037,.F.);
#7309=ORIENTED_EDGE('',*,*,#6871,.F.);
#7310=ORIENTED_EDGE('',*,*,#7290,.F.);
#7311=EDGE_LOOP('',(#7307,#7308,#7309,#7310));
#7312=FACE_BOUND('',#7311,.T.);
#7313=ADVANCED_FACE('',(#7312),#7306,.T.);
#7314=CARTESIAN_POINT('',(28.8,146.,0.6));
#7315=DIRECTION('',(-0.,-0.,-1.));
#7316=DIRECTION('',(0.,-1.,0.));
#7317=AXIS2_PLACEMENT_3D('',#7314,#7315,#7316);
#7318=CYLINDRICAL_SURFACE('',#7317,2.5);
#7319=ORIENTED_EDGE('',*,*,#7273,.F.);
#7320=ORIENTED_EDGE('',*,*,#7297,.F.);
#7321=ORIENTED_EDGE('',*,*,#6854,.F.);
#7322=ORIENTED_EDGE('',*,*,#7123,.F.);
#7323=EDGE_LOOP('',(#7319,#7320,#7321,#7322));
#7324=FACE_BOUND('',#7323,.T.);
#7325=ADVANCED_FACE('',(#7324),#7318,.T.);
#7326=CARTESIAN_POINT('',(65.8,135.5,18.1));
#7327=DIRECTION('',(-1.,-0.,0.));
#7328=DIRECTION('',(0.,0.,1.));
#7329=AXIS2_PLACEMENT_3D('',#7326,#7327,#7328);
#7330=CYLINDRICAL_SURFACE('',#7329,13.);
#7331=CARTESIAN_POINT('',(52.8,135.5,31.1));
#7332=DIRECTION('',(1.,0.,-0.));
#7333=VECTOR('',#7332,4.5);
#7334=LINE('',#7331,#7333);
#7335=EDGE_CURVE('',#6675,#6958,#7334,.T.);
#7336=ORIENTED_EDGE('',*,*,#7335,.T.);
#7337=ORIENTED_EDGE('',*,*,#6964,.F.);
#7338=ORIENTED_EDGE('',*,*,#7099,.F.);
#7339=ORIENTED_EDGE('',*,*,#6690,.F.);
#7340=EDGE_LOOP('',(#7336,#7337,#7338,#7339));
#7341=FACE_BOUND('',#7340,.T.);
#7342=ADVANCED_FACE('',(#7341),#7330,.T.);
#7343=CARTESIAN_POINT('',(65.8,135.5,18.1));
#7344=DIRECTION('',(-1.,-0.,0.));
#7345=DIRECTION('',(0.,0.,1.));
#7346=AXIS2_PLACEMENT_3D('',#7343,#7344,#7345);
#7347=CYLINDRICAL_SURFACE('',#7346,3.9);
#7348=CARTESIAN_POINT('',(52.8,135.5,22.));
#7349=DIRECTION('',(1.,0.,-0.));
#7350=VECTOR('',#7349,4.5);
#7351=LINE('',#7348,#7350);
#7352=EDGE_CURVE('',#6575,#6938,#7351,.T.);
#7353=ORIENTED_EDGE('',*,*,#7352,.F.);
#7354=ORIENTED_EDGE('',*,*,#6581,.F.);
#7355=ORIENTED_EDGE('',*,*,#6588,.F.);
#7356=ORIENTED_EDGE('',*,*,#7352,.T.);
#7357=ORIENTED_EDGE('',*,*,#6944,.F.);
#7358=ORIENTED_EDGE('',*,*,#6951,.F.);
#7359=EDGE_LOOP('',(#7353,#7354,#7355,#7356,#7357,#7358));
#7360=FACE_BOUND('',#7359,.T.);
#7361=ADVANCED_FACE('',(#7360),#7347,.F.);
#7362=CARTESIAN_POINT('',(65.8,127.,18.1));
#7363=DIRECTION('',(-1.,-0.,0.));
#7364=DIRECTION('',(0.,0.,1.));
#7365=AXIS2_PLACEMENT_3D('',#7362,#7363,#7364);
#7366=CYLINDRICAL_SURFACE('',#7365,1.6);
#7367=CARTESIAN_POINT('',(55.1,127.,19.7));
#7368=VERTEX_POINT('',#7367);
#7369=CARTESIAN_POINT('',(52.8,127.,19.7));
#7370=DIRECTION('',(1.,0.,-0.));
#7371=VECTOR('',#7370,2.3);
#7372=LINE('',#7369,#7371);
#7373=EDGE_CURVE('',#6595,#7368,#7372,.T.);
#7374=ORIENTED_EDGE('',*,*,#7373,.F.);
#7375=ORIENTED_EDGE('',*,*,#6601,.F.);
#7376=ORIENTED_EDGE('',*,*,#6608,.F.);
#7377=ORIENTED_EDGE('',*,*,#7373,.T.);
#7378=CARTESIAN_POINT('',(55.1,125.4,18.1));
#7379=VERTEX_POINT('',#7378);
#7380=CARTESIAN_POINT('',(55.1,127.,18.1));
#7381=DIRECTION('',(1.,0.,-0.));
#7382=DIRECTION('',(0.,-1.,0.));
#7383=AXIS2_PLACEMENT_3D('',#7380,#7381,#7382);
#7384=CIRCLE('',#7383,1.6);
#7385=EDGE_CURVE('',#7368,#7379,#7384,.T.);
#7386=ORIENTED_EDGE('',*,*,#7385,.T.);
#7387=CARTESIAN_POINT('',(55.1,127.,18.1));
#7388=DIRECTION('',(1.,0.,-0.));
#7389=DIRECTION('',(0.,-1.,0.));
#7390=AXIS2_PLACEMENT_3D('',#7387,#7388,#7389);
#7391=CIRCLE('',#7390,1.6);
#7392=EDGE_CURVE('',#7379,#7368,#7391,.T.);
#7393=ORIENTED_EDGE('',*,*,#7392,.T.);
#7394=EDGE_LOOP('',(#7374,#7375,#7376,#7377,#7386,#7393));
#7395=FACE_BOUND('',#7394,.T.);
#7396=ADVANCED_FACE('',(#7395),#7366,.F.);
#7397=CARTESIAN_POINT('',(65.8,144.,18.1));
#7398=DIRECTION('',(-1.,-0.,0.));
#7399=DIRECTION('',(0.,0.,1.));
#7400=AXIS2_PLACEMENT_3D('',#7397,#7398,#7399);
#7401=CYLINDRICAL_SURFACE('',#7400,1.6);
#7402=CARTESIAN_POINT('',(55.1,144.,19.7));
#7403=VERTEX_POINT('',#7402);
#7404=CARTESIAN_POINT('',(52.8,144.,19.7));
#7405=DIRECTION('',(1.,0.,-0.));
#7406=VECTOR('',#7405,2.3);
#7407=LINE('',#7404,#7406);
#7408=EDGE_CURVE('',#6615,#7403,#7407,.T.);
#7409=ORIENTED_EDGE('',*,*,#7408,.F.);
#7410=ORIENTED_EDGE('',*,*,#6621,.F.);
#7411=ORIENTED_EDGE('',*,*,#6628,.F.);
#7412=ORIENTED_EDGE('',*,*,#7408,.T.);
#7413=CARTESIAN_POINT('',(55.1,142.4,18.1));
#7414=VERTEX_POINT('',#7413);
#7415=CARTESIAN_POINT('',(55.1,144.,18.1));
#7416=DIRECTION('',(1.,0.,-0.));
#7417=DIRECTION('',(0.,-1.,0.));
#7418=AXIS2_PLACEMENT_3D('',#7415,#7416,#7417);
#7419=CIRCLE('',#7418,1.6);
#7420=EDGE_CURVE('',#7403,#7414,#7419,.T.);
#7421=ORIENTED_EDGE('',*,*,#7420,.T.);
#7422=CARTESIAN_POINT('',(55.1,144.,18.1));
#7423=DIRECTION('',(1.,0.,-0.));
#7424=DIRECTION('',(0.,-1.,0.));
#7425=AXIS2_PLACEMENT_3D('',#7422,#7423,#7424);
#7426=CIRCLE('',#7425,1.6);
#7427=EDGE_CURVE('',#7414,#7403,#7426,.T.);
#7428=ORIENTED_EDGE('',*,*,#7427,.T.);
#7429=EDGE_LOOP('',(#7409,#7410,#7411,#7412,#7421,#7428));
#7430=FACE_BOUND('',#7429,.T.);
#7431=ADVANCED_FACE('',(#7430),#7401,.F.);
#7432=CARTESIAN_POINT('',(32.3,143.5,11.1));
#7433=DIRECTION('',(-0.,-0.,-1.));
#7434=DIRECTION('',(0.,-1.,0.));
#7435=AXIS2_PLACEMENT_3D('',#7432,#7433,#7434);
#7436=CYLINDRICAL_SURFACE('',#7435,1.6);
#7437=CARTESIAN_POINT('',(32.3,141.9,0.2));
#7438=VERTEX_POINT('',#7437);
#7439=CARTESIAN_POINT('',(32.3,141.9,-1.9));
#7440=DIRECTION('',(0.,0.,1.));
#7441=VECTOR('',#7440,2.1);
#7442=LINE('',#7439,#7441);
#7443=EDGE_CURVE('',#7233,#7438,#7442,.T.);
#7444=ORIENTED_EDGE('',*,*,#7443,.F.);
#7445=ORIENTED_EDGE('',*,*,#7239,.F.);
#7446=ORIENTED_EDGE('',*,*,#7246,.F.);
#7447=ORIENTED_EDGE('',*,*,#7443,.T.);
#7448=CARTESIAN_POINT('',(32.3,145.1,0.2));
#7449=VERTEX_POINT('',#7448);
#7450=CARTESIAN_POINT('',(32.3,143.5,0.2));
#7451=DIRECTION('',(0.,0.,1.));
#7452=DIRECTION('',(0.,-1.,0.));
#7453=AXIS2_PLACEMENT_3D('',#7450,#7451,#7452);
#7454=CIRCLE('',#7453,1.6);
#7455=EDGE_CURVE('',#7438,#7449,#7454,.T.);
#7456=ORIENTED_EDGE('',*,*,#7455,.T.);
#7457=CARTESIAN_POINT('',(32.3,143.5,0.2));
#7458=DIRECTION('',(0.,0.,1.));
#7459=DIRECTION('',(0.,-1.,0.));
#7460=AXIS2_PLACEMENT_3D('',#7457,#7458,#7459);
#7461=CIRCLE('',#7460,1.6);
#7462=EDGE_CURVE('',#7449,#7438,#7461,.T.);
#7463=ORIENTED_EDGE('',*,*,#7462,.T.);
#7464=EDGE_LOOP('',(#7444,#7445,#7446,#7447,#7456,#7463));
#7465=FACE_BOUND('',#7464,.T.);
#7466=ADVANCED_FACE('',(#7465),#7436,.F.);
#7467=CARTESIAN_POINT('',(39.3,135.5,11.1));
#7468=DIRECTION('',(-0.,-0.,-1.));
#7469=DIRECTION('',(0.,-1.,0.));
#7470=AXIS2_PLACEMENT_3D('',#7467,#7468,#7469);
#7471=CYLINDRICAL_SURFACE('',#7470,5.);
#7472=CARTESIAN_POINT('',(39.3,130.5,-1.9));
#7473=DIRECTION('',(0.,0.,1.));
#7474=VECTOR('',#7473,2.5);
#7475=LINE('',#7472,#7474);
#7476=EDGE_CURVE('',#7213,#6715,#7475,.T.);
#7477=ORIENTED_EDGE('',*,*,#7476,.F.);
#7478=ORIENTED_EDGE('',*,*,#7219,.F.);
#7479=ORIENTED_EDGE('',*,*,#7226,.F.);
#7480=ORIENTED_EDGE('',*,*,#7476,.T.);
#7481=ORIENTED_EDGE('',*,*,#6721,.F.);
#7482=EDGE_LOOP('',(#7477,#7478,#7479,#7480,#7481));
#7483=FACE_BOUND('',#7482,.T.);
#7484=ADVANCED_FACE('',(#7483),#7471,.F.);
#7485=CARTESIAN_POINT('',(46.3,127.5,11.1));
#7486=DIRECTION('',(-0.,-0.,-1.));
#7487=DIRECTION('',(0.,-1.,0.));
#7488=AXIS2_PLACEMENT_3D('',#7485,#7486,#7487);
#7489=CYLINDRICAL_SURFACE('',#7488,1.6);
#7490=CARTESIAN_POINT('',(46.3,125.9,0.2));
#7491=VERTEX_POINT('',#7490);
#7492=CARTESIAN_POINT('',(46.3,125.9,-1.9));
#7493=DIRECTION('',(0.,0.,1.));
#7494=VECTOR('',#7493,2.1);
#7495=LINE('',#7492,#7494);
#7496=EDGE_CURVE('',#7193,#7491,#7495,.T.);
#7497=ORIENTED_EDGE('',*,*,#7496,.F.);
#7498=ORIENTED_EDGE('',*,*,#7199,.F.);
#7499=ORIENTED_EDGE('',*,*,#7206,.F.);
#7500=ORIENTED_EDGE('',*,*,#7496,.T.);
#7501=CARTESIAN_POINT('',(46.3,129.1,0.2));
#7502=VERTEX_POINT('',#7501);
#7503=CARTESIAN_POINT('',(46.3,127.5,0.2));
#7504=DIRECTION('',(0.,0.,1.));
#7505=DIRECTION('',(0.,-1.,0.));
#7506=AXIS2_PLACEMENT_3D('',#7503,#7504,#7505);
#7507=CIRCLE('',#7506,1.6);
#7508=EDGE_CURVE('',#7491,#7502,#7507,.T.);
#7509=ORIENTED_EDGE('',*,*,#7508,.T.);
#7510=CARTESIAN_POINT('',(46.3,127.5,0.2));
#7511=DIRECTION('',(0.,0.,1.));
#7512=DIRECTION('',(0.,-1.,0.));
#7513=AXIS2_PLACEMENT_3D('',#7510,#7511,#7512);
#7514=CIRCLE('',#7513,1.6);
#7515=EDGE_CURVE('',#7502,#7491,#7514,.T.);
#7516=ORIENTED_EDGE('',*,*,#7515,.T.);
#7517=EDGE_LOOP('',(#7497,#7498,#7499,#7500,#7509,#7516));
#7518=FACE_BOUND('',#7517,.T.);
#7519=ADVANCED_FACE('',(#7518),#7489,.F.);
#7520=CARTESIAN_POINT('',(46.3,143.5,11.1));
#7521=DIRECTION('',(-0.,-0.,-1.));
#7522=DIRECTION('',(0.,-1.,0.));
#7523=AXIS2_PLACEMENT_3D('',#7520,#7521,#7522);
#7524=CYLINDRICAL_SURFACE('',#7523,1.6);
#7525=CARTESIAN_POINT('',(46.3,141.9,0.2));
#7526=VERTEX_POINT('',#7525);
#7527=CARTESIAN_POINT('',(46.3,141.9,-1.9));
#7528=DIRECTION('',(0.,0.,1.));
#7529=VECTOR('',#7528,2.1);
#7530=LINE('',#7527,#7529);
#7531=EDGE_CURVE('',#7173,#7526,#7530,.T.);
#7532=ORIENTED_EDGE('',*,*,#7531,.F.);
#7533=ORIENTED_EDGE('',*,*,#7179,.F.);
#7534=ORIENTED_EDGE('',*,*,#7186,.F.);
#7535=ORIENTED_EDGE('',*,*,#7531,.T.);
#7536=CARTESIAN_POINT('',(46.3,145.1,0.2));
#7537=VERTEX_POINT('',#7536);
#7538=CARTESIAN_POINT('',(46.3,143.5,0.2));
#7539=DIRECTION('',(0.,0.,1.));
#7540=DIRECTION('',(0.,-1.,0.));
#7541=AXIS2_PLACEMENT_3D('',#7538,#7539,#7540);
#7542=CIRCLE('',#7541,1.6);
#7543=EDGE_CURVE('',#7526,#7537,#7542,.T.);
#7544=ORIENTED_EDGE('',*,*,#7543,.T.);
#7545=CARTESIAN_POINT('',(46.3,143.5,0.2));
#7546=DIRECTION('',(0.,0.,1.));
#7547=DIRECTION('',(0.,-1.,0.));
#7548=AXIS2_PLACEMENT_3D('',#7545,#7546,#7547);
#7549=CIRCLE('',#7548,1.6);
#7550=EDGE_CURVE('',#7537,#7526,#7549,.T.);
#7551=ORIENTED_EDGE('',*,*,#7550,.T.);
#7552=EDGE_LOOP('',(#7532,#7533,#7534,#7535,#7544,#7551));
#7553=FACE_BOUND('',#7552,.T.);
#7554=ADVANCED_FACE('',(#7553),#7524,.F.);
#7555=CARTESIAN_POINT('',(32.3,127.5,11.1));
#7556=DIRECTION('',(-0.,-0.,-1.));
#7557=DIRECTION('',(0.,-1.,0.));
#7558=AXIS2_PLACEMENT_3D('',#7555,#7556,#7557);
#7559=CYLINDRICAL_SURFACE('',#7558,1.6);
#7560=CARTESIAN_POINT('',(32.3,125.9,0.2));
#7561=VERTEX_POINT('',#7560);
#7562=CARTESIAN_POINT('',(32.3,125.9,-1.9));
#7563=DIRECTION('',(0.,0.,1.));
#7564=VECTOR('',#7563,2.1);
#7565=LINE('',#7562,#7564);
#7566=EDGE_CURVE('',#7153,#7561,#7565,.T.);
#7567=ORIENTED_EDGE('',*,*,#7566,.F.);
#7568=ORIENTED_EDGE('',*,*,#7159,.F.);
#7569=ORIENTED_EDGE('',*,*,#7166,.F.);
#7570=ORIENTED_EDGE('',*,*,#7566,.T.);
#7571=CARTESIAN_POINT('',(32.3,129.1,0.2));
#7572=VERTEX_POINT('',#7571);
#7573=CARTESIAN_POINT('',(32.3,127.5,0.2));
#7574=DIRECTION('',(0.,0.,1.));
#7575=DIRECTION('',(0.,-1.,0.));
#7576=AXIS2_PLACEMENT_3D('',#7573,#7574,#7575);
#7577=CIRCLE('',#7576,1.6);
#7578=EDGE_CURVE('',#7561,#7572,#7577,.T.);
#7579=ORIENTED_EDGE('',*,*,#7578,.T.);
#7580=CARTESIAN_POINT('',(32.3,127.5,0.2));
#7581=DIRECTION('',(0.,0.,1.));
#7582=DIRECTION('',(0.,-1.,0.));
#7583=AXIS2_PLACEMENT_3D('',#7580,#7581,#7582);
#7584=CIRCLE('',#7583,1.6);
#7585=EDGE_CURVE('',#7572,#7561,#7584,.T.);
#7586=ORIENTED_EDGE('',*,*,#7585,.T.);
#7587=EDGE_LOOP('',(#7567,#7568,#7569,#7570,#7579,#7586));
#7588=FACE_BOUND('',#7587,.T.);
#7589=ADVANCED_FACE('',(#7588),#7559,.F.);
#7590=CARTESIAN_POINT('',(55.1,144.,18.1));
#7591=DIRECTION('',(-1.,-0.,0.));
#7592=DIRECTION('',(0.,-1.,0.));
#7593=AXIS2_PLACEMENT_3D('',#7590,#7591,#7592);
#7594=PLANE('',#7593);
#7595=CARTESIAN_POINT('',(55.1,146.7,18.1));
#7596=VERTEX_POINT('',#7595);
#7597=CARTESIAN_POINT('',(55.1,141.3,18.1));
#7598=VERTEX_POINT('',#7597);
#7599=CARTESIAN_POINT('',(55.1,144.,18.1));
#7600=DIRECTION('',(-1.,-0.,0.));
#7601=DIRECTION('',(0.,-1.,0.));
#7602=AXIS2_PLACEMENT_3D('',#7599,#7600,#7601);
#7603=CIRCLE('',#7602,2.7);
#7604=EDGE_CURVE('',#7596,#7598,#7603,.T.);
#7605=ORIENTED_EDGE('',*,*,#7604,.F.);
#7606=CARTESIAN_POINT('',(55.1,144.,18.1));
#7607=DIRECTION('',(-1.,-0.,0.));
#7608=DIRECTION('',(0.,-1.,0.));
#7609=AXIS2_PLACEMENT_3D('',#7606,#7607,#7608);
#7610=CIRCLE('',#7609,2.7);
#7611=EDGE_CURVE('',#7598,#7596,#7610,.T.);
#7612=ORIENTED_EDGE('',*,*,#7611,.F.);
#7613=EDGE_LOOP('',(#7605,#7612));
#7614=FACE_BOUND('',#7613,.T.);
#7615=ORIENTED_EDGE('',*,*,#7420,.F.);
#7616=ORIENTED_EDGE('',*,*,#7427,.F.);
#7617=EDGE_LOOP('',(#7615,#7616));
#7618=FACE_BOUND('',#7617,.T.);
#7619=ADVANCED_FACE('',(#7614,#7618),#7594,.F.);
#7620=CARTESIAN_POINT('',(55.1,144.,18.1));
#7621=DIRECTION('',(1.,0.,-0.));
#7622=DIRECTION('',(-0.,1.,-0.));
#7623=AXIS2_PLACEMENT_3D('',#7620,#7621,#7622);
#7624=CYLINDRICAL_SURFACE('',#7623,2.7);
#7625=CARTESIAN_POINT('',(56.9,146.7,18.1));
#7626=VERTEX_POINT('',#7625);
#7627=CARTESIAN_POINT('',(56.9,146.7,18.1));
#7628=DIRECTION('',(-1.,-0.,0.));
#7629=VECTOR('',#7628,1.8);
#7630=LINE('',#7627,#7629);
#7631=EDGE_CURVE('',#7626,#7596,#7630,.T.);
#7632=ORIENTED_EDGE('',*,*,#7631,.F.);
#7633=CARTESIAN_POINT('',(56.9,141.3,18.1));
#7634=VERTEX_POINT('',#7633);
#7635=CARTESIAN_POINT('',(56.9,144.,18.1));
#7636=DIRECTION('',(1.,0.,-0.));
#7637=DIRECTION('',(0.,-1.,0.));
#7638=AXIS2_PLACEMENT_3D('',#7635,#7636,#7637);
#7639=CIRCLE('',#7638,2.7);
#7640=EDGE_CURVE('',#7626,#7634,#7639,.T.);
#7641=ORIENTED_EDGE('',*,*,#7640,.T.);
#7642=CARTESIAN_POINT('',(56.9,144.,18.1));
#7643=DIRECTION('',(1.,0.,-0.));
#7644=DIRECTION('',(0.,-1.,0.));
#7645=AXIS2_PLACEMENT_3D('',#7642,#7643,#7644);
#7646=CIRCLE('',#7645,2.7);
#7647=EDGE_CURVE('',#7634,#7626,#7646,.T.);
#7648=ORIENTED_EDGE('',*,*,#7647,.T.);
#7649=ORIENTED_EDGE('',*,*,#7631,.T.);
#7650=ORIENTED_EDGE('',*,*,#7604,.T.);
#7651=ORIENTED_EDGE('',*,*,#7611,.T.);
#7652=EDGE_LOOP('',(#7632,#7641,#7648,#7649,#7650,#7651));
#7653=FACE_BOUND('',#7652,.T.);
#7654=ADVANCED_FACE('',(#7653),#7624,.F.);
#7655=CARTESIAN_POINT('',(55.1,127.,18.1));
#7656=DIRECTION('',(-1.,-0.,0.));
#7657=DIRECTION('',(0.,-1.,0.));
#7658=AXIS2_PLACEMENT_3D('',#7655,#7656,#7657);
#7659=PLANE('',#7658);
#7660=CARTESIAN_POINT('',(55.1,129.7,18.1));
#7661=VERTEX_POINT('',#7660);
#7662=CARTESIAN_POINT('',(55.1,124.3,18.1));
#7663=VERTEX_POINT('',#7662);
#7664=CARTESIAN_POINT('',(55.1,127.,18.1));
#7665=DIRECTION('',(-1.,-0.,0.));
#7666=DIRECTION('',(0.,-1.,0.));
#7667=AXIS2_PLACEMENT_3D('',#7664,#7665,#7666);
#7668=CIRCLE('',#7667,2.7);
#7669=EDGE_CURVE('',#7661,#7663,#7668,.T.);
#7670=ORIENTED_EDGE('',*,*,#7669,.F.);
#7671=CARTESIAN_POINT('',(55.1,127.,18.1));
#7672=DIRECTION('',(-1.,-0.,0.));
#7673=DIRECTION('',(0.,-1.,0.));
#7674=AXIS2_PLACEMENT_3D('',#7671,#7672,#7673);
#7675=CIRCLE('',#7674,2.7);
#7676=EDGE_CURVE('',#7663,#7661,#7675,.T.);
#7677=ORIENTED_EDGE('',*,*,#7676,.F.);
#7678=EDGE_LOOP('',(#7670,#7677));
#7679=FACE_BOUND('',#7678,.T.);
#7680=ORIENTED_EDGE('',*,*,#7385,.F.);
#7681=ORIENTED_EDGE('',*,*,#7392,.F.);
#7682=EDGE_LOOP('',(#7680,#7681));
#7683=FACE_BOUND('',#7682,.T.);
#7684=ADVANCED_FACE('',(#7679,#7683),#7659,.F.);
#7685=CARTESIAN_POINT('',(55.1,127.,18.1));
#7686=DIRECTION('',(1.,0.,-0.));
#7687=DIRECTION('',(-0.,1.,-0.));
#7688=AXIS2_PLACEMENT_3D('',#7685,#7686,#7687);
#7689=CYLINDRICAL_SURFACE('',#7688,2.7);
#7690=CARTESIAN_POINT('',(56.9,129.7,18.1));
#7691=VERTEX_POINT('',#7690);
#7692=CARTESIAN_POINT('',(56.9,129.7,18.1));
#7693=DIRECTION('',(-1.,-0.,0.));
#7694=VECTOR('',#7693,1.8);
#7695=LINE('',#7692,#7694);
#7696=EDGE_CURVE('',#7691,#7661,#7695,.T.);
#7697=ORIENTED_EDGE('',*,*,#7696,.F.);
#7698=CARTESIAN_POINT('',(56.9,124.3,18.1));
#7699=VERTEX_POINT('',#7698);
#7700=CARTESIAN_POINT('',(56.9,127.,18.1));
#7701=DIRECTION('',(1.,0.,-0.));
#7702=DIRECTION('',(0.,-1.,0.));
#7703=AXIS2_PLACEMENT_3D('',#7700,#7701,#7702);
#7704=CIRCLE('',#7703,2.7);
#7705=EDGE_CURVE('',#7691,#7699,#7704,.T.);
#7706=ORIENTED_EDGE('',*,*,#7705,.T.);
#7707=CARTESIAN_POINT('',(56.9,127.,18.1));
#7708=DIRECTION('',(1.,0.,-0.));
#7709=DIRECTION('',(0.,-1.,0.));
#7710=AXIS2_PLACEMENT_3D('',#7707,#7708,#7709);
#7711=CIRCLE('',#7710,2.7);
#7712=EDGE_CURVE('',#7699,#7691,#7711,.T.);
#7713=ORIENTED_EDGE('',*,*,#7712,.T.);
#7714=ORIENTED_EDGE('',*,*,#7696,.T.);
#7715=ORIENTED_EDGE('',*,*,#7669,.T.);
#7716=ORIENTED_EDGE('',*,*,#7676,.T.);
#7717=EDGE_LOOP('',(#7697,#7706,#7713,#7714,#7715,#7716));
#7718=FACE_BOUND('',#7717,.T.);
#7719=ADVANCED_FACE('',(#7718),#7689,.F.);
#7720=CARTESIAN_POINT('',(32.3,143.5,0.6));
#7721=DIRECTION('',(0.,0.,1.));
#7722=DIRECTION('',(-0.,1.,-0.));
#7723=AXIS2_PLACEMENT_3D('',#7720,#7721,#7722);
#7724=CONICAL_SURFACE('',#7723,2.,45.);
#7725=CARTESIAN_POINT('',(32.3,145.5,0.6));
#7726=DIRECTION('',(-0.,-0.707106781,-0.707106781));
#7727=VECTOR('',#7726,0.565685425);
#7728=LINE('',#7725,#7727);
#7729=EDGE_CURVE('',#6788,#7449,#7728,.T.);
#7730=ORIENTED_EDGE('',*,*,#7729,.F.);
#7731=ORIENTED_EDGE('',*,*,#6794,.F.);
#7732=ORIENTED_EDGE('',*,*,#6801,.F.);
#7733=ORIENTED_EDGE('',*,*,#7729,.T.);
#7734=ORIENTED_EDGE('',*,*,#7455,.F.);
#7735=ORIENTED_EDGE('',*,*,#7462,.F.);
#7736=EDGE_LOOP('',(#7730,#7731,#7732,#7733,#7734,#7735));
#7737=FACE_BOUND('',#7736,.T.);
#7738=ADVANCED_FACE('',(#7737),#7724,.F.);
#7739=CARTESIAN_POINT('',(32.3,127.5,0.6));
#7740=DIRECTION('',(0.,0.,1.));
#7741=DIRECTION('',(-0.,1.,-0.));
#7742=AXIS2_PLACEMENT_3D('',#7739,#7740,#7741);
#7743=CONICAL_SURFACE('',#7742,2.,45.);
#7744=CARTESIAN_POINT('',(32.3,129.5,0.6));
#7745=DIRECTION('',(-0.,-0.707106781,-0.707106781));
#7746=VECTOR('',#7745,0.565685425);
#7747=LINE('',#7744,#7746);
#7748=EDGE_CURVE('',#6768,#7572,#7747,.T.);
#7749=ORIENTED_EDGE('',*,*,#7748,.F.);
#7750=ORIENTED_EDGE('',*,*,#6774,.F.);
#7751=ORIENTED_EDGE('',*,*,#6781,.F.);
#7752=ORIENTED_EDGE('',*,*,#7748,.T.);
#7753=ORIENTED_EDGE('',*,*,#7578,.F.);
#7754=ORIENTED_EDGE('',*,*,#7585,.F.);
#7755=EDGE_LOOP('',(#7749,#7750,#7751,#7752,#7753,#7754));
#7756=FACE_BOUND('',#7755,.T.);
#7757=ADVANCED_FACE('',(#7756),#7743,.F.);
#7758=CARTESIAN_POINT('',(46.3,127.5,0.6));
#7759=DIRECTION('',(0.,0.,1.));
#7760=DIRECTION('',(-0.,1.,-0.));
#7761=AXIS2_PLACEMENT_3D('',#7758,#7759,#7760);
#7762=CONICAL_SURFACE('',#7761,2.,45.);
#7763=CARTESIAN_POINT('',(46.3,129.5,0.6));
#7764=DIRECTION('',(-0.,-0.707106781,-0.707106781));
#7765=VECTOR('',#7764,0.565685425);
#7766=LINE('',#7763,#7765);
#7767=EDGE_CURVE('',#6748,#7502,#7766,.T.);
#7768=ORIENTED_EDGE('',*,*,#7767,.F.);
#7769=ORIENTED_EDGE('',*,*,#6754,.F.);
#7770=ORIENTED_EDGE('',*,*,#6761,.F.);
#7771=ORIENTED_EDGE('',*,*,#7767,.T.);
#7772=ORIENTED_EDGE('',*,*,#7508,.F.);
#7773=ORIENTED_EDGE('',*,*,#7515,.F.);
#7774=EDGE_LOOP('',(#7768,#7769,#7770,#7771,#7772,#7773));
#7775=FACE_BOUND('',#7774,.T.);
#7776=ADVANCED_FACE('',(#7775),#7762,.F.);
#7777=CARTESIAN_POINT('',(46.3,143.5,0.6));
#7778=DIRECTION('',(0.,0.,1.));
#7779=DIRECTION('',(-0.,1.,-0.));
#7780=AXIS2_PLACEMENT_3D('',#7777,#7778,#7779);
#7781=CONICAL_SURFACE('',#7780,2.,45.);
#7782=CARTESIAN_POINT('',(46.3,145.5,0.6));
#7783=DIRECTION('',(-0.,-0.707106781,-0.707106781));
#7784=VECTOR('',#7783,0.565685425);
#7785=LINE('',#7782,#7784);
#7786=EDGE_CURVE('',#6728,#7537,#7785,.T.);
#7787=ORIENTED_EDGE('',*,*,#7786,.F.);
#7788=ORIENTED_EDGE('',*,*,#6734,.F.);
#7789=ORIENTED_EDGE('',*,*,#6741,.F.);
#7790=ORIENTED_EDGE('',*,*,#7786,.T.);
#7791=ORIENTED_EDGE('',*,*,#7543,.F.);
#7792=ORIENTED_EDGE('',*,*,#7550,.F.);
#7793=EDGE_LOOP('',(#7787,#7788,#7789,#7790,#7791,#7792));
#7794=FACE_BOUND('',#7793,.T.);
#7795=ADVANCED_FACE('',(#7794),#7781,.F.);
#7796=CARTESIAN_POINT('',(57.3,127.,18.1));
#7797=DIRECTION('',(1.,0.,-0.));
#7798=DIRECTION('',(-0.,1.,-0.));
#7799=AXIS2_PLACEMENT_3D('',#7796,#7797,#7798);
#7800=CONICAL_SURFACE('',#7799,3.1,45.);
#7801=CARTESIAN_POINT('',(57.3,130.1,18.1));
#7802=DIRECTION('',(-0.707106781,-0.707106781,0.));
#7803=VECTOR('',#7802,0.565685425);
#7804=LINE('',#7801,#7803);
#7805=EDGE_CURVE('',#6898,#7691,#7804,.T.);
#7806=ORIENTED_EDGE('',*,*,#7805,.F.);
#7807=ORIENTED_EDGE('',*,*,#6904,.F.);
#7808=ORIENTED_EDGE('',*,*,#6911,.F.);
#7809=ORIENTED_EDGE('',*,*,#7805,.T.);
#7810=ORIENTED_EDGE('',*,*,#7712,.F.);
#7811=ORIENTED_EDGE('',*,*,#7705,.F.);
#7812=EDGE_LOOP('',(#7806,#7807,#7808,#7809,#7810,#7811));
#7813=FACE_BOUND('',#7812,.T.);
#7814=ADVANCED_FACE('',(#7813),#7800,.F.);
#7815=CARTESIAN_POINT('',(57.3,144.,18.1));
#7816=DIRECTION('',(1.,0.,-0.));
#7817=DIRECTION('',(-0.,1.,-0.));
#7818=AXIS2_PLACEMENT_3D('',#7815,#7816,#7817);
#7819=CONICAL_SURFACE('',#7818,3.1,45.);
#7820=CARTESIAN_POINT('',(57.3,147.1,18.1));
#7821=DIRECTION('',(-0.707106781,-0.707106781,0.));
#7822=VECTOR('',#7821,0.565685425);
#7823=LINE('',#7820,#7822);
#7824=EDGE_CURVE('',#6918,#7626,#7823,.T.);
#7825=ORIENTED_EDGE('',*,*,#7824,.F.);
#7826=ORIENTED_EDGE('',*,*,#6924,.F.);
#7827=ORIENTED_EDGE('',*,*,#6931,.F.);
#7828=ORIENTED_EDGE('',*,*,#7824,.T.);
#7829=ORIENTED_EDGE('',*,*,#7647,.F.);
#7830=ORIENTED_EDGE('',*,*,#7640,.F.);
#7831=EDGE_LOOP('',(#7825,#7826,#7827,#7828,#7829,#7830));
#7832=FACE_BOUND('',#7831,.T.);
#7833=ADVANCED_FACE('',(#7832),#7819,.F.);
#7834=CARTESIAN_POINT('',(52.8,146.5,10.6));
#7835=DIRECTION('',(-0.5,0.,0.866025404));
#7836=DIRECTION('',(0.866025404,0.,0.5));
#7837=AXIS2_PLACEMENT_3D('',#7834,#7835,#7836);
#7838=PLANE('',#7837);
#7839=CARTESIAN_POINT('',(35.595517328,146.5,0.666987298));
#7840=VERTEX_POINT('',#7839);
#7841=CARTESIAN_POINT('',(52.55,146.5,10.455662433));
#7842=VERTEX_POINT('',#7841);
#7843=CARTESIAN_POINT('',(35.595517328,146.5,0.666987298));
#7844=DIRECTION('',(0.866025404,0.,0.5));
#7845=VECTOR('',#7844,19.577350269);
#7846=LINE('',#7843,#7845);
#7847=EDGE_CURVE('',#7840,#7842,#7846,.T.);
#7848=ORIENTED_EDGE('',*,*,#7847,.T.);
#7849=CARTESIAN_POINT('',(52.55,146.5,10.455662433));
#7850=DIRECTION('',(-0.,1.,-0.));
#7851=VECTOR('',#7850,2.);
#7852=LINE('',#7849,#7851);
#7853=EDGE_CURVE('',#7842,#7080,#7852,.T.);
#7854=ORIENTED_EDGE('',*,*,#7853,.T.);
#7855=ORIENTED_EDGE('',*,*,#7085,.F.);
#7856=CARTESIAN_POINT('',(35.595517328,148.5,0.666987298));
#7857=DIRECTION('',(0.,-1.,0.));
#7858=VECTOR('',#7857,2.);
#7859=LINE('',#7856,#7858);
#7860=EDGE_CURVE('',#7071,#7840,#7859,.T.);
#7861=ORIENTED_EDGE('',*,*,#7860,.T.);
#7862=EDGE_LOOP('',(#7848,#7854,#7855,#7861));
#7863=FACE_BOUND('',#7862,.T.);
#7864=ADVANCED_FACE('',(#7863),#7838,.T.);
#7865=CARTESIAN_POINT('',(57.3,146.5,-1.9));
#7866=DIRECTION('',(-0.,1.,-0.));
#7867=DIRECTION('',(-1.,-0.,0.));
#7868=AXIS2_PLACEMENT_3D('',#7865,#7866,#7867);
#7869=PLANE('',#7868);
#7870=ORIENTED_EDGE('',*,*,#6829,.F.);
#7871=CARTESIAN_POINT('',(49.3,146.5,0.6));
#7872=DIRECTION('',(0.707106781,0.,0.707106781));
#7873=VECTOR('',#7872,4.949747468);
#7874=LINE('',#7871,#7873);
#7875=EDGE_CURVE('',#6816,#6635,#7874,.T.);
#7876=ORIENTED_EDGE('',*,*,#7875,.T.);
#7877=ORIENTED_EDGE('',*,*,#6640,.F.);
#7878=CARTESIAN_POINT('',(52.3,146.5,10.888675135));
#7879=DIRECTION('',(-0.,1.,-0.));
#7880=DIRECTION('',(-1.,-0.,0.));
#7881=AXIS2_PLACEMENT_3D('',#7878,#7879,#7880);
#7882=CIRCLE('',#7881,0.5);
#7883=EDGE_CURVE('',#6633,#7842,#7882,.T.);
#7884=ORIENTED_EDGE('',*,*,#7883,.T.);
#7885=ORIENTED_EDGE('',*,*,#7847,.F.);
#7886=CARTESIAN_POINT('',(35.345517328,146.5,1.1));
#7887=DIRECTION('',(-0.,1.,-0.));
#7888=DIRECTION('',(-1.,-0.,0.));
#7889=AXIS2_PLACEMENT_3D('',#7886,#7887,#7888);
#7890=CIRCLE('',#7889,0.5);
#7891=EDGE_CURVE('',#7840,#6824,#7890,.T.);
#7892=ORIENTED_EDGE('',*,*,#7891,.T.);
#7893=EDGE_LOOP('',(#7870,#7876,#7877,#7884,#7885,#7892));
#7894=FACE_BOUND('',#7893,.T.);
#7895=ADVANCED_FACE('',(#7894),#7869,.F.);
#7896=CARTESIAN_POINT('',(52.8,124.5,10.6));
#7897=DIRECTION('',(0.5,-0.,-0.866025404));
#7898=DIRECTION('',(-0.866025404,-0.,-0.5));
#7899=AXIS2_PLACEMENT_3D('',#7896,#7897,#7898);
#7900=PLANE('',#7899);
#7901=CARTESIAN_POINT('',(35.595517328,124.5,0.666987298));
#7902=VERTEX_POINT('',#7901);
#7903=CARTESIAN_POINT('',(52.55,124.5,10.455662433));
#7904=VERTEX_POINT('',#7903);
#7905=CARTESIAN_POINT('',(35.595517328,124.5,0.666987298));
#7906=DIRECTION('',(0.866025404,0.,0.5));
#7907=VECTOR('',#7906,19.577350269);
#7908=LINE('',#7905,#7907);
#7909=EDGE_CURVE('',#7902,#7904,#7908,.T.);
#7910=ORIENTED_EDGE('',*,*,#7909,.F.);
#7911=CARTESIAN_POINT('',(35.595517328,124.5,0.666987298));
#7912=DIRECTION('',(0.,-1.,0.));
#7913=VECTOR('',#7912,2.);
#7914=LINE('',#7911,#7913);
#7915=EDGE_CURVE('',#7902,#7016,#7914,.T.);
#7916=ORIENTED_EDGE('',*,*,#7915,.T.);
#7917=ORIENTED_EDGE('',*,*,#7021,.T.);
#7918=CARTESIAN_POINT('',(52.55,122.5,10.455662433));
#7919=DIRECTION('',(-0.,1.,-0.));
#7920=VECTOR('',#7919,2.);
#7921=LINE('',#7918,#7920);
#7922=EDGE_CURVE('',#7007,#7904,#7921,.T.);
#7923=ORIENTED_EDGE('',*,*,#7922,.T.);
#7924=EDGE_LOOP('',(#7910,#7916,#7917,#7923));
#7925=FACE_BOUND('',#7924,.T.);
#7926=ADVANCED_FACE('',(#7925),#7900,.F.);
#7927=CARTESIAN_POINT('',(57.3,124.5,-1.9));
#7928=DIRECTION('',(0.,-1.,0.));
#7929=DIRECTION('',(-1.,-0.,0.));
#7930=AXIS2_PLACEMENT_3D('',#7927,#7928,#7929);
#7931=PLANE('',#7930);
#7932=ORIENTED_EDGE('',*,*,#6656,.T.);
#7933=CARTESIAN_POINT('',(52.8,124.5,4.1));
#7934=DIRECTION('',(-0.707106781,-0.,-0.707106781));
#7935=VECTOR('',#7934,4.949747468);
#7936=LINE('',#7933,#7935);
#7937=EDGE_CURVE('',#6643,#6806,#7936,.T.);
#7938=ORIENTED_EDGE('',*,*,#7937,.T.);
#7939=ORIENTED_EDGE('',*,*,#6813,.T.);
#7940=CARTESIAN_POINT('',(35.345517328,124.5,1.1));
#7941=DIRECTION('',(0.,-1.,0.));
#7942=DIRECTION('',(1.,0.,-0.));
#7943=AXIS2_PLACEMENT_3D('',#7940,#7941,#7942);
#7944=CIRCLE('',#7943,0.5);
#7945=EDGE_CURVE('',#6808,#7902,#7944,.T.);
#7946=ORIENTED_EDGE('',*,*,#7945,.T.);
#7947=ORIENTED_EDGE('',*,*,#7909,.T.);
#7948=CARTESIAN_POINT('',(52.3,124.5,10.888675135));
#7949=DIRECTION('',(0.,-1.,0.));
#7950=DIRECTION('',(1.,0.,-0.));
#7951=AXIS2_PLACEMENT_3D('',#7948,#7949,#7950);
#7952=CIRCLE('',#7951,0.5);
#7953=EDGE_CURVE('',#7904,#6651,#7952,.T.);
#7954=ORIENTED_EDGE('',*,*,#7953,.T.);
#7955=EDGE_LOOP('',(#7932,#7938,#7939,#7946,#7947,#7954));
#7956=FACE_BOUND('',#7955,.T.);
#7957=ADVANCED_FACE('',(#7956),#7931,.F.);
#7958=CARTESIAN_POINT('',(35.345517328,124.5,1.1));
#7959=DIRECTION('',(-0.,1.,-0.));
#7960=DIRECTION('',(-1.,-0.,0.));
#7961=AXIS2_PLACEMENT_3D('',#7958,#7959,#7960);
#7962=CYLINDRICAL_SURFACE('',#7961,0.5);
#7963=ORIENTED_EDGE('',*,*,#7945,.F.);
#7964=ORIENTED_EDGE('',*,*,#6885,.F.);
#7965=ORIENTED_EDGE('',*,*,#7028,.F.);
#7966=ORIENTED_EDGE('',*,*,#7915,.F.);
#7967=EDGE_LOOP('',(#7963,#7964,#7965,#7966));
#7968=FACE_BOUND('',#7967,.T.);
#7969=ADVANCED_FACE('',(#7968),#7962,.F.);
#7970=CARTESIAN_POINT('',(52.3,148.5,10.888675135));
#7971=DIRECTION('',(-0.,1.,-0.));
#7972=DIRECTION('',(-1.,-0.,0.));
#7973=AXIS2_PLACEMENT_3D('',#7970,#7971,#7972);
#7974=CYLINDRICAL_SURFACE('',#7973,0.5);
#7975=ORIENTED_EDGE('',*,*,#7953,.F.);
#7976=ORIENTED_EDGE('',*,*,#7922,.F.);
#7977=ORIENTED_EDGE('',*,*,#7013,.F.);
#7978=ORIENTED_EDGE('',*,*,#6664,.F.);
#7979=EDGE_LOOP('',(#7975,#7976,#7977,#7978));
#7980=FACE_BOUND('',#7979,.T.);
#7981=ADVANCED_FACE('',(#7980),#7974,.F.);
#7982=CARTESIAN_POINT('',(52.3,146.5,10.888675135));
#7983=DIRECTION('',(-0.,1.,-0.));
#7984=DIRECTION('',(-1.,-0.,0.));
#7985=AXIS2_PLACEMENT_3D('',#7982,#7983,#7984);
#7986=CYLINDRICAL_SURFACE('',#7985,0.5);
#7987=ORIENTED_EDGE('',*,*,#7883,.F.);
#7988=ORIENTED_EDGE('',*,*,#6704,.F.);
#7989=ORIENTED_EDGE('',*,*,#7092,.F.);
#7990=ORIENTED_EDGE('',*,*,#7853,.F.);
#7991=EDGE_LOOP('',(#7987,#7988,#7989,#7990));
#7992=FACE_BOUND('',#7991,.T.);
#7993=ADVANCED_FACE('',(#7992),#7986,.F.);
#7994=CARTESIAN_POINT('',(35.345517328,148.5,1.1));
#7995=DIRECTION('',(-0.,1.,-0.));
#7996=DIRECTION('',(-1.,-0.,0.));
#7997=AXIS2_PLACEMENT_3D('',#7994,#7995,#7996);
#7998=CYLINDRICAL_SURFACE('',#7997,0.5);
#7999=ORIENTED_EDGE('',*,*,#7891,.F.);
#8000=ORIENTED_EDGE('',*,*,#7860,.F.);
#8001=ORIENTED_EDGE('',*,*,#7077,.F.);
#8002=ORIENTED_EDGE('',*,*,#6837,.F.);
#8003=EDGE_LOOP('',(#7999,#8000,#8001,#8002));
#8004=FACE_BOUND('',#8003,.T.);
#8005=ADVANCED_FACE('',(#8004),#7998,.F.);
#8006=CARTESIAN_POINT('',(52.8,148.5,4.1));
#8007=DIRECTION('',(-0.707106781,-0.,0.707106781));
#8008=DIRECTION('',(-0.,1.,-0.));
#8009=AXIS2_PLACEMENT_3D('',#8006,#8007,#8008);
#8010=PLANE('',#8009);
#8011=ORIENTED_EDGE('',*,*,#7875,.F.);
#8012=ORIENTED_EDGE('',*,*,#6821,.F.);
#8013=ORIENTED_EDGE('',*,*,#7937,.F.);
#8014=ORIENTED_EDGE('',*,*,#6648,.F.);
#8015=EDGE_LOOP('',(#8011,#8012,#8013,#8014));
#8016=FACE_BOUND('',#8015,.T.);
#8017=ADVANCED_FACE('',(#8016),#8010,.T.);
#8018=CARTESIAN_POINT('',(65.8,135.5,18.1));
#8019=DIRECTION('',(-1.,-0.,0.));
#8020=DIRECTION('',(0.,0.,1.));
#8021=AXIS2_PLACEMENT_3D('',#8018,#8019,#8020);
#8022=CYLINDRICAL_SURFACE('',#8021,13.);
#8023=ORIENTED_EDGE('',*,*,#7335,.F.);
#8024=ORIENTED_EDGE('',*,*,#6681,.F.);
#8025=ORIENTED_EDGE('',*,*,#7059,.T.);
#8026=ORIENTED_EDGE('',*,*,#6973,.F.);
#8027=EDGE_LOOP('',(#8023,#8024,#8025,#8026));
#8028=FACE_BOUND('',#8027,.T.);
#8029=ADVANCED_FACE('',(#8028),#8022,.T.);
#8030=CLOSED_SHELL('',(#6708,#6889,#6999,#7063,#7127,#7144,#7279,#7301,#7313,#7325,#7342,#7361,#7396,#7431,#7466,#7484,#7519,#7554,#7589,#7619,#7654,#7684,#7719,#7738,#7757,#7776,
#7795,#7814,#7833,#7864,#7895,#7926,#7957,#7969,#7981,#7993,#8005,#8017,#8029));
#8031=MANIFOLD_SOLID_BREP('Imported 01',#8030);
#6566=STYLED_ITEM('',(#6520),#8031);
#6547=SHAPE_REPRESENTATION('mount.SLDPRT',(#15),#6545);
#6548=ADVANCED_BREP_SHAPE_REPRESENTATION('mount.SLDPRT',(#8031),#6545);
#8039=SHAPE_REPRESENTATION_RELATIONSHIP('','',#6547,#6548);
#8040=CARTESIAN_POINT('',(0.,0.,0.));
#8041=DIRECTION('',(0.,0.,1.));
#8042=DIRECTION('',(1.,0.,0.));
#8043=AXIS2_PLACEMENT_3D('',#8040,#8041,#8042);
#8045=MAPPED_ITEM('',#8044,#8043);
#8044=REPRESENTATION_MAP(#8043,#6547);
#6555=PRODUCT('mount.SLDPRT','mount.SLDPRT','',(#4904));
#8046=PRODUCT_RELATED_PRODUCT_CATEGORY('part','',(#6555));
#8047=PRODUCT_DEFINITION_FORMATION_WITH_SPECIFIED_SOURCE('','',#6555,.NOT_KNOWN.);
#6556=PRODUCT_DEFINITION('design','',#8047,#4905);
#6554=PRODUCT_DEFINITION_SHAPE('','',#6556);
#8048=SHAPE_DEFINITION_REPRESENTATION(#6554,#6547);
#6546=DRAUGHTING_MODEL('',(#8045),#6545);
#8049=(NAMED_UNIT(*)PLANE_ANGLE_UNIT()SI_UNIT($,.RADIAN.));
#8050=PLANE_ANGLE_MEASURE_WITH_UNIT(PLANE_ANGLE_MEASURE(0.0174532925),#8049);
#8051=(CONVERSION_BASED_UNIT('DEGREE',#8050)NAMED_UNIT(#8052)PLANE_ANGLE_UNIT());
#8052=DIMENSIONAL_EXPONENTS(0.,0.,0.,0.,0.,0.,0.);
#8053=(NAMED_UNIT(*)SI_UNIT($,.STERADIAN.)SOLID_ANGLE_UNIT());
#8054=(LENGTH_UNIT()NAMED_UNIT(*)SI_UNIT(.MILLI.,.METRE.));
#8055=UNCERTAINTY_MEASURE_WITH_UNIT(LENGTH_MEASURE(1.000000E-03),#8054,'DISTANCE_ACCURACY_VALUE','Maximum Tolerance applied to model');
#8056=(GEOMETRIC_REPRESENTATION_CONTEXT(3)GLOBAL_UNCERTAINTY_ASSIGNED_CONTEXT((#8055))GLOBAL_UNIT_ASSIGNED_CONTEXT((#8054,#8051,#8053))REPRESENTATION_CONTEXT('','DKS-Basic_DukeDoks_Rear-Case-Holder.stl'));
#8068=CARTESIAN_POINT('',(0.,0.,0.));
#8069=DIRECTION('',(0.,0.,1.));
#8070=DIRECTION('',(1.,0.,-0.));
#8071=AXIS2_PLACEMENT_3D('',#8068,#8069,#8070);
#8072=ITEM_DEFINED_TRANSFORMATION('','',#8071,#15);
#8073=(REPRESENTATION_RELATIONSHIP('','',#8058,#16)REPRESENTATION_RELATIONSHIP_WITH_TRANSFORMATION(#8072)SHAPE_REPRESENTATION_RELATIONSHIP());
#8074=NEXT_ASSEMBLY_USAGE_OCCURRENCE('DKS-Basic_DukeDoks_Rear-Case-Holder.stl_7','DKS-Basic_DukeDoks_Rear-Case-Holder.stl','DKS-Basic_DukeDoks_Rear-Case-Holder.stl',#25,#8067,$);
#8075=PRODUCT_DEFINITION_SHAPE('','',#8074);
#8076=CONTEXT_DEPENDENT_SHAPE_REPRESENTATION(#8073,#8075);
#8058=SHAPE_REPRESENTATION('DKS-Basic_DukeDoks_Rear-Case-Holder.stl',(#15),#8056);
#8077=CARTESIAN_POINT('',(0.,0.,0.));
#8078=DIRECTION('',(0.,0.,1.));
#8079=DIRECTION('',(1.,0.,0.));
#8080=AXIS2_PLACEMENT_3D('',#8077,#8078,#8079);
#8082=MAPPED_ITEM('',#8081,#8080);
#8081=REPRESENTATION_MAP(#8080,#8058);
#8066=PRODUCT('DKS-Basic_DukeDoks_Rear-Case-Holder.stl','DKS-Basic_DukeDoks_Rear-Case-Holder.stl','',(#4904));
#8083=PRODUCT_RELATED_PRODUCT_CATEGORY('part','',(#8066));
#8084=PRODUCT_DEFINITION_FORMATION_WITH_SPECIFIED_SOURCE('','',#8066,.NOT_KNOWN.);
#8067=PRODUCT_DEFINITION('design','',#8084,#4905);
#8065=PRODUCT_DEFINITION_SHAPE('','',#8067);
#8085=SHAPE_DEFINITION_REPRESENTATION(#8065,#8058);
#8057=DRAUGHTING_MODEL('',(#8082),#8056);
#8086=(NAMED_UNIT(*)PLANE_ANGLE_UNIT()SI_UNIT($,.RADIAN.));
#8087=PLANE_ANGLE_MEASURE_WITH_UNIT(PLANE_ANGLE_MEASURE(0.0174532925),#8086);
#8088=(CONVERSION_BASED_UNIT('DEGREE',#8087)NAMED_UNIT(#8089)PLANE_ANGLE_UNIT());
#8089=DIMENSIONAL_EXPONENTS(0.,0.,0.,0.,0.,0.,0.);
#8090=(NAMED_UNIT(*)SI_UNIT($,.STERADIAN.)SOLID_ANGLE_UNIT());
#8091=(LENGTH_UNIT()NAMED_UNIT(*)SI_UNIT(.MILLI.,.METRE.));
#8092=UNCERTAINTY_MEASURE_WITH_UNIT(LENGTH_MEASURE(1.000000E-03),#8091,'DISTANCE_ACCURACY_VALUE','Maximum Tolerance applied to model');
#8093=(GEOMETRIC_REPRESENTATION_CONTEXT(3)GLOBAL_UNCERTAINTY_ASSIGNED_CONTEXT((#8092))GLOBAL_UNIT_ASSIGNED_CONTEXT((#8091,#8088,#8090))REPRESENTATION_CONTEXT('','DKS-Basic_DukeDoks_Rear-Axis.stl'));
#8105=CARTESIAN_POINT('',(0.,0.,0.));
#8106=DIRECTION('',(0.,0.,1.));
#8107=DIRECTION('',(1.,0.,-0.));
#8108=AXIS2_PLACEMENT_3D('',#8105,#8106,#8107);
#8109=ITEM_DEFINED_TRANSFORMATION('','',#8108,#15);
#8110=(REPRESENTATION_RELATIONSHIP('','',#8095,#16)REPRESENTATION_RELATIONSHIP_WITH_TRANSFORMATION(#8109)SHAPE_REPRESENTATION_RELATIONSHIP());
#8111=NEXT_ASSEMBLY_USAGE_OCCURRENCE('DKS-Basic_DukeDoks_Rear-Axis.stl_8','DKS-Basic_DukeDoks_Rear-Axis.stl','DKS-Basic_DukeDoks_Rear-Axis.stl',#25,#8104,$);
#8112=PRODUCT_DEFINITION_SHAPE('','',#8111);
#8113=CONTEXT_DEPENDENT_SHAPE_REPRESENTATION(#8110,#8112);
#8095=SHAPE_REPRESENTATION('DKS-Basic_DukeDoks_Rear-Axis.stl',(#15),#8093);
#8114=CARTESIAN_POINT('',(0.,0.,0.));
#8115=DIRECTION('',(0.,0.,1.));
#8116=DIRECTION('',(1.,0.,0.));
#8117=AXIS2_PLACEMENT_3D('',#8114,#8115,#8116);
#8119=MAPPED_ITEM('',#8118,#8117);
#8118=REPRESENTATION_MAP(#8117,#8095);
#8103=PRODUCT('DKS-Basic_DukeDoks_Rear-Axis.stl','DKS-Basic_DukeDoks_Rear-Axis.stl','',(#4904));
#8120=PRODUCT_RELATED_PRODUCT_CATEGORY('part','',(#8103));
#8121=PRODUCT_DEFINITION_FORMATION_WITH_SPECIFIED_SOURCE('','',#8103,.NOT_KNOWN.);
#8104=PRODUCT_DEFINITION('design','',#8121,#4905);
#8102=PRODUCT_DEFINITION_SHAPE('','',#8104);
#8122=SHAPE_DEFINITION_REPRESENTATION(#8102,#8095);
#8094=DRAUGHTING_MODEL('',(#8119),#8093);
#8123=(NAMED_UNIT(*)PLANE_ANGLE_UNIT()SI_UNIT($,.RADIAN.));
#8124=PLANE_ANGLE_MEASURE_WITH_UNIT(PLANE_ANGLE_MEASURE(0.0174532925),#8123);
#8125=(CONVERSION_BASED_UNIT('DEGREE',#8124)NAMED_UNIT(#8126)PLANE_ANGLE_UNIT());
#8126=DIMENSIONAL_EXPONENTS(0.,0.,0.,0.,0.,0.,0.);
#8127=(NAMED_UNIT(*)SI_UNIT($,.STERADIAN.)SOLID_ANGLE_UNIT());
#8128=(LENGTH_UNIT()NAMED_UNIT(*)SI_UNIT(.MILLI.,.METRE.));
#8129=UNCERTAINTY_MEASURE_WITH_UNIT(LENGTH_MEASURE(1.000000E-03),#8128,'DISTANCE_ACCURACY_VALUE','Maximum Tolerance applied to model');
#8130=(GEOMETRIC_REPRESENTATION_CONTEXT(3)GLOBAL_UNCERTAINTY_ASSIGNED_CONTEXT((#8129))GLOBAL_UNIT_ASSIGNED_CONTEXT((#8128,#8125,#8127))REPRESENTATION_CONTEXT('','DKS-Basic_DukeDoks_Front-Bars-Lower.stl'));
#8142=CARTESIAN_POINT('',(0.,0.,0.));
#8143=DIRECTION('',(0.,0.,1.));
#8144=DIRECTION('',(1.,0.,-0.));
#8145=AXIS2_PLACEMENT_3D('',#8142,#8143,#8144);
#8146=ITEM_DEFINED_TRANSFORMATION('','',#8145,#15);
#8147=(REPRESENTATION_RELATIONSHIP('','',#8132,#16)REPRESENTATION_RELATIONSHIP_WITH_TRANSFORMATION(#8146)SHAPE_REPRESENTATION_RELATIONSHIP());
#8148=NEXT_ASSEMBLY_USAGE_OCCURRENCE('DKS-Basic_DukeDoks_Front-Bars-Lower.stl_9','DKS-Basic_DukeDoks_Front-Bars-Lower.stl','DKS-Basic_DukeDoks_Front-Bars-Lower.stl',#25,#8141,$);
#8149=PRODUCT_DEFINITION_SHAPE('','',#8148);
#8150=CONTEXT_DEPENDENT_SHAPE_REPRESENTATION(#8147,#8149);
#8132=SHAPE_REPRESENTATION('DKS-Basic_DukeDoks_Front-Bars-Lower.stl',(#15),#8130);
#8151=CARTESIAN_POINT('',(0.,0.,0.));
#8152=DIRECTION('',(0.,0.,1.));
#8153=DIRECTION('',(1.,0.,0.));
#8154=AXIS2_PLACEMENT_3D('',#8151,#8152,#8153);
#8156=MAPPED_ITEM('',#8155,#8154);
#8155=REPRESENTATION_MAP(#8154,#8132);
#8140=PRODUCT('DKS-Basic_DukeDoks_Front-Bars-Lower.stl','DKS-Basic_DukeDoks_Front-Bars-Lower.stl','',(#4904));
#8157=PRODUCT_RELATED_PRODUCT_CATEGORY('part','',(#8140));
#8158=PRODUCT_DEFINITION_FORMATION_WITH_SPECIFIED_SOURCE('','',#8140,.NOT_KNOWN.);
#8141=PRODUCT_DEFINITION('design','',#8158,#4905);
#8139=PRODUCT_DEFINITION_SHAPE('','',#8141);
#8159=SHAPE_DEFINITION_REPRESENTATION(#8139,#8132);
#8131=DRAUGHTING_MODEL('',(#8156),#8130);
#8160=(NAMED_UNIT(*)PLANE_ANGLE_UNIT()SI_UNIT($,.RADIAN.));
#8161=PLANE_ANGLE_MEASURE_WITH_UNIT(PLANE_ANGLE_MEASURE(0.0174532925),#8160);
#8162=(CONVERSION_BASED_UNIT('DEGREE',#8161)NAMED_UNIT(#8163)PLANE_ANGLE_UNIT());
#8163=DIMENSIONAL_EXPONENTS(0.,0.,0.,0.,0.,0.,0.);
#8164=(NAMED_UNIT(*)SI_UNIT($,.STERADIAN.)SOLID_ANGLE_UNIT());
#8165=(LENGTH_UNIT()NAMED_UNIT(*)SI_UNIT(.MILLI.,.METRE.));
#8166=UNCERTAINTY_MEASURE_WITH_UNIT(LENGTH_MEASURE(1.000000E-03),#8165,'DISTANCE_ACCURACY_VALUE','Maximum Tolerance applied to model');
#8167=(GEOMETRIC_REPRESENTATION_CONTEXT(3)GLOBAL_UNCERTAINTY_ASSIGNED_CONTEXT((#8166))GLOBAL_UNIT_ASSIGNED_CONTEXT((#8165,#8162,#8164))REPRESENTATION_CONTEXT('','DKS-Basic_DukeDoks_Clamp.stl'));
#8179=CARTESIAN_POINT('',(0.,0.,0.));
#8180=DIRECTION('',(0.,0.,1.));
#8181=DIRECTION('',(1.,0.,-0.));
#8182=AXIS2_PLACEMENT_3D('',#8179,#8180,#8181);
#8183=ITEM_DEFINED_TRANSFORMATION('','',#8182,#15);
#8184=(REPRESENTATION_RELATIONSHIP('','',#8169,#16)REPRESENTATION_RELATIONSHIP_WITH_TRANSFORMATION(#8183)SHAPE_REPRESENTATION_RELATIONSHIP());
#8185=NEXT_ASSEMBLY_USAGE_OCCURRENCE('DKS-Basic_DukeDoks_Clamp.stl_10','DKS-Basic_DukeDoks_Clamp.stl','DKS-Basic_DukeDoks_Clamp.stl',#25,#8178,$);
#8186=PRODUCT_DEFINITION_SHAPE('','',#8185);
#8187=CONTEXT_DEPENDENT_SHAPE_REPRESENTATION(#8184,#8186);
#8169=SHAPE_REPRESENTATION('DKS-Basic_DukeDoks_Clamp.stl',(#15),#8167);
#8188=CARTESIAN_POINT('',(0.,0.,0.));
#8189=DIRECTION('',(0.,0.,1.));
#8190=DIRECTION('',(1.,0.,0.));
#8191=AXIS2_PLACEMENT_3D('',#8188,#8189,#8190);
#8193=MAPPED_ITEM('',#8192,#8191);
#8192=REPRESENTATION_MAP(#8191,#8169);
#8177=PRODUCT('DKS-Basic_DukeDoks_Clamp.stl','DKS-Basic_DukeDoks_Clamp.stl','',(#4904));
#8194=PRODUCT_RELATED_PRODUCT_CATEGORY('part','',(#8177));
#8195=PRODUCT_DEFINITION_FORMATION_WITH_SPECIFIED_SOURCE('','',#8177,.NOT_KNOWN.);
#8178=PRODUCT_DEFINITION('design','',#8195,#4905);
#8176=PRODUCT_DEFINITION_SHAPE('','',#8178);
#8196=SHAPE_DEFINITION_REPRESENTATION(#8176,#8169);
#8168=DRAUGHTING_MODEL('',(#8193),#8167);
#8197=(NAMED_UNIT(*)PLANE_ANGLE_UNIT()SI_UNIT($,.RADIAN.));
#8198=PLANE_ANGLE_MEASURE_WITH_UNIT(PLANE_ANGLE_MEASURE(0.0174532925),#8197);
#8199=(CONVERSION_BASED_UNIT('DEGREE',#8198)NAMED_UNIT(#8200)PLANE_ANGLE_UNIT());
#8200=DIMENSIONAL_EXPONENTS(0.,0.,0.,0.,0.,0.,0.);
#8201=(NAMED_UNIT(*)SI_UNIT($,.STERADIAN.)SOLID_ANGLE_UNIT());
#8202=(LENGTH_UNIT()NAMED_UNIT(*)SI_UNIT(.MILLI.,.METRE.));
#8203=UNCERTAINTY_MEASURE_WITH_UNIT(LENGTH_MEASURE(1.000000E-03),#8202,'DISTANCE_ACCURACY_VALUE','Maximum Tolerance applied to model');
#8204=(GEOMETRIC_REPRESENTATION_CONTEXT(3)GLOBAL_UNCERTAINTY_ASSIGNED_CONTEXT((#8203))GLOBAL_UNIT_ASSIGNED_CONTEXT((#8202,#8199,#8201))REPRESENTATION_CONTEXT('','DKS-Basic_DukeDoks_Clamp-Case-Holder.stl'));
#8216=CARTESIAN_POINT('',(0.,0.,0.));
#8217=DIRECTION('',(0.,0.,1.));
#8218=DIRECTION('',(1.,0.,-0.));
#8219=AXIS2_PLACEMENT_3D('',#8216,#8217,#8218);
#8220=ITEM_DEFINED_TRANSFORMATION('','',#8219,#15);
#8221=(REPRESENTATION_RELATIONSHIP('','',#8206,#16)REPRESENTATION_RELATIONSHIP_WITH_TRANSFORMATION(#8220)SHAPE_REPRESENTATION_RELATIONSHIP());
#8222=NEXT_ASSEMBLY_USAGE_OCCURRENCE('DKS-Basic_DukeDoks_Clamp-Case-Holder.stl_11','DKS-Basic_DukeDoks_Clamp-Case-Holder.stl','DKS-Basic_DukeDoks_Clamp-Case-Holder.stl',#25,#8215,$);
#8223=PRODUCT_DEFINITION_SHAPE('','',#8222);
#8224=CONTEXT_DEPENDENT_SHAPE_REPRESENTATION(#8221,#8223);
#8206=SHAPE_REPRESENTATION('DKS-Basic_DukeDoks_Clamp-Case-Holder.stl',(#15),#8204);
#8225=CARTESIAN_POINT('',(0.,0.,0.));
#8226=DIRECTION('',(0.,0.,1.));
#8227=DIRECTION('',(1.,0.,0.));
#8228=AXIS2_PLACEMENT_3D('',#8225,#8226,#8227);
#8230=MAPPED_ITEM('',#8229,#8228);
#8229=REPRESENTATION_MAP(#8228,#8206);
#8214=PRODUCT('DKS-Basic_DukeDoks_Clamp-Case-Holder.stl','DKS-Basic_DukeDoks_Clamp-Case-Holder.stl','',(#4904));
#8231=PRODUCT_RELATED_PRODUCT_CATEGORY('part','',(#8214));
#8232=PRODUCT_DEFINITION_FORMATION_WITH_SPECIFIED_SOURCE('','',#8214,.NOT_KNOWN.);
#8215=PRODUCT_DEFINITION('design','',#8232,#4905);
#8213=PRODUCT_DEFINITION_SHAPE('','',#8215);
#8233=SHAPE_DEFINITION_REPRESENTATION(#8213,#8206);
#8205=DRAUGHTING_MODEL('',(#8230),#8204);
#8234=(NAMED_UNIT(*)PLANE_ANGLE_UNIT()SI_UNIT($,.RADIAN.));
#8235=PLANE_ANGLE_MEASURE_WITH_UNIT(PLANE_ANGLE_MEASURE(0.0174532925),#8234);
#8236=(CONVERSION_BASED_UNIT('DEGREE',#8235)NAMED_UNIT(#8237)PLANE_ANGLE_UNIT());
#8237=DIMENSIONAL_EXPONENTS(0.,0.,0.,0.,0.,0.,0.);
#8238=(NAMED_UNIT(*)SI_UNIT($,.STERADIAN.)SOLID_ANGLE_UNIT());
#8239=(LENGTH_UNIT()NAMED_UNIT(*)SI_UNIT(.MILLI.,.METRE.));
#8240=UNCERTAINTY_MEASURE_WITH_UNIT(LENGTH_MEASURE(1.000000E-03),#8239,'DISTANCE_ACCURACY_VALUE','Maximum Tolerance applied to model');
#8241=(GEOMETRIC_REPRESENTATION_CONTEXT(3)GLOBAL_UNCERTAINTY_ASSIGNED_CONTEXT((#8240))GLOBAL_UNIT_ASSIGNED_CONTEXT((#8239,#8236,#8238))REPRESENTATION_CONTEXT('','DKS-Basic_DukeDoks_Chassis-2_A.stl'));
#8253=CARTESIAN_POINT('',(0.,0.,0.));
#8254=DIRECTION('',(0.,0.,1.));
#8255=DIRECTION('',(1.,0.,-0.));
#8256=AXIS2_PLACEMENT_3D('',#8253,#8254,#8255);
#8257=ITEM_DEFINED_TRANSFORMATION('','',#8256,#15);
#8258=(REPRESENTATION_RELATIONSHIP('','',#8243,#16)REPRESENTATION_RELATIONSHIP_WITH_TRANSFORMATION(#8257)SHAPE_REPRESENTATION_RELATIONSHIP());
#8259=NEXT_ASSEMBLY_USAGE_OCCURRENCE('DKS-Basic_DukeDoks_Chassis-2_A.stl_12','DKS-Basic_DukeDoks_Chassis-2_A.stl','DKS-Basic_DukeDoks_Chassis-2_A.stl',#25,#8252,$);
#8260=PRODUCT_DEFINITION_SHAPE('','',#8259);
#8261=CONTEXT_DEPENDENT_SHAPE_REPRESENTATION(#8258,#8260);
#8243=SHAPE_REPRESENTATION('DKS-Basic_DukeDoks_Chassis-2_A.stl',(#15),#8241);
#8262=CARTESIAN_POINT('',(0.,0.,0.));
#8263=DIRECTION('',(0.,0.,1.));
#8264=DIRECTION('',(1.,0.,0.));
#8265=AXIS2_PLACEMENT_3D('',#8262,#8263,#8264);
#8267=MAPPED_ITEM('',#8266,#8265);
#8266=REPRESENTATION_MAP(#8265,#8243);
#8251=PRODUCT('DKS-Basic_DukeDoks_Chassis-2_A.stl','DKS-Basic_DukeDoks_Chassis-2_A.stl','',(#4904));
#8268=PRODUCT_RELATED_PRODUCT_CATEGORY('part','',(#8251));
#8269=PRODUCT_DEFINITION_FORMATION_WITH_SPECIFIED_SOURCE('','',#8251,.NOT_KNOWN.);
#8252=PRODUCT_DEFINITION('design','',#8269,#4905);
#8250=PRODUCT_DEFINITION_SHAPE('','',#8252);
#8270=SHAPE_DEFINITION_REPRESENTATION(#8250,#8243);
#8242=DRAUGHTING_MODEL('',(#8267),#8241);
#8271=(NAMED_UNIT(*)PLANE_ANGLE_UNIT()SI_UNIT($,.RADIAN.));
#8272=PLANE_ANGLE_MEASURE_WITH_UNIT(PLANE_ANGLE_MEASURE(0.0174532925),#8271);
#8273=(CONVERSION_BASED_UNIT('DEGREE',#8272)NAMED_UNIT(#8274)PLANE_ANGLE_UNIT());
#8274=DIMENSIONAL_EXPONENTS(0.,0.,0.,0.,0.,0.,0.);
#8275=(NAMED_UNIT(*)SI_UNIT($,.STERADIAN.)SOLID_ANGLE_UNIT());
#8276=(LENGTH_UNIT()NAMED_UNIT(*)SI_UNIT(.MILLI.,.METRE.));
#8277=UNCERTAINTY_MEASURE_WITH_UNIT(LENGTH_MEASURE(1.000000E-03),#8276,'DISTANCE_ACCURACY_VALUE','Maximum Tolerance applied to model');
#8278=(GEOMETRIC_REPRESENTATION_CONTEXT(3)GLOBAL_UNCERTAINTY_ASSIGNED_CONTEXT((#8277))GLOBAL_UNIT_ASSIGNED_CONTEXT((#8276,#8273,#8275))REPRESENTATION_CONTEXT('','DKS-Basic_DukeDoks_Bumper.stl'));
#8290=CARTESIAN_POINT('',(0.,0.,0.));
#8291=DIRECTION('',(0.,0.,1.));
#8292=DIRECTION('',(1.,0.,-0.));
#8293=AXIS2_PLACEMENT_3D('',#8290,#8291,#8292);
#8294=ITEM_DEFINED_TRANSFORMATION('','',#8293,#15);
#8295=(REPRESENTATION_RELATIONSHIP('','',#8280,#16)REPRESENTATION_RELATIONSHIP_WITH_TRANSFORMATION(#8294)SHAPE_REPRESENTATION_RELATIONSHIP());
#8296=NEXT_ASSEMBLY_USAGE_OCCURRENCE('DKS-Basic_DukeDoks_Bumper.stl_13','DKS-Basic_DukeDoks_Bumper.stl','DKS-Basic_DukeDoks_Bumper.stl',#25,#8289,$);
#8297=PRODUCT_DEFINITION_SHAPE('','',#8296);
#8298=CONTEXT_DEPENDENT_SHAPE_REPRESENTATION(#8295,#8297);
#8280=SHAPE_REPRESENTATION('DKS-Basic_DukeDoks_Bumper.stl',(#15),#8278);
#8299=CARTESIAN_POINT('',(0.,0.,0.));
#8300=DIRECTION('',(0.,0.,1.));
#8301=DIRECTION('',(1.,0.,0.));
#8302=AXIS2_PLACEMENT_3D('',#8299,#8300,#8301);
#8304=MAPPED_ITEM('',#8303,#8302);
#8303=REPRESENTATION_MAP(#8302,#8280);
#8288=PRODUCT('DKS-Basic_DukeDoks_Bumper.stl','DKS-Basic_DukeDoks_Bumper.stl','',(#4904));
#8305=PRODUCT_RELATED_PRODUCT_CATEGORY('part','',(#8288));
#8306=PRODUCT_DEFINITION_FORMATION_WITH_SPECIFIED_SOURCE('','',#8288,.NOT_KNOWN.);
#8289=PRODUCT_DEFINITION('design','',#8306,#4905);
#8287=PRODUCT_DEFINITION_SHAPE('','',#8289);
#8307=SHAPE_DEFINITION_REPRESENTATION(#8287,#8280);
#8279=DRAUGHTING_MODEL('',(#8304),#8278);
#8308=(NAMED_UNIT(*)PLANE_ANGLE_UNIT()SI_UNIT($,.RADIAN.));
#8309=PLANE_ANGLE_MEASURE_WITH_UNIT(PLANE_ANGLE_MEASURE(0.0174532925),#8308);
#8310=(CONVERSION_BASED_UNIT('DEGREE',#8309)NAMED_UNIT(#8311)PLANE_ANGLE_UNIT());
#8311=DIMENSIONAL_EXPONENTS(0.,0.,0.,0.,0.,0.,0.);
#8312=(NAMED_UNIT(*)SI_UNIT($,.STERADIAN.)SOLID_ANGLE_UNIT());
#8313=(LENGTH_UNIT()NAMED_UNIT(*)SI_UNIT(.MILLI.,.METRE.));
#8314=UNCERTAINTY_MEASURE_WITH_UNIT(LENGTH_MEASURE(1.000000E-03),#8313,'DISTANCE_ACCURACY_VALUE','Maximum Tolerance applied to model');
#8315=(GEOMETRIC_REPRESENTATION_CONTEXT(3)GLOBAL_UNCERTAINTY_ASSIGNED_CONTEXT((#8314))GLOBAL_UNIT_ASSIGNED_CONTEXT((#8313,#8310,#8312))REPRESENTATION_CONTEXT('','DKS-Basic_DukeDoks_Chassis-1.stl'));
#8327=CARTESIAN_POINT('',(0.,0.,0.));
#8328=DIRECTION('',(0.,0.,1.));
#8329=DIRECTION('',(1.,0.,-0.));
#8330=AXIS2_PLACEMENT_3D('',#8327,#8328,#8329);
#8331=ITEM_DEFINED_TRANSFORMATION('','',#8330,#15);
#8332=(REPRESENTATION_RELATIONSHIP('','',#8317,#16)REPRESENTATION_RELATIONSHIP_WITH_TRANSFORMATION(#8331)SHAPE_REPRESENTATION_RELATIONSHIP());
#8333=NEXT_ASSEMBLY_USAGE_OCCURRENCE('DKS-Basic_DukeDoks_Chassis-1.stl_14','DKS-Basic_DukeDoks_Chassis-1.stl','DKS-Basic_DukeDoks_Chassis-1.stl',#25,#8326,$);
#8334=PRODUCT_DEFINITION_SHAPE('','',#8333);
#8335=CONTEXT_DEPENDENT_SHAPE_REPRESENTATION(#8332,#8334);
#8317=SHAPE_REPRESENTATION('DKS-Basic_DukeDoks_Chassis-1.stl',(#15),#8315);
#8336=CARTESIAN_POINT('',(0.,0.,0.));
#8337=DIRECTION('',(0.,0.,1.));
#8338=DIRECTION('',(1.,0.,0.));
#8339=AXIS2_PLACEMENT_3D('',#8336,#8337,#8338);
#8341=MAPPED_ITEM('',#8340,#8339);
#8340=REPRESENTATION_MAP(#8339,#8317);
#8325=PRODUCT('DKS-Basic_DukeDoks_Chassis-1.stl','DKS-Basic_DukeDoks_Chassis-1.stl','',(#4904));
#8342=PRODUCT_RELATED_PRODUCT_CATEGORY('part','',(#8325));
#8343=PRODUCT_DEFINITION_FORMATION_WITH_SPECIFIED_SOURCE('','',#8325,.NOT_KNOWN.);
#8326=PRODUCT_DEFINITION('design','',#8343,#4905);
#8324=PRODUCT_DEFINITION_SHAPE('','',#8326);
#8344=SHAPE_DEFINITION_REPRESENTATION(#8324,#8317);
#8316=DRAUGHTING_MODEL('',(#8341),#8315);
#8345=(NAMED_UNIT(*)PLANE_ANGLE_UNIT()SI_UNIT($,.RADIAN.));
#8346=PLANE_ANGLE_MEASURE_WITH_UNIT(PLANE_ANGLE_MEASURE(0.0174532925),#8345);
#8347=(CONVERSION_BASED_UNIT('DEGREE',#8346)NAMED_UNIT(#8348)PLANE_ANGLE_UNIT());
#8348=DIMENSIONAL_EXPONENTS(0.,0.,0.,0.,0.,0.,0.);
#8349=(NAMED_UNIT(*)SI_UNIT($,.STERADIAN.)SOLID_ANGLE_UNIT());
#8350=(LENGTH_UNIT()NAMED_UNIT(*)SI_UNIT(.MILLI.,.METRE.));
#8351=UNCERTAINTY_MEASURE_WITH_UNIT(LENGTH_MEASURE(1.000000E-03),#8350,'DISTANCE_ACCURACY_VALUE','Maximum Tolerance applied to model');
#8352=(GEOMETRIC_REPRESENTATION_CONTEXT(3)GLOBAL_UNCERTAINTY_ASSIGNED_CONTEXT((#8351))GLOBAL_UNIT_ASSIGNED_CONTEXT((#8350,#8347,#8349))REPRESENTATION_CONTEXT('','DKS-Basic_DukeDoks_Body_R.stl'));
#8364=CARTESIAN_POINT('',(0.,0.,0.));
#8365=DIRECTION('',(0.,0.,1.));
#8366=DIRECTION('',(1.,0.,-0.));
#8367=AXIS2_PLACEMENT_3D('',#8364,#8365,#8366);
#8368=ITEM_DEFINED_TRANSFORMATION('','',#8367,#15);
#8369=(REPRESENTATION_RELATIONSHIP('','',#8354,#16)REPRESENTATION_RELATIONSHIP_WITH_TRANSFORMATION(#8368)SHAPE_REPRESENTATION_RELATIONSHIP());
#8370=NEXT_ASSEMBLY_USAGE_OCCURRENCE('DKS-Basic_DukeDoks_Body_R.stl_15','DKS-Basic_DukeDoks_Body_R.stl','DKS-Basic_DukeDoks_Body_R.stl',#25,#8363,$);
#8371=PRODUCT_DEFINITION_SHAPE('','',#8370);
#8372=CONTEXT_DEPENDENT_SHAPE_REPRESENTATION(#8369,#8371);
#8354=SHAPE_REPRESENTATION('DKS-Basic_DukeDoks_Body_R.stl',(#15),#8352);
#8373=CARTESIAN_POINT('',(0.,0.,0.));
#8374=DIRECTION('',(0.,0.,1.));
#8375=DIRECTION('',(1.,0.,0.));
#8376=AXIS2_PLACEMENT_3D('',#8373,#8374,#8375);
#8378=MAPPED_ITEM('',#8377,#8376);
#8377=REPRESENTATION_MAP(#8376,#8354);
#8362=PRODUCT('DKS-Basic_DukeDoks_Body_R.stl','DKS-Basic_DukeDoks_Body_R.stl','',(#4904));
#8379=PRODUCT_RELATED_PRODUCT_CATEGORY('part','',(#8362));
#8380=PRODUCT_DEFINITION_FORMATION_WITH_SPECIFIED_SOURCE('','',#8362,.NOT_KNOWN.);
#8363=PRODUCT_DEFINITION('design','',#8380,#4905);
#8361=PRODUCT_DEFINITION_SHAPE('','',#8363);
#8381=SHAPE_DEFINITION_REPRESENTATION(#8361,#8354);
#8353=DRAUGHTING_MODEL('',(#8378),#8352);
#8382=(NAMED_UNIT(*)PLANE_ANGLE_UNIT()SI_UNIT($,.RADIAN.));
#8383=PLANE_ANGLE_MEASURE_WITH_UNIT(PLANE_ANGLE_MEASURE(0.0174532925),#8382);
#8384=(CONVERSION_BASED_UNIT('DEGREE',#8383)NAMED_UNIT(#8385)PLANE_ANGLE_UNIT());
#8385=DIMENSIONAL_EXPONENTS(0.,0.,0.,0.,0.,0.,0.);
#8386=(NAMED_UNIT(*)SI_UNIT($,.STERADIAN.)SOLID_ANGLE_UNIT());
#8387=(LENGTH_UNIT()NAMED_UNIT(*)SI_UNIT(.MILLI.,.METRE.));
#8388=UNCERTAINTY_MEASURE_WITH_UNIT(LENGTH_MEASURE(1.000000E-03),#8387,'DISTANCE_ACCURACY_VALUE','Maximum Tolerance applied to model');
#8389=(GEOMETRIC_REPRESENTATION_CONTEXT(3)GLOBAL_UNCERTAINTY_ASSIGNED_CONTEXT((#8388))GLOBAL_UNIT_ASSIGNED_CONTEXT((#8387,#8384,#8386))REPRESENTATION_CONTEXT('','DKS-Basic_DukeDoks_Body_L.stl'));
#8401=CARTESIAN_POINT('',(0.,0.,0.));
#8402=DIRECTION('',(0.,0.,1.));
#8403=DIRECTION('',(1.,0.,-0.));
#8404=AXIS2_PLACEMENT_3D('',#8401,#8402,#8403);
#8405=ITEM_DEFINED_TRANSFORMATION('','',#8404,#15);
#8406=(REPRESENTATION_RELATIONSHIP('','',#8391,#16)REPRESENTATION_RELATIONSHIP_WITH_TRANSFORMATION(#8405)SHAPE_REPRESENTATION_RELATIONSHIP());
#8407=NEXT_ASSEMBLY_USAGE_OCCURRENCE('DKS-Basic_DukeDoks_Body_L.stl_16','DKS-Basic_DukeDoks_Body_L.stl','DKS-Basic_DukeDoks_Body_L.stl',#25,#8400,$);
#8408=PRODUCT_DEFINITION_SHAPE('','',#8407);
#8409=CONTEXT_DEPENDENT_SHAPE_REPRESENTATION(#8406,#8408);
#8391=SHAPE_REPRESENTATION('DKS-Basic_DukeDoks_Body_L.stl',(#15),#8389);
#8410=CARTESIAN_POINT('',(0.,0.,0.));
#8411=DIRECTION('',(0.,0.,1.));
#8412=DIRECTION('',(1.,0.,0.));
#8413=AXIS2_PLACEMENT_3D('',#8410,#8411,#8412);
#8415=MAPPED_ITEM('',#8414,#8413);
#8414=REPRESENTATION_MAP(#8413,#8391);
#8399=PRODUCT('DKS-Basic_DukeDoks_Body_L.stl','DKS-Basic_DukeDoks_Body_L.stl','',(#4904));
#8416=PRODUCT_RELATED_PRODUCT_CATEGORY('part','',(#8399));
#8417=PRODUCT_DEFINITION_FORMATION_WITH_SPECIFIED_SOURCE('','',#8399,.NOT_KNOWN.);
#8400=PRODUCT_DEFINITION('design','',#8417,#4905);
#8398=PRODUCT_DEFINITION_SHAPE('','',#8400);
#8418=SHAPE_DEFINITION_REPRESENTATION(#8398,#8391);
#8390=DRAUGHTING_MODEL('',(#8415),#8389);
#16=SHAPE_REPRESENTATION('root',(#15,#4890,#4931,#4968,#5005,#5042,#6560,#8071,#8108,#8145,#8182,#8219,#8256,#8293,#8330,#8367,#8404),#10);
#17=ADVANCED_BREP_SHAPE_REPRESENTATION('root',(#1388,#2758,#4867),#10);
#8426=SHAPE_REPRESENTATION_RELATIONSHIP('','',#16,#17);
#8427=CARTESIAN_POINT('',(0.,0.,0.));
#8428=DIRECTION('',(0.,0.,1.));
#8429=DIRECTION('',(1.,0.,0.));
#8430=AXIS2_PLACEMENT_3D('',#8427,#8428,#8429);
#8432=MAPPED_ITEM('',#8431,#8430);
#8431=REPRESENTATION_MAP(#8430,#16);
#24=PRODUCT('root','root','',(#4904));
#8433=PRODUCT_RELATED_PRODUCT_CATEGORY('part','',(#24));
#8434=PRODUCT_DEFINITION_FORMATION_WITH_SPECIFIED_SOURCE('','',#24,.NOT_KNOWN.);
#25=PRODUCT_DEFINITION('design','',#8434,#4905);
#23=PRODUCT_DEFINITION_SHAPE('','',#25);
#8435=SHAPE_DEFINITION_REPRESENTATION(#23,#16);
#11=DRAUGHTING_MODEL('',(#8432),#10);
#8436=DESCRIPTIVE_REPRESENTATION_ITEM('KEY','/Users/egekaygisizer/Library/Containers/com.shapr3d.shapr/Data/tmp/558E04B0-85D2-489F-A66E-09DE5C6AFCEB.tmp');
#8437=PROPERTY_DEFINITION('KEY','',#25);
#8438=REPRESENTATION('',(#8436),#10);
#8439=PROPERTY_DEFINITION_REPRESENTATION(#8437,#8438);
#8440=GENERAL_PROPERTY('','KEY','');
#8441=GENERAL_PROPERTY_ASSOCIATION('','',#8440,#8437);
#1=MECHANICAL_DESIGN_GEOMETRIC_PRESENTATION_REPRESENTATION('',(#26,#1396,#2759,#5048,#6566),#10);
ENDSEC;
END-ISO-10303-21;
